mutant,DMS_score,n_mut,ours_mm_8M,ours_wt_8M,proteingym_8M,ours_mm_35M,ours_wt_35M,proteingym_35M,ours_mm_150M,ours_wt_150M,proteingym_150M,ours_mm_650M,ours_wt_650M,proteingym_650M
A10C,3.29553,1,-4.25229,-8.33135,-4.25229,-4.96522,-8.68189,-4.96523,-5.96839,-9.19,-5.96839,-4.49928,-8.66009,-4.49928
A10D,1.13777,1,-4.07541,-6.80724,-4.07542,-2.07842,-5.40186,-2.07842,-4.95559,-8.36685,-4.95559,-1.72362,-5.57068,-1.72361
A10E,1.45082,1,-2.90167,-5.60745,-2.90168,-2.21602,-5.58405,-2.21602,-5.45168,-8.55022,-5.45168,-1.87382,-5.3871,-1.87382
A10F,3.02041,1,-1.58592,-5.30934,-1.58592,-4.73962,-8.45848,-4.73962,-6.6153,-10.0316,-6.61531,-5.59668,-9.40578,-5.59668
A10G,2.84128,1,-2.46343,-5.36796,-2.46343,-1.73029,-4.9772,-1.73029,-2.86607,-6.15727,-2.86607,-0.912475,-4.25885,-0.912474
A10H,0.972003,1,-3.09464,-6.30113,-3.09464,-3.10002,-6.41897,-3.10002,-5.49205,-8.11027,-5.49206,-2.92797,-7.04286,-2.92796
A10I,0.8,1,-0.731624,-4.36867,-0.731621,-3.6911,-7.47534,-3.69111,-4.49122,-7.94272,-4.49123,-4.78222,-8.35546,-4.78222
A10K,1.94099,1,-1.8628,-5.11902,-1.8628,-2.32978,-5.56862,-2.32979,-5.2967,-8.27747,-5.29671,-3.68845,-7.22744,-3.68845
A10L,3.78432,1,-0.475257,-3.8637,-0.475257,-3.08604,-6.66738,-3.08604,-4.67836,-7.53523,-4.67837,-4.23778,-7.96745,-4.23778
A10M,3.82056,1,-1.07059,-4.49739,-1.07058,-3.36123,-7.05157,-3.36123,-5.02275,-8.38745,-5.02275,-4.20358,-8.13018,-4.20358
A10N,1.17769,1,-2.36456,-5.49815,-2.36457,-2.11951,-5.37017,-2.11951,-3.70141,-7.66813,-3.70141,-1.95995,-6.47036,-1.95995
A10P,3.44609,1,-5.62548,-8.54287,-5.62548,-5.32558,-8.55455,-5.32558,-8.83648,-11.2985,-8.83648,-4.59259,-8.69764,-4.59259
A10Q,0.8,1,-1.9372,-5.07746,-1.9372,-2.12833,-5.55221,-2.12833,-4.92522,-7.91894,-4.92523,-2.6158,-6.16041,-2.61579
A10R,1.00427,1,-1.2652,-4.52863,-1.2652,-1.14483,-4.43054,-1.14483,-4.05577,-6.75959,-4.05578,-1.99878,-5.36433,-1.99878
A10S,0.8,1,-1.00019,-4.15081,-1.0002,-0.515747,-3.89012,-0.515748,-0.811898,-4.1609,-0.811896,0.275542,-4.04563,0.275538
A10T,0.8,1,-1.3356,-4.48424,-1.3356,-1.67546,-5.24263,-1.67546,-2.48437,-6.04727,-2.48437,-1.44816,-5.39548,-1.44816
A10V,0.800001,1,-1.02467,-4.54197,-1.02467,-2.9006,-6.64453,-2.9006,-3.919,-7.48441,-3.919,-3.9564,-7.58909,-3.9564
A10W,0.8,1,-3.78967,-7.33666,-3.78966,-5.51956,-9.36575,-5.51956,-7.71165,-10.8584,-7.71165,-7.65253,-11.8482,-7.65253
A10Y,0.8,1,-2.61551,-5.86756,-2.6155,-4.22966,-7.94257,-4.22966,-5.82825,-8.95599,-5.82825,-4.9138,-8.8109,-4.9138
A26C,3.81524,1,-2.33508,-6.06237,-2.33508,-2.29154,-5.82128,-2.29154,-2.78318,-6.52741,-2.78318,-5.09477,-8.73517,-5.09477
A26D,3.89119,1,-4.0533,-6.6641,-4.0533,-4.09538,-6.52322,-4.09538,-4.51331,-8.56996,-4.51331,-5.12298,-8.69791,-5.12298
A26E,3.93727,1,-3.63299,-6.14687,-3.63299,-3.57829,-6.563,-3.57829,-3.70215,-8.20806,-3.70215,-4.72214,-8.17864,-4.72214
A26F,3.80703,1,-0.531423,-4.12366,-0.531424,-0.416666,-3.94264,-0.416663,-0.78863,-5.44029,-0.788625,-5.56194,-8.30545,-5.56194
A26G,3.92609,1,-1.00511,-3.84341,-1.0051,-1.86916,-4.78366,-1.86916,-2.86461,-6.16529,-2.86461,-3.01784,-6.43215,-3.01784
A26H,3.85835,1,-1.70293,-4.85951,-1.70293,-2.12558,-5.01106,-2.12558,-3.53543,-7.72438,-3.53543,-4.8664,-8.23748,-4.86639
A26I,3.5694,1,-2.37151,-5.51447,-2.37152,-1.75134,-5.50017,-1.75133,1.64362,-2.74339,1.64363,-4.75967,-8.87743,-4.75968
A26K,0.828888,1,-2.75205,-5.29449,-2.75204,-1.78435,-4.62969,-1.78434,-4.17107,-8.14935,-4.17107,-5.10805,-9.41017,-5.10806
A26L,3.48307,1,-0.512811,-3.65421,-0.512813,0.19152,-3.19911,0.19152,2.97077,-2.0334,2.97077,-3.8866,-7.46675,-3.88661
A26M,3.88244,1,-1.73092,-4.69808,-1.73092,-1.17365,-4.70994,-1.17365,1.0098,-3.32534,1.0098,-3.32558,-7.1304,-3.32558
A26N,4.15635,1,-1.47172,-4.54056,-1.47172,-1.13084,-4.15414,-1.13084,-2.4959,-5.78426,-2.4959,-3.44724,-7.12331,-3.44724
A26P,0.855596,1,-6.53721,-9.14224,-6.53721,-6.61492,-9.90166,-6.61491,-6.37265,-9.81367,-6.37265,-7.37482,-10.4406,-7.37482
A26Q,3.86633,1,-2.09777,-4.95511,-2.09777,-1.83998,-5.10794,-1.83997,-2.7859,-7.33889,-2.7859,-2.61629,-6.74648,-2.61628
A26R,3.99478,1,-2.25911,-5.06541,-2.2591,-1.49434,-4.19984,-1.49433,-3.10901,-6.14281,-3.10902,-4.30076,-8.80135,-4.30077
A26S,3.90194,1,-0.849462,-3.93287,-0.849459,-1.07298,-3.95578,-1.07298,-1.46161,-4.58054,-1.46161,-1.55893,-4.85047,-1.55893
A26T,3.75644,1,-2.35518,-5.46479,-2.35518,-2.31839,-5.82717,-2.31839,-0.506003,-3.89438,-0.506001,-2.54988,-6.22795,-2.54988
A26V,3.93232,1,-2.35488,-5.48022,-2.35488,-2.32218,-6.15066,-2.32217,1.47601,-2.35382,1.476,-3.91963,-7.9616,-3.91963
A26W,2.01135,1,-1.6615,-5.5469,-1.66149,0.0248243,-3.97106,0.024833,-4.04952,-8.54575,-4.04952,-8.38223,-11.4332,-8.38223
A26Y,3.77819,1,0.0141492,-3.57432,0.0141497,0.00708163,-3.93903,0.00708675,-2.05924,-6.83242,-2.05924,-4.40536,-7.6673,-4.40537
A2C,3.90215,1,-3.55349,-6.90616,-3.55349,-3.35378,-7.18836,-3.35378,-4.33986,-7.43167,-4.33986,-3.47186,-6.66757,-3.47186
A2D,3.38464,1,0.286796,-2.75985,0.286795,-0.291286,-3.76311,-0.291287,-0.335375,-4.03186,-0.335371,-0.769819,-3.85603,-0.769812
A2E,2.01811,1,0.354265,-2.7382,0.354265,0.243207,-3.57947,0.243205,-0.141888,-4.32855,-0.141888,0.0550122,-2.70241,0.0550215
A2F,3.82268,1,-1.09453,-4.18456,-1.09454,-0.966353,-4.72916,-0.966353,-1.29987,-4.89829,-1.29987,-0.988426,-4.67629,-0.988426
A2G,3.86967,1,-0.913871,-3.93405,-0.913872,-1.15442,-4.84541,-1.15442,-2.26167,-5.72733,-2.26166,-2.26027,-5.2453,-2.26026
A2H,3.95275,1,-1.64144,-4.8428,-1.64144,-1.37525,-4.8731,-1.37525,-1.29327,-4.9586,-1.29328,-2.0655,-5.07042,-2.0655
A2I,4.12008,1,-0.164227,-3.2784,-0.164227,-0.732754,-4.29309,-0.732754,0.456227,-2.2515,0.456228,1.54912,-2.14343,1.54912
A2K,3.72732,1,-0.261937,-3.30919,-0.261937,-0.231858,-3.73384,-0.231858,-2.3912,-6.03944,-2.39121,-1.52144,-4.62151,-1.52143
A2L,3.8563,1,-0.0554409,-3.17837,-0.0554421,0.195266,-3.30597,0.195267,1.43126,-1.99826,1.43126,1.31749,-2.27347,1.31749
A2M,1.68646,1,-1.62675,-4.83672,-1.62675,-1.68008,-5.40451,-1.68008,-0.485245,-3.45354,-0.485245,0.595407,-3.48108,0.595406
A2N,3.92071,1,-0.0923061,-3.03161,-0.0923071,-0.628797,-4.29096,-0.628798,-0.450596,-3.93798,-0.450593,-0.616876,-3.55378,-0.616871
A2P,3.89374,1,-1.00225,-4.04444,-1.00225,-0.88948,-4.39065,-0.889479,-4.78383,-8.3119,-4.78383,-3.63419,-6.92992,-3.63419
A2Q,3.91435,1,-0.599111,-3.73634,-0.599111,-0.425214,-4.04858,-0.425214,-1.10301,-4.93796,-1.10301,-1.0328,-4.0965,-1.03279
A2R,3.78795,1,-0.3211,-3.35213,-0.321101,-0.197183,-3.6332,-0.197182,-2.63971,-6.38674,-2.63971,-0.943307,-3.98346,-0.943302
A2S,3.8159,1,0.0546191,-2.98276,0.0546184,-0.0661271,-3.5706,-0.0661266,-0.0605958,-3.04441,-0.0605917,-0.736035,-3.75726,-0.736034
A2T,3.92152,1,-0.411123,-3.59651,-0.411125,-0.552691,-4.18489,-0.552691,-0.928951,-4.14614,-0.928946,-1.00506,-4.24949,-1.00505
A2V,3.70605,1,-0.416507,-3.28338,-0.416506,-0.930047,-4.46857,-0.930047,0.0119822,-2.94164,0.0119829,0.883742,-2.60575,0.883744
A2W,3.94813,1,-3.25324,-6.55783,-3.25324,-3.23957,-6.91136,-3.23956,-4.42093,-7.77126,-4.42093,-3.25953,-6.5574,-3.25953
A2Y,3.89573,1,-1.56131,-4.72024,-1.56131,-1.61361,-5.43345,-1.61361,-2.25063,-6.14101,-2.25063,-1.9004,-5.08774,-1.9004
A38C,0.8,1,-2.46512,-6.10219,-2.46511,-3.17496,-6.57746,-3.17496,-3.02231,-6.58167,-3.02231,-2.19047,-5.67216,-2.19047
A38D,3.51784,1,-1.92594,-5.08094,-1.92594,-1.56599,-4.95392,-1.56599,-1.4837,-5.14859,-1.4837,-2.27057,-6.07846,-2.27058
A38E,3.87552,1,-1.23014,-4.30318,-1.23015,-1.92046,-5.31169,-1.92045,-2.01606,-5.6407,-2.01606,-2.17704,-5.63523,-2.17704
A38F,3.89691,1,-0.333735,-3.72348,-0.333734,-1.81129,-5.39257,-1.8113,-2.64125,-6.11485,-2.64125,-1.63787,-4.71047,-1.63787
A38G,3.91233,1,-1.51377,-4.7302,-1.51378,-1.73782,-5.2078,-1.73781,-0.81174,-4.2634,-0.811741,-1.13079,-4.68894,-1.13079
A38H,3.77799,1,-1.76985,-4.99564,-1.76985,-2.09395,-5.57233,-2.09395,-2.16054,-5.81113,-2.16054,-1.29542,-4.93156,-1.29543
A38I,1.81514,1,0.705239,-2.8917,0.70524,-0.317382,-3.8894,-0.317385,-1.86295,-5.3601,-1.86295,-0.766837,-4.00216,-0.766838
A38K,3.78182,1,-0.0105,-3.3484,-0.0105021,-0.128888,-3.74427,-0.128887,-0.898278,-4.50793,-0.898278,0.690947,-3.17993,0.690944
A38L,2.02275,1,0.699594,-2.7684,0.699595,0.247219,-3.43834,0.247216,-1.40751,-4.83163,-1.40751,0.065238,-3.16624,0.0652373
A38M,2.97113,1,-0.878895,-4.36672,-0.878896,-1.59058,-5.31948,-1.59059,-2.59483,-6.00747,-2.59483,-2.03122,-5.14121,-2.03122
A38N,3.9186,1,-1.61489,-4.92412,-1.61489,-1.39896,-4.99752,-1.39896,-1.32304,-4.93036,-1.32304,-0.892118,-4.4253,-0.892122
A38P,3.76243,1,-1.31772,-4.66668,-1.31773,-0.605381,-3.84889,-0.605376,-0.721126,-4.48924,-0.72113,-1.57423,-5.19609,-1.57424
A38Q,2.79187,1,-1.03505,-4.26881,-1.03505,-1.05358,-4.48963,-1.05358,-1.52363,-5.16629,-1.52363,0.0694213,-3.52065,0.0694163
A38R,3.72265,1,0.178168,-3.15316,0.178168,0.389919,-3.03657,0.389919,-0.673883,-4.33729,-0.673882,1.54077,-2.56639,1.54076
A38S,3.76508,1,-0.884295,-4.22578,-0.884297,-0.263093,-3.74744,-0.263091,-0.325094,-3.79674,-0.325095,0.0446558,-3.27746,0.0446546
A38T,0.8,1,-1.13678,-4.40225,-1.13679,-0.822951,-4.1469,-0.82295,-0.917669,-4.45144,-0.91767,-0.118905,-3.11581,-0.118906
A38V,1.1998,1,0.415068,-3.09496,0.415069,-0.433729,-3.88,-0.433731,-1.27765,-4.83622,-1.27766,-0.647121,-3.98648,-0.647123
A38W,3.72592,1,-2.71833,-6.1435,-2.71833,-3.46608,-7.12319,-3.46608,-4.32903,-7.62359,-4.32903,-3.53557,-7.00921,-3.53558
A38Y,3.30457,1,-0.840654,-4.27219,-0.840652,-1.86154,-5.44963,-1.86154,-2.4943,-5.99841,-2.4943,-1.95635,-5.11657,-1.95635
A50C,3.59469,1,-3.72272,-7.38233,-3.72272,-3.42676,-7.16424,-3.42676,-3.41199,-6.8823,-3.41199,-3.29823,-6.68293,-3.29823
A50D,3.94731,1,0.429766,-3.2565,0.429764,-0.0832083,-3.7643,-0.0832086,-0.965356,-4.3691,-0.965357,0.0801187,-3.47836,0.0801187
A50E,3.94494,1,0.891145,-2.7929,0.891144,0.702968,-2.92809,0.702969,-0.513788,-4.04715,-0.513788,0.244285,-3.20891,0.244282
A50F,2.61166,1,-2.14342,-5.84494,-2.14343,-1.8394,-5.50692,-1.83941,-3.15063,-6.52227,-3.15063,-1.78515,-5.19567,-1.78514
A50G,2.48642,1,-0.536998,-3.97145,-0.536998,-0.370585,-4.05666,-0.370585,-0.762201,-4.15212,-0.762201,-0.911457,-4.14669,-0.911457
A50H,3.50603,1,-0.750443,-4.48995,-0.750443,-1.17134,-4.7816,-1.17135,-1.22685,-4.65884,-1.22685,-0.862288,-4.16214,-0.862289
A50I,3.80896,1,-1.10489,-4.71047,-1.10489,-1.64702,-5.20627,-1.64701,-1.74842,-5.34007,-1.74842,-1.00309,-4.56901,-1.00309
A50K,3.16382,1,1.36208,-2.42769,1.36208,0.281388,-3.53501,0.281388,0.0502534,-3.58948,0.050252,-0.972782,-4.41463,-0.972783
A50L,3.95077,1,-0.483182,-4.06662,-0.483184,-0.804588,-4.28798,-0.804587,-0.770404,-4.33016,-0.770406,-0.397436,-3.96806,-0.397437
A50M,4.14455,1,-1.75935,-5.35924,-1.75935,-2.27323,-5.93715,-2.27323,-2.73098,-6.24727,-2.73098,-1.95158,-5.50973,-1.95158
A50N,3.07856,1,0.0815587,-3.76846,0.0815578,-0.685026,-4.54653,-0.685027,-0.743348,-4.33648,-0.743349,-0.483439,-4.07176,-0.483442
A50P,1.01903,1,-3.70217,-6.73964,-3.70217,-4.21379,-7.83062,-4.21378,-5.67973,-8.75926,-5.67973,-5.29182,-8.30836,-5.29181
A50Q,3.83901,1,0.53186,-3.13502,0.531861,-0.120699,-3.8245,-0.120699,-0.0811868,-3.64885,-0.0811872,-0.00820875,-3.35171,-0.00820947
A50R,3.07544,1,1.1757,-2.47131,1.1757,0.607574,-2.90096,0.607574,0.0878417,-3.30504,0.0878401,-0.483333,-3.80327,-0.483333
A50S,3.65044,1,0.194706,-3.41575,0.194707,0.198893,-3.50763,0.198892,-0.385901,-3.83162,-0.385902,-0.143331,-3.60333,-0.143333
A50T,3.66843,1,-0.270534,-3.81253,-0.270535,-0.560873,-4.27893,-0.560874,-0.503139,-3.91856,-0.50314,-0.488803,-3.77609,-0.488805
A50V,3.71325,1,-0.756605,-4.18501,-0.756607,-1.38919,-4.84739,-1.38919,-1.28402,-4.71852,-1.28402,-0.888238,-4.25124,-0.888239
A50W,2.31393,1,-3.70909,-7.38985,-3.70909,-2.91702,-6.74778,-2.91702,-5.4006,-8.55559,-5.4006,-3.75914,-7.21226,-3.75914
A50Y,2.06364,1,-1.78754,-5.53205,-1.78754,-1.79695,-5.57427,-1.79696,-3.10918,-6.56901,-3.10918,-1.96914,-5.48718,-1.96914
C48A,3.93528,1,1.1354,-1.83907,1.13541,2.01986,-0.434554,2.01986,1.86425,-1.79142,1.86425,-1.08293,-3.71572,-1.08292
C48D,1.26965,1,-2.30204,-4.84085,-2.30203,-2.86669,-5.21899,-2.8667,-3.2586,-6.75878,-3.2586,-6.66348,-9.70726,-6.66348
C48E,2.29515,1,-1.35757,-4.12989,-1.35756,-0.0293908,-3.06104,-0.0294065,-2.73539,-5.77063,-2.73539,-5.2744,-8.51254,-5.27441
C48F,0.8,1,0.639963,-2.24988,0.639969,-2.36701,-4.2329,-2.36701,0.228094,-2.92698,0.228096,-3.91338,-7.63715,-3.91338
C48G,3.94593,1,-0.851964,-3.67874,-0.851959,-0.383121,-2.42374,-0.383117,-0.501778,-4.46544,-0.501781,-4.49698,-7.13395,-4.49698
C48H,1.33745,1,-2.56279,-5.25022,-2.56279,-3.53506,-5.7566,-3.53507,-2.62805,-5.81014,-2.62805,-6.38423,-9.92011,-6.38423
C48I,2.42664,1,2.74153,0.101282,2.74153,1.15545,-1.03859,1.15545,4.05053,0.715588,4.05053,-0.231545,-3.90516,-0.231542
C48K,1.56747,1,-2.77226,-5.37543,-2.77225,-3.22318,-5.67428,-3.22319,-2.68302,-6.04505,-2.68302,-5.01649,-8.15046,-5.01649
C48L,0.8,1,3.30238,0.275128,3.30239,1.31471,-0.959275,1.31471,3.14079,0.355033,3.1408,-0.119423,-4.45689,-0.119419
C48M,3.01201,1,2.70251,-0.237993,2.70251,0.338478,-1.70189,0.338479,6.85585,3.8906,6.85585,0.353526,-3.73825,0.353531
C48N,1.58159,1,-1.77179,-4.66438,-1.77178,-0.870397,-2.83352,-0.870403,-1.10282,-4.58354,-1.10282,-4.81477,-7.65449,-4.81476
C48P,0.947165,1,-4.85267,-7.28137,-4.85267,-5.52422,-7.45549,-5.52422,-2.70963,-6.13034,-2.70963,-6.64242,-10.4953,-6.64242
C48Q,0.996692,1,-0.527961,-3.19458,-0.527958,-0.229091,-2.78262,-0.2291,-0.639989,-3.63414,-0.639986,-3.51581,-7.28754,-3.51582
C48R,1.07857,1,-2.73314,-5.27062,-2.73313,-3.30676,-5.49814,-3.30677,-2.84724,-6.5053,-2.84724,-5.17451,-8.73161,-5.17451
C48S,2.81104,1,0.799428,-2.06634,0.799432,1.3536,-1.03784,1.3536,1.22451,-2.59737,1.2245,-1.6367,-4.30486,-1.63669
C48T,3.16137,1,1.0579,-1.99983,1.05791,1.25803,-1.10128,1.25802,1.53389,-1.78706,1.53389,-1.70035,-4.5745,-1.70034
C48V,1.50034,1,1.50948,-1.29306,1.50948,0.672543,-1.58134,0.672541,1.92287,-1.40809,1.92287,-2.19024,-5.53755,-2.19024
C48W,1.59466,1,-3.0362,-6.10228,-3.0362,-5.51363,-7.18485,-5.51363,-4.71693,-7.69292,-4.71692,-6.89322,-10.6405,-6.89322
C48Y,3.26806,1,-1.36927,-4.0288,-1.36926,-3.3478,-5.36781,-3.3478,-2.15908,-5.22544,-2.15908,-5.69911,-9.00077,-5.69911
D15A,0.800007,1,-2.10661,-3.91214,-2.10661,-2.36831,-5.90321,-2.36831,-7.77213,-9.93925,-7.77213,-6.7387,-9.4441,-6.7387
D15C,1.00269,1,-5.10474,-6.93387,-5.10474,-5.57135,-8.90256,-5.57135,-10.4703,-12.0866,-10.4703,-11.0121,-14.0034,-11.0121
D15E,0.959007,1,2.30736,-1.20943,2.30735,1.39652,-2.85935,1.39652,-5.11083,-8.11087,-5.11083,-5.29842,-8.63168,-5.29841
D15F,1.79739,1,-3.02034,-4.48684,-3.02034,-5.60284,-8.94077,-5.60284,-10.5038,-11.5675,-10.5038,-12.4894,-14.649,-12.4894
D15G,0.925783,1,-3.32191,-5.31423,-3.32191,-2.90402,-6.53456,-2.90402,-7.01248,-9.15739,-7.01248,-5.90356,-8.94947,-5.90355
D15H,1.61799,1,-2.09996,-3.59068,-2.09996,-3.27026,-6.85075,-3.27026,-7.99066,-9.61043,-7.99066,-8.363,-10.5667,-8.363
D15I,1.05746,1,-2.67985,-4.4719,-2.67985,-4.97625,-8.35111,-4.97625,-11.1236,-12.8538,-11.1236,-11.6811,-13.8436,-11.6811
D15K,4.23364,1,-1.91238,-3.87329,-1.91239,-3.38067,-6.69003,-3.38067,-9.07411,-10.7642,-9.0741,-10.0585,-12.603,-10.0585
D15L,0.8,1,-1.61845,-3.14613,-1.61845,-4.15794,-7.64557,-4.15794,-9.98593,-11.1781,-9.98593,-12.5445,-14.5248,-12.5445
D15M,1.65005,1,-2.48376,-4.28137,-2.48376,-4.51235,-8.39716,-4.51234,-10.6494,-12.1539,-10.6494,-12.3424,-14.4783,-12.3424
D15N,0.8,1,-2.09519,-3.77655,-2.09519,-2.27487,-5.62501,-2.27487,-6.53671,-8.06419,-6.5367,-5.33937,-7.75025,-5.33936
D15P,0.800001,1,-5.87776,-7.43329,-5.87776,-6.8256,-8.21415,-6.8256,-10.8253,-12.5937,-10.8253,-11.3526,-13.4812,-11.3525
D15Q,0.8,1,0.965921,-2.13361,0.965921,-1.05376,-5.36924,-1.05375,-8.52082,-10.5639,-8.52082,-10.4831,-12.7547,-10.4831
D15R,0.829745,1,-0.961143,-2.69236,-0.961148,-3.47354,-6.64027,-3.47354,-8.85362,-10.2404,-8.85361,-10.3394,-12.7594,-10.3394
D15S,0.8,1,-2.63158,-4.45841,-2.63158,-2.32192,-5.51758,-2.32192,-8.24621,-9.98577,-8.24621,-8.17105,-10.8937,-8.17104
D15T,0.92463,1,-3.00135,-4.87842,-3.00135,-3.73058,-7.15235,-3.73058,-9.03739,-10.6187,-9.03739,-9.49439,-12.2166,-9.49438
D15V,1.01455,1,-2.71237,-4.48322,-2.71237,-4.51485,-8.0207,-4.51485,-9.17288,-11.3839,-9.17288,-8.89767,-11.1716,-8.89767
D15W,0.8,1,-4.25502,-5.60715,-4.25501,-6.93499,-10.3988,-6.93498,-11.7345,-13.6123,-11.7345,-13.4828,-15.4335,-13.4828
D15Y,0.8,1,-2.6565,-4.38002,-2.6565,-4.74492,-8.3046,-4.74492,-9.06537,-10.6887,-9.06537,-9.03317,-11.0985,-9.03317
D34A,3.93928,1,-0.693762,-3.97543,-0.693766,-1.22121,-3.58589,-1.22121,-0.789144,-4.06937,-0.789145,-0.890773,-4.45054,-0.890776
D34C,3.7948,1,-2.66589,-5.72898,-2.66589,-3.36169,-5.58791,-3.36169,-3.01418,-6.57763,-3.01418,-3.19117,-6.63122,-3.19118
D34E,3.79714,1,-0.0248961,-3.58196,-0.0248957,-0.593254,-3.45002,-0.593254,-0.442042,-3.72517,-0.442043,-0.727343,-4.02159,-0.727342
D34F,3.7897,1,-1.32639,-4.17846,-1.32639,-2.6987,-4.37085,-2.6987,-2.49383,-5.97186,-2.49383,-3.52014,-7.02864,-3.52014
D34G,3.66703,1,-0.0169489,-3.15066,-0.0169501,-0.314304,-3.12077,-0.314306,-0.0541563,-3.24389,-0.0541563,0.103949,-3.81475,0.103944
D34H,3.93498,1,-1.35519,-4.45499,-1.35519,-1.57372,-3.89281,-1.57372,-0.791439,-4.26348,-0.79144,-1.06541,-4.87175,-1.06541
D34I,3.91944,1,-0.850223,-3.82667,-0.85023,-3.02248,-4.87677,-3.02248,-2.92537,-6.52078,-2.92537,-3.74453,-6.85364,-3.74453
D34K,3.92034,1,-0.31082,-3.83087,-0.310821,-0.897119,-3.43683,-0.897118,-0.672772,-3.54687,-0.672772,-1.07079,-4.46276,-1.07079
D34L,3.76977,1,-0.908228,-3.62004,-0.908233,-2.3801,-4.0737,-2.3801,-2.34091,-5.64423,-2.34091,-2.37273,-5.74001,-2.37274
D34M,3.90823,1,-2.07727,-4.86984,-2.07727,-3.41366,-5.33254,-3.41366,-2.90613,-6.07946,-2.90613,-3.38728,-6.72009,-3.38728
D34N,3.82483,1,-0.440611,-3.7319,-0.440612,-0.737675,-3.561,-0.737675,-0.423712,-3.88225,-0.423712,-0.413781,-3.86888,-0.413781
D34P,3.88975,1,-0.288971,-4.22604,-0.288974,-0.558821,-3.56397,-0.558818,-0.0550957,-3.14673,-0.0550966,0.548634,-2.9916,0.548634
D34Q,3.90635,1,-0.93952,-4.3401,-0.93952,-1.42276,-3.9948,-1.42276,-0.738132,-4.00092,-0.738132,-0.926696,-4.49651,-0.926695
D34R,3.90628,1,-0.859146,-4.34317,-0.859147,-1.54873,-3.84624,-1.54873,-1.2294,-3.97652,-1.2294,-1.89259,-5.32923,-1.89259
D34S,3.89225,1,-0.381928,-3.67557,-0.38193,-0.801258,-3.29931,-0.801258,-0.350162,-3.6465,-0.350162,-0.215893,-3.7645,-0.215895
D34T,3.95647,1,-0.866981,-4.14591,-0.866984,-1.63021,-4.05344,-1.63021,-1.14897,-4.42117,-1.14897,-1.38068,-4.7566,-1.38068
D34V,3.8873,1,-0.920707,-4.00836,-0.920713,-2.55164,-4.57829,-2.55164,-2.06837,-5.57176,-2.06838,-2.88025,-6.2681,-2.88026
D34W,3.89665,1,-3.29537,-6.06054,-3.29537,-3.40808,-4.848,-3.40807,-4.30018,-7.73688,-4.30018,-5.53168,-9.01032,-5.53168
D34Y,3.85328,1,-0.554516,-3.24323,-0.554524,-1.44765,-3.27986,-1.44764,-1.41355,-4.86777,-1.41355,-2.28315,-5.92672,-2.28315
D3A,2.22154,1,-0.222017,-3.35037,-0.222014,0.501523,-2.89789,0.501525,-1.16306,-4.12398,-1.16306,0.446343,-2.78945,0.44634
D3C,3.6962,1,-4.63861,-7.19998,-4.63861,-3.90249,-7.25561,-3.90249,-6.12423,-8.93979,-6.12424,-3.09358,-6.2672,-3.09358
D3E,3.17909,1,0.413573,-3.07283,0.413571,0.739005,-2.765,0.739004,0.472919,-2.91391,0.472918,1.56536,-1.91474,1.56536
D3F,3.82081,1,-1.44676,-4.42905,-1.44676,-2.25328,-5.74748,-2.25328,-4.69063,-7.50356,-4.69063,-2.32781,-5.59466,-2.32781
D3G,3.07941,1,-1.30921,-4.23782,-1.30921,-0.862354,-4.21644,-0.86235,-2.80362,-5.78027,-2.80362,-1.34787,-4.5286,-1.34787
D3H,2.59948,1,-1.61242,-4.88799,-1.61242,-1.19145,-4.65068,-1.19145,-1.28579,-4.45335,-1.28579,-0.0629101,-3.42092,-0.062912
D3I,3.82438,1,-1.02313,-3.82213,-1.02313,-1.27515,-4.78232,-1.27515,-3.85382,-6.7473,-3.85383,-1.51686,-4.6509,-1.51686
D3K,2.73529,1,-0.0210078,-3.31086,-0.0210047,0.177271,-3.21131,0.17727,-0.600147,-3.87508,-0.600151,1.22684,-2.03947,1.22684
D3L,3.85501,1,-0.433195,-3.16686,-0.433189,-0.496026,-4.01269,-0.496022,-3.1244,-6.10999,-3.1244,-1.15819,-4.30573,-1.15819
D3M,3.84599,1,-1.80718,-4.57017,-1.80718,-2.0676,-5.63109,-2.06759,-4.00593,-7.13783,-4.00593,-2.19923,-5.34042,-2.19923
D3N,3.09566,1,-0.612031,-3.79336,-0.612029,-0.642154,-4.06625,-0.642154,-0.609466,-4.12159,-0.609468,0.184998,-3.16436,0.184998
D3P,3.79754,1,-1.84089,-4.79557,-1.84089,-1.50285,-4.79897,-1.50285,-6.03418,-8.66913,-6.03418,-2.83282,-5.97158,-2.83282
D3Q,2.90929,1,-0.304044,-3.44464,-0.304041,0.0335636,-3.46427,0.0335629,-0.693449,-3.95793,-0.693451,1.05927,-2.12536,1.05927
D3R,3.12401,1,0.0433848,-3.20707,0.0433891,0.289239,-3.01251,0.289238,-0.554099,-3.77721,-0.554102,1.65582,-1.6264,1.65582
D3S,2.52594,1,-0.549024,-3.60172,-0.549021,-0.1886,-3.53695,-0.188599,-1.52787,-4.78626,-1.52787,-0.216017,-3.43776,-0.216018
D3T,3.31244,1,-0.91731,-3.96974,-0.917306,-0.665074,-4.03589,-0.665073,-2.19217,-5.46204,-2.19218,-0.642755,-3.86799,-0.642755
D3V,3.61731,1,-1.12713,-3.88896,-1.12713,-1.04902,-4.45236,-1.04902,-3.20772,-6.03082,-3.20772,-1.58235,-4.67414,-1.58235
D3W,3.93215,1,-3.48835,-6.25782,-3.48835,-3.95419,-7.35487,-3.95419,-6.67925,-9.52038,-6.67925,-3.62705,-6.88894,-3.62705
D3Y,3.80163,1,-1.76985,-4.78041,-1.76985,-2.32042,-5.78218,-2.32042,-3.78281,-6.60534,-3.78281,-1.67544,-4.87518,-1.67544
D44A,3.88599,1,-0.464961,-3.17316,-0.46495,-2.29005,-5.6639,-2.29005,-5.66766,-8.36231,-5.66767,-6.18639,-9.22274,-6.18639
D44C,3.92748,1,-2.20569,-4.57494,-2.20567,-4.68677,-7.53428,-4.68677,-7.30219,-9.92276,-7.3022,-8.30629,-11.6143,-8.30629
D44E,3.83717,1,1.33328,-2.29058,1.33328,0.379845,-4.23692,0.379855,-1.80764,-5.59663,-1.80764,-3.14847,-6.6402,-3.14847
D44F,2.15454,1,-3.09088,-5.36718,-3.09087,-4.04922,-8.08248,-4.04921,-9.29107,-11.5319,-9.29108,-9.36488,-12.5372,-9.36487
D44G,3.87282,1,-1.57369,-4.36324,-1.57368,-2.56954,-6.25409,-2.56954,-5.77394,-8.91806,-5.77395,-4.46332,-8.09479,-4.46332
D44H,3.87425,1,-1.16712,-4.18365,-1.16711,-2.00019,-6.56173,-2.00019,-5.1182,-7.70682,-5.11821,-5.11585,-8.91183,-5.11585
D44I,3.85041,1,-1.86486,-4.35705,-1.86485,-3.04387,-6.70288,-3.04386,-8.08842,-10.9607,-8.08843,-8.93702,-13.2017,-8.93702
D44K,2.75368,1,-0.232654,-3.65905,-0.232641,-2.98443,-7.99595,-2.98443,-7.13407,-10.1067,-7.13408,-6.88174,-10.8083,-6.88173
D44L,3.70968,1,-1.23995,-3.60999,-1.23994,-2.91567,-6.75683,-2.91566,-7.16147,-9.20823,-7.16148,-7.90147,-11.5187,-7.90146
D44N,1.73098,1,-0.812002,-3.79894,-0.811993,-1.91051,-6.22138,-1.9105,-3.886,-6.618,-3.88601,-1.87241,-5.71074,-1.87242
D44P,1.42633,1,-4.46792,-7.52034,-4.4679,-6.32034,-11.357,-6.32034,-7.03106,-10.0034,-7.03107,-9.08129,-12.2677,-9.08128
D44Q,0.842586,1,0.975036,-2.46229,0.975052,-0.751,-5.52067,-0.750995,-3.89788,-6.10774,-3.89788,-4.24382,-8.25138,-4.24382
D44R,2.90026,1,0.440327,-3.14884,0.440343,-2.16466,-7.08822,-2.16466,-6.75608,-9.20952,-6.75609,-6.84723,-10.7491,-6.84723
D44S,3.94463,1,-0.120769,-3.03072,-0.120759,-1.31414,-4.73135,-1.31414,-4.45258,-6.86703,-4.45259,-4.35659,-7.54563,-4.35659
D44T,3.83076,1,-1.21681,-3.98501,-1.2168,-2.27253,-6.29872,-2.27253,-5.81568,-8.0416,-5.81569,-7.80931,-11.487,-7.80931
D44V,3.70927,1,-1.96686,-4.48127,-1.96684,-3.55365,-7.3523,-3.55364,-7.50405,-10.4883,-7.50406,-8.95222,-12.6875,-8.95222
D44W,2.61355,1,-4.64192,-6.87133,-4.64191,-5.29612,-8.19596,-5.29611,-10.3088,-12.2873,-10.3088,-10.4888,-14.8185,-10.4888
D44Y,3.71109,1,-1.80971,-4.53636,-1.8097,-2.76297,-7.2694,-2.76297,-7.7669,-10.0589,-7.76691,-5.66215,-9.18588,-5.66215
D4A,3.87619,1,-0.810673,-3.71949,-0.810672,1.34328,-2.05812,1.34328,0.350205,-2.79433,0.350197,0.683474,-2.85462,0.683471
D4C,3.90773,1,-4.14192,-7.3855,-4.14192,-2.56361,-6.09758,-2.56361,-4.7594,-7.6481,-4.75941,-2.93959,-6.0389,-2.93959
D4E,3.77627,1,1.24984,-2.18019,1.24984,0.845516,-2.49291,0.845517,1.06893,-2.40736,1.06892,0.714352,-2.04285,0.714355
D4F,3.6814,1,-1.33123,-4.66865,-1.33123,0.130044,-3.77308,0.130045,-3.01096,-5.5108,-3.01096,-0.134877,-2.84943,-0.134881
D4G,3.82231,1,-2.02732,-4.92939,-2.02732,-0.744073,-4.13334,-0.744074,-1.81986,-5.22239,-1.81987,-0.485313,-3.60693,-0.485312
D4H,3.92781,1,-1.82034,-4.9761,-1.82034,-1.0236,-4.36261,-1.0236,-2.29228,-5.54654,-2.29228,-0.873506,-4.13141,-0.873506
D4I,3.87573,1,-0.587718,-3.85225,-0.587718,0.638542,-3.09848,0.63854,-2.21713,-5.26923,-2.21713,0.201839,-3.07809,0.201835
D4K,3.86128,1,-1.09706,-4.01389,-1.09706,-0.115788,-3.28169,-0.115785,-1.19464,-4.49752,-1.19464,-0.204257,-3.34864,-0.204256
D4L,3.86201,1,0.579062,-2.61258,0.579064,1.41082,-2.37198,1.41082,-1.82089,-4.95873,-1.8209,0.790633,-2.00665,0.79063
D4M,4.04118,1,-0.667125,-4.22138,-0.667125,0.415411,-3.58115,0.41541,-2.07513,-5.29304,-2.07514,0.045428,-2.9114,0.0454245
D4N,3.81558,1,-0.86838,-4.00552,-0.868378,-0.386575,-3.7226,-0.386574,-0.349001,-3.88842,-0.349,1.46786,-2.47234,1.46786
D4P,3.90488,1,-2.95907,-5.50736,-2.95907,-0.817198,-4.05198,-0.817198,-5.91604,-9.25758,-5.91604,-3.59255,-6.59152,-3.59255
D4Q,3.85596,1,0.189147,-3.0833,0.189149,0.456254,-2.83498,0.456255,0.382861,-3.14208,0.382862,1.15478,-1.77108,1.15478
D4R,3.85728,1,-1.0995,-3.84078,-1.0995,0.0872526,-3.0499,0.0872562,-1.24047,-4.26323,-1.24047,-0.255985,-3.28308,-0.255985
D4S,3.83473,1,-0.947577,-3.9859,-0.947576,0.635935,-2.71362,0.635936,0.644715,-2.86134,0.644708,1.06822,-2.32521,1.06822
D4T,3.83721,1,-1.1094,-4.36143,-1.1094,0.632382,-2.85748,0.632385,0.0236471,-3.40674,0.0236411,0.542537,-2.83506,0.542535
D4V,3.88364,1,-1.01344,-4.16038,-1.01344,0.423037,-3.21061,0.423036,-1.68895,-4.87112,-1.68896,0.0607812,-3.38101,0.0607767
D4W,3.79514,1,-3.33213,-6.10286,-3.33213,-2.02822,-5.42027,-2.02822,-5.56507,-8.42134,-5.56507,-3.23202,-6.21275,-3.23202
D4Y,3.83857,1,-1.14891,-4.29459,-1.14891,-0.65202,-4.27463,-0.652019,-2.72835,-5.62543,-2.72835,-0.895879,-3.68424,-0.895882
D57A,0.8,1,-0.932462,-4.35642,-0.932463,-0.256243,-3.59922,-0.256245,-0.0235283,-3.28636,-0.0235267,-1.08013,-4.47965,-1.08013
D57C,0.8,1,-4.00143,-7.37478,-4.00143,-3.65244,-7.21406,-3.65244,-2.95713,-6.52528,-2.95713,-3.8697,-7.43963,-3.86969
D57E,3.73439,1,-0.170555,-3.69244,-0.170556,-0.195861,-3.4581,-0.195862,-0.615484,-3.88822,-0.615484,-0.484752,-3.83354,-0.484751
D57F,3.9376,1,-2.39305,-5.49237,-2.39305,-2.59191,-5.95571,-2.59191,-2.752,-5.88163,-2.752,-3.78857,-7.44319,-3.78857
D57G,3.87741,1,-0.872939,-4.31833,-0.872938,-0.713893,-3.94668,-0.713893,0.119789,-3.29614,0.11979,-1.46683,-4.74849,-1.46683
D57H,3.94411,1,-1.81084,-5.2987,-1.81084,-1.81845,-5.04476,-1.81845,-0.766629,-4.46127,-0.766628,-2.10687,-5.63192,-2.10687
D57I,2.0211,1,-2.27144,-5.57671,-2.27144,-2.56362,-5.94538,-2.56363,-2.22646,-5.52221,-2.22646,-3.14836,-6.70375,-3.14836
D57K,4.02029,1,-0.442765,-4.03061,-0.442765,-1.31628,-4.47435,-1.31628,-0.44544,-3.98035,-0.445439,-2.45964,-5.96961,-2.45964
D57L,3.54987,1,-1.36305,-4.50411,-1.36304,-1.64588,-5.10031,-1.64588,-1.47994,-4.75659,-1.47994,-2.7531,-6.33439,-2.75309
D57M,3.63092,1,-2.76544,-5.97426,-2.76544,-3.5982,-6.95509,-3.5982,-2.98428,-6.26387,-2.98428,-4.22921,-7.65676,-4.22921
D57N,3.77398,1,-0.590184,-4.1933,-0.590182,-0.94945,-4.22283,-0.949451,0.0797126,-3.47402,0.0797141,-1.0364,-4.50997,-1.0364
D57P,0.8,1,-3.01206,-6.57014,-3.01205,-3.63911,-6.99958,-3.63911,-4.52026,-8.02985,-4.52026,-4.9658,-8.25664,-4.96579
D57Q,3.28795,1,-0.96498,-4.48428,-0.96498,-1.3064,-4.58084,-1.3064,-0.282931,-3.72042,-0.282931,-1.38471,-4.65618,-1.38471
D57R,3.88428,1,-0.6204,-4.21686,-0.620398,-0.90608,-4.1278,-0.90608,0.137692,-3.72833,0.137693,-2.03136,-5.60374,-2.03135
D57S,2.59608,1,-0.511894,-3.95801,-0.511894,-0.264182,-3.61833,-0.264183,0.505719,-2.96521,0.50572,-0.597105,-4.15442,-0.597101
D57T,3.21094,1,-1.05401,-4.42786,-1.05401,-1.017,-4.41086,-1.017,-0.208277,-3.59751,-0.208276,-1.34492,-4.90614,-1.34491
D57V,2.05877,1,-1.85291,-5.14318,-1.85291,-1.98654,-5.23515,-1.98654,-1.59688,-4.8656,-1.59688,-2.57256,-5.99115,-2.57256
D57W,2.08761,1,-3.39336,-6.53994,-3.39336,-4.09486,-7.48269,-4.09486,-3.72061,-7.41017,-3.7206,-5.36665,-8.98971,-5.36665
D57Y,3.76417,1,-2.30149,-5.48709,-2.30149,-2.48767,-5.80811,-2.48767,-2.40232,-5.65291,-2.40232,-3.28389,-6.8039,-3.28388
E28A,3.83178,1,-2.69121,-5.61422,-2.69122,-3.20938,-6.3261,-3.20938,-1.21921,-4.3858,-1.21921,-1.30409,-4.13618,-1.30409
E28C,3.79841,1,-7.16363,-9.83818,-7.16363,-7.66091,-10.7253,-7.6609,-6.29422,-9.69157,-6.29421,-6.08693,-9.19442,-6.08693
E28D,3.71172,1,-1.01826,-4.17508,-1.01826,-2.07216,-5.11079,-2.07216,-2.29002,-5.66156,-2.29002,-1.22902,-4.89529,-1.22902
E28F,3.81841,1,-5.06229,-7.81982,-5.0623,-5.4717,-9.39232,-5.47169,-5.11362,-7.79142,-5.11362,-5.7208,-9.08082,-5.7208
E28G,3.72894,1,-2.74158,-5.29158,-2.74159,-3.74371,-6.36552,-3.74371,-1.74452,-4.70627,-1.74452,-1.57922,-4.97513,-1.57922
E28H,4.00259,1,-3.30542,-6.11724,-3.30542,-4.75566,-8.07876,-4.75566,-3.72765,-6.48744,-3.72765,-4.33572,-7.71066,-4.33572
E28I,3.88124,1,-4.69595,-7.52869,-4.69596,-6.36314,-9.74415,-6.36314,-4.90382,-7.86488,-4.90382,-6.08278,-9.3934,-6.08278
E28K,3.71248,1,-2.66481,-5.3592,-2.66482,-4.411,-7.47686,-4.411,-3.29803,-6.46511,-3.29802,-3.79392,-7.10868,-3.79392
E28L,3.83944,1,-3.4794,-6.28287,-3.4794,-5.23213,-8.68455,-5.23213,-4.02008,-6.93429,-4.02008,-5.21785,-8.66736,-5.21785
E28M,4.08669,1,-3.8702,-6.84376,-3.87021,-5.35562,-8.83312,-5.35561,-4.222,-7.31457,-4.22199,-4.99668,-8.45284,-4.99668
E28N,3.75803,1,-2.93112,-5.67773,-2.93112,-4.28981,-7.2761,-4.2898,-3.66748,-6.87277,-3.66748,-3.25553,-6.76017,-3.25553
E28P,2.02987,1,-5.71064,-8.30465,-5.71064,-7.56899,-10.3259,-7.569,-6.50183,-9.45038,-6.50183,-6.8974,-10.441,-6.8974
E28Q,3.68658,1,-1.01649,-4.14752,-1.01649,-1.18003,-4.29268,-1.18003,-1.87236,-4.8263,-1.87236,-2.38873,-5.822,-2.38873
E28R,3.9001,1,-2.36947,-5.17908,-2.36948,-4.5396,-7.73208,-4.5396,-3.52985,-6.65135,-3.52985,-4.37185,-7.71874,-4.37185
E28S,3.92114,1,-1.94473,-4.8316,-1.94474,-3.04097,-6.14413,-3.04097,-1.8048,-4.99614,-1.8048,-1.36555,-4.69497,-1.36555
E28T,3.93941,1,-2.66578,-5.60393,-2.66579,-4.09482,-7.22921,-4.09481,-2.85939,-6.10448,-2.85939,-3.15568,-6.40698,-3.15568
E28V,3.83019,1,-4.14765,-6.98996,-4.14765,-5.6788,-8.96733,-5.6788,-3.67228,-6.65935,-3.67228,-4.5631,-7.79253,-4.56311
E28W,2.25649,1,-6.18668,-8.85934,-6.18669,-7.06068,-10.6864,-7.06068,-6.07488,-9.12383,-6.07488,-7.05678,-11.029,-7.05678
E28Y,3.91232,1,-4.3037,-7.03306,-4.30371,-4.98155,-8.8926,-4.98154,-4.43541,-7.1821,-4.4354,-5.13353,-8.77099,-5.13352
E32A,3.67321,1,-1.66634,-5.05076,-1.66634,-1.29556,-4.58084,-1.29556,-2.02714,-5.34221,-2.02714,-1.77592,-5.00573,-1.77592
E32C,3.47927,1,-4.9043,-8.35676,-4.9043,-4.04272,-7.32901,-4.04272,-5.41675,-8.86494,-5.41675,-3.9987,-7.2066,-3.99869
E32D,3.61062,1,-0.780092,-3.90987,-0.78009,-0.714254,-3.98112,-0.714255,-1.26232,-4.32216,-1.26232,-0.424605,-3.75773,-0.424605
E32F,3.53659,1,-2.41009,-5.77113,-2.41009,-2.46225,-5.89829,-2.46225,-4.03241,-7.38247,-4.03241,-4.15757,-7.20504,-4.15756
E32G,3.31683,1,-2.07629,-5.3619,-2.07629,-1.28404,-4.5295,-1.28405,-1.94245,-5.21745,-1.94245,-1.21868,-4.30721,-1.21868
E32H,3.64829,1,-2.21887,-5.82027,-2.21887,-2.38902,-5.68129,-2.38902,-3.01228,-6.48124,-3.01228,-2.12809,-5.43023,-2.12809
E32I,3.72601,1,-2.13834,-5.59383,-2.13834,-1.6478,-5.03609,-1.6478,-2.6929,-6.12357,-2.6929,-3.22931,-6.30044,-3.22931
E32K,3.7309,1,-1.32048,-4.73652,-1.32049,-0.669368,-3.94842,-0.66937,-1.44403,-5.21056,-1.44403,-1.11687,-4.38872,-1.11686
E32L,3.70374,1,-1.09612,-4.53624,-1.09612,-0.66654,-4.05228,-0.666546,-1.75497,-5.17669,-1.75497,-2.69015,-5.64767,-2.69014
E32M,3.63912,1,-1.50881,-4.84279,-1.50881,-1.20016,-4.58611,-1.20017,-1.62852,-5.1373,-1.62852,-3.15446,-6.02113,-3.15445
E32N,3.65055,1,-1.9289,-5.16985,-1.9289,-1.5431,-4.819,-1.5431,-2.47985,-5.78244,-2.47985,-1.50702,-4.81284,-1.50702
E32P,3.75418,1,-3.85972,-7.08664,-3.85971,-3.95385,-6.94952,-3.95386,-3.38465,-6.50133,-3.38465,-1.77387,-5.06184,-1.77387
E32Q,3.65959,1,-1.26724,-4.66649,-1.26724,-0.876688,-4.19174,-0.87669,-1.42126,-4.9414,-1.42126,-1.33691,-4.66506,-1.33691
E32R,3.69755,1,-1.53664,-4.99947,-1.53665,-0.348714,-3.59891,-0.348715,-1.72873,-5.42861,-1.72873,-1.69837,-4.94006,-1.69837
E32S,3.6349,1,-1.58351,-4.84964,-1.58351,-0.848143,-4.06548,-0.848146,-1.77466,-5.11593,-1.77466,-1.29957,-4.48909,-1.29957
E32T,3.69435,1,-1.73135,-5.0654,-1.73135,-1.29135,-4.51176,-1.29136,-2.12185,-5.54924,-2.12185,-1.85348,-5.09997,-1.85348
E32V,3.72006,1,-2.03495,-5.44689,-2.03496,-1.79388,-5.12409,-1.79388,-2.6354,-6.08356,-2.6354,-2.60051,-5.71087,-2.60051
E32W,3.57072,1,-4.18982,-7.66388,-4.18982,-3.93644,-7.34239,-3.93645,-6.21585,-9.59926,-6.21585,-5.45322,-8.49286,-5.45322
E32Y,3.56918,1,-1.74426,-4.97867,-1.74427,-2.44624,-5.82688,-2.44625,-3.94959,-7.22577,-3.94959,-3.3006,-6.39785,-3.3006
E39A,3.87394,1,-1.15237,-4.60632,-1.15237,-0.586221,-3.96985,-0.586222,-1.01448,-4.43952,-1.01448,-1.00033,-4.59909,-1.00033
E39C,3.38222,1,-5.27694,-8.62848,-5.27694,-4.97667,-8.478,-4.97667,-5.59338,-8.97439,-5.59338,-5.11401,-8.64265,-5.11402
E39D,3.50645,1,-0.849201,-4.14585,-0.849204,-0.557525,-3.79475,-0.557525,-0.244578,-3.54697,-0.244578,-0.285022,-3.68978,-0.285023
E39F,3.91794,1,-3.24831,-6.11972,-3.24831,-4.00837,-7.32351,-4.00837,-5.4455,-8.68349,-5.4455,-5.11259,-8.45088,-5.1126
E39G,3.71454,1,-2.18125,-5.55637,-2.18125,-1.33433,-4.6936,-1.33433,-1.49303,-4.87546,-1.49303,-1.52443,-5.06806,-1.52443
E39H,3.88226,1,-2.87462,-6.2589,-2.87462,-2.76142,-6.14267,-2.76142,-3.05111,-6.56704,-3.05111,-2.07569,-5.57904,-2.07569
E39K,3.98294,1,-0.93955,-4.42651,-0.939549,-0.891065,-4.10571,-0.891066,-1.4772,-5.08624,-1.4772,-0.387765,-3.85548,-0.387766
E39L,3.89741,1,-2.14906,-5.23357,-2.14906,-2.11053,-5.52025,-2.11054,-3.34605,-6.60789,-3.34605,-3.37806,-6.92269,-3.37807
E39M,3.85544,1,-3.28333,-6.45529,-3.28332,-3.38669,-6.77771,-3.38669,-4.31193,-7.67882,-4.31193,-4.12182,-7.65454,-4.12183
E39P,3.88982,1,-2.32793,-6.01573,-2.32794,-2.31945,-5.47331,-2.31944,-2.39462,-5.53191,-2.39462,-3.03994,-6.4795,-3.03995
E39Q,3.77883,1,-1.13011,-4.65487,-1.13011,-1.00412,-4.3862,-1.00412,-1.40511,-4.91044,-1.40511,-0.595624,-4.0061,-0.595626
E39R,3.9454,1,-1.5666,-5.0788,-1.5666,-0.949638,-4.21367,-0.94964,-2.12318,-5.76389,-2.12318,-0.861423,-4.30814,-0.861424
E39S,3.78617,1,-1.63244,-5.06844,-1.63244,-1.15932,-4.44562,-1.15932,-1.46034,-4.87531,-1.46034,-0.85258,-4.32655,-0.852582
E39T,3.79955,1,-2.25336,-5.59636,-2.25337,-1.79293,-5.15278,-1.79293,-1.89571,-5.31782,-1.89571,-1.26152,-4.74488,-1.26152
E39V,3.93388,1,-2.7896,-5.85529,-2.7896,-2.41837,-5.82491,-2.41837,-3.22898,-6.50072,-3.22898,-3.14014,-6.63941,-3.14014
E39W,3.44527,1,-4.57861,-7.88051,-4.57861,-5.53961,-8.81054,-5.53961,-7.37241,-10.6437,-7.37241,-6.52147,-9.81847,-6.52147
E39Y,3.81964,1,-3.00247,-6.00984,-3.00247,-3.97343,-7.32659,-3.97343,-4.82702,-7.89671,-4.82702,-4.18925,-7.54797,-4.18925
E46A,3.62398,1,-0.417738,-4.01011,-0.417737,-0.341894,-3.67806,-0.341896,-0.481483,-3.97343,-0.481483,-0.711756,-4.02338,-0.711759
E46C,3.82082,1,-4.78418,-8.30116,-4.78418,-4.18824,-7.56164,-4.18824,-4.64269,-8.06044,-4.64269,-4.26512,-7.57204,-4.26512
E46D,3.81813,1,0.304215,-3.42886,0.304219,0.335853,-2.84436,0.335855,0.819069,-2.91918,0.819067,0.853377,-2.43693,0.853378
E46F,3.27753,1,-3.2518,-6.59114,-3.2518,-3.23884,-6.54516,-3.23884,-4.9888,-8.21628,-4.9888,-3.76289,-7.10025,-3.7629
E46G,3.83076,1,-1.07257,-4.54541,-1.07257,-1.37192,-4.70018,-1.37192,-1.34137,-4.8143,-1.34137,-1.51985,-4.99406,-1.51985
E46H,3.57735,1,-2.2266,-5.64565,-2.2266,-2.48208,-5.76908,-2.48208,-3.1277,-6.52402,-3.1277,-2.58694,-5.79458,-2.58694
E46I,3.81073,1,-1.83202,-5.19483,-1.83202,-1.96504,-5.34512,-1.96504,-2.40535,-5.69184,-2.40534,-1.49261,-4.7267,-1.49261
E46K,3.83475,1,-0.41189,-3.68568,-0.411892,-1.09987,-4.31534,-1.09987,-1.54573,-4.89091,-1.54573,-1.58817,-4.93008,-1.58817
E46L,3.76643,1,-1.46734,-4.73311,-1.46734,-1.22602,-4.66859,-1.22602,-2.25321,-5.48512,-2.25321,-1.72235,-5.11893,-1.72235
E46M,3.68142,1,-2.85444,-6.1455,-2.85444,-2.95117,-6.27382,-2.95117,-3.85284,-7.20303,-3.85283,-3.33653,-6.73588,-3.33653
E46N,3.93324,1,-0.848091,-4.37764,-0.84809,-0.972207,-4.24704,-0.972206,-1.23913,-4.73256,-1.23913,-0.734617,-4.0324,-0.734618
E46P,0.8,1,-3.40928,-6.96045,-3.40928,-5.67197,-8.61796,-5.67197,-4.24007,-7.05673,-4.24007,-6.22081,-9.06943,-6.22081
E46Q,3.75699,1,-1.21287,-4.54249,-1.21287,-0.933592,-4.27748,-0.933594,-1.62944,-5.04731,-1.62944,-1.55894,-4.77256,-1.55895
E46R,3.90016,1,-0.929953,-4.23247,-0.929953,-1.03859,-4.29304,-1.03859,-2.44566,-5.78436,-2.44566,-2.16151,-5.4646,-2.16151
E46S,3.80431,1,-1.00511,-4.41495,-1.00511,-0.886773,-4.21218,-0.886773,-1.30222,-4.729,-1.30222,-1.25382,-4.55694,-1.25382
E46T,3.8529,1,-1.37906,-4.80742,-1.37906,-1.28984,-4.58997,-1.28984,-1.29725,-4.70515,-1.29725,-1.07745,-4.32229,-1.07745
E46V,3.67538,1,-1.45746,-4.88959,-1.45747,-1.50638,-4.89269,-1.50638,-1.34516,-4.75099,-1.34516,-0.88916,-4.04911,-0.889161
E46W,1.20174,1,-5.356,-8.55525,-5.356,-5.23323,-8.45592,-5.23323,-8.01631,-11.1698,-8.01631,-6.30625,-9.70158,-6.30626
E46Y,3.10633,1,-3.20834,-6.45905,-3.20835,-3.22394,-6.54274,-3.22393,-4.93753,-8.10957,-4.93753,-3.791,-7.00863,-3.791
E47A,3.92721,1,-1.74449,-4.9037,-1.74449,-0.961672,-4.23753,-0.961673,-1.95419,-5.4093,-1.95419,-4.11466,-7.18481,-4.11466
E47C,3.82361,1,-4.50994,-7.58066,-4.50994,-5.12265,-8.29591,-5.12265,-6.48448,-10.3532,-6.48449,-8.04425,-10.7953,-8.04425
E47D,3.13545,1,-1.2588,-4.4917,-1.2588,-0.530522,-3.95926,-0.530524,-1.07673,-4.74658,-1.07673,-2.08338,-5.43542,-2.08338
E47F,3.89147,1,-2.27946,-5.11481,-2.27946,-3.21989,-6.76088,-3.2199,-6.02342,-9.4513,-6.02342,-7.42791,-9.42337,-7.42791
E47G,0.8,1,-2.84907,-6.11436,-2.84907,-2.55277,-5.60386,-2.55277,-2.76614,-6.37611,-2.76614,-5.34948,-8.48429,-5.34948
E47H,3.87882,1,-1.55868,-4.59903,-1.55868,-2.0557,-5.4722,-2.0557,-3.46156,-7.2151,-3.46156,-5.0227,-7.93476,-5.0227
E47I,3.78393,1,-1.5571,-4.53961,-1.5571,-1.90401,-5.47309,-1.90401,-4.59313,-8.13636,-4.59313,-5.70571,-7.89542,-5.70571
E47K,3.81494,1,-0.159636,-3.1201,-0.159635,-0.945671,-4.33173,-0.94567,-2.74858,-6.39883,-2.74859,-5.26201,-8.07863,-5.26202
E47L,3.88417,1,-0.916447,-3.98928,-0.916446,-1.6024,-5.1859,-1.6024,-3.82997,-7.28479,-3.82998,-5.86121,-8.13964,-5.86121
E47M,3.75133,1,-2.33361,-5.44725,-2.33361,-2.63125,-6.01395,-2.63125,-4.89508,-8.36984,-4.89508,-6.58646,-8.97375,-6.58646
E47N,3.99783,1,-1.77101,-4.81838,-1.771,-1.68767,-4.9956,-1.68767,-2.7284,-6.48961,-2.7284,-4.75279,-7.98428,-4.75279
E47P,1.11995,1,-5.30684,-8.01877,-5.30684,-7.42872,-10.0725,-7.42873,-6.90507,-10.4937,-6.90508,-10.5844,-13.2042,-10.5844
E47Q,3.88577,1,-0.965801,-4.14183,-0.965801,-1.04032,-4.42732,-1.04032,-1.56641,-5.15037,-1.56641,-3.0668,-6.12627,-3.0668
E47R,3.86681,1,0.80212,-2.04135,0.802118,0.381347,-3.46785,0.381349,-2.77207,-6.30144,-2.77208,-5.33042,-7.83879,-5.33043
E47S,3.72395,1,-1.51974,-4.62627,-1.51973,-0.924535,-4.045,-0.924535,-1.99849,-5.49851,-1.9985,-4.0932,-7.02104,-4.0932
E47T,3.92242,1,-1.78687,-4.83156,-1.78687,-1.17726,-4.43435,-1.17726,-2.26821,-5.84821,-2.26821,-4.71801,-7.49302,-4.71801
E47V,3.92954,1,-1.80844,-4.88922,-1.80844,-2.02691,-5.47136,-2.02691,-3.78654,-7.23776,-3.78655,-5.38828,-8.00813,-5.38828
E47W,3.7547,1,-3.91518,-6.7961,-3.91518,-5.00252,-8.31847,-5.00252,-7.68315,-10.8283,-7.68315,-9.13921,-11.4077,-9.13922
E47Y,3.82825,1,-1.52842,-4.45813,-1.52842,-2.69975,-6.27299,-2.69974,-5.12362,-8.68684,-5.12362,-6.50193,-8.77065,-6.50193
E53A,3.65549,1,-2.16492,-5.624,-2.16492,-1.1162,-4.33653,-1.1162,-0.806123,-4.04731,-0.806119,-1.12789,-4.06762,-1.12789
E53C,3.88821,1,-4.97805,-8.35918,-4.97805,-4.13321,-7.38654,-4.1332,-3.97081,-7.38587,-3.9708,-4.13026,-7.00964,-4.13025
E53D,3.71567,1,0.168039,-3.37531,0.168044,0.70115,-2.72787,0.70115,0.1943,-3.36933,0.194302,0.0929496,-2.48649,0.0929508
E53F,3.89917,1,-4.66562,-8.01246,-4.66563,-4.15963,-7.27682,-4.15963,-3.7489,-7.49955,-3.7489,-4.83135,-8.08563,-4.83134
E53G,3.3447,1,-1.90074,-5.3378,-1.90075,-0.672841,-4.11173,-0.67284,-0.370333,-3.70673,-0.370329,1.00455,-2.3447,1.00456
E53H,3.86164,1,-2.67058,-6.09619,-2.67058,-2.45417,-5.59378,-2.45417,-1.78537,-5.1137,-1.78537,-2.76577,-6.19863,-2.76577
E53K,3.76052,1,-1.26102,-4.56165,-1.26103,-1.38638,-4.36635,-1.38638,-0.763487,-3.84508,-0.763483,-1.80858,-5.08554,-1.80858
E53L,3.88125,1,-2.67447,-5.95304,-2.67448,-2.39779,-5.60685,-2.39779,-1.70983,-5.23352,-1.70983,-3.47621,-6.71891,-3.47621
E53M,3.80997,1,-3.70534,-7.08128,-3.70535,-3.54505,-6.70965,-3.54505,-2.47167,-6.06462,-2.47166,-3.67408,-6.91657,-3.67408
E53P,3.09868,1,-5.87852,-9.15509,-5.87852,-5.08797,-8.19005,-5.08797,-6.04643,-9.06845,-6.04643,-5.32584,-8.28049,-5.32584
E53Q,3.46326,1,-1.07947,-4.26003,-1.07948,-0.944503,-4.13811,-0.944505,-0.490128,-3.73144,-0.490124,-1.04034,-4.38393,-1.04034
E53R,3.16722,1,-1.81303,-4.9977,-1.81304,-1.25503,-4.26348,-1.25503,-0.674994,-3.76803,-0.67499,-1.93091,-5.12441,-1.9309
E53S,3.79848,1,-1.57742,-4.96637,-1.57743,-0.718992,-3.92087,-0.718991,0.0116284,-3.51869,0.0116332,0.706753,-2.20463,0.706755
E53T,3.88346,1,-1.9256,-5.38653,-1.9256,-1.30467,-4.49662,-1.30467,0.639564,-3.24551,0.63957,0.857823,-2.07877,0.857824
E53V,3.89885,1,-3.00841,-6.37019,-3.00842,-2.81116,-5.96305,-2.81116,-1.87918,-5.35148,-1.87917,-2.67321,-5.7879,-2.6732
E53W,4.02278,1,-5.91887,-8.98349,-5.91888,-5.10281,-8.12341,-5.10281,-5.29967,-8.984,-5.29966,-5.78819,-9.11756,-5.78819
E53Y,3.95136,1,-4.20979,-7.45913,-4.2098,-3.58256,-6.74845,-3.58256,-3.30907,-6.91677,-3.30907,-4.17934,-7.51978,-4.17934
F55A,2.31788,1,0.407875,-2.7826,0.407878,-0.0549531,-3.21614,-0.054944,-3.6845,-5.46696,-3.68451,-3.27117,-6.90961,-3.27117
F55C,3.89625,1,-0.563466,-4.06275,-0.563463,-1.88394,-5.0266,-1.88393,-1.90217,-5.71804,-1.90218,-4.56119,-8.66903,-4.56118
F55D,3.8321,1,-0.91468,-3.91206,-0.914681,-4.69106,-7.2535,-4.69106,-6.92096,-8.09146,-6.92096,-7.64028,-11.1346,-7.64027
F55E,2.17454,1,0.693281,-2.42018,0.693284,-2.23397,-4.93363,-2.23396,-7.35725,-8.2916,-7.35726,-7.67883,-10.8192,-7.67883
F55G,3.87421,1,-0.624816,-3.91782,-0.624814,-2.44129,-5.52576,-2.44128,-4.56192,-6.76151,-4.56193,-4.18661,-8.28354,-4.1866
F55H,3.90734,1,-1.363,-4.72234,-1.363,-1.54017,-4.47715,-1.54016,-6.22958,-8.36266,-6.22958,-5.13621,-9.15265,-5.13621
F55I,3.88615,1,1.50273,-1.62519,1.50273,1.26054,-1.59855,1.26054,-3.00122,-4.78878,-3.00123,-3.89684,-6.36269,-3.89684
F55K,3.86685,1,-1.08153,-4.14707,-1.08152,-1.99323,-4.61568,-1.99322,-7.24771,-8.40128,-7.24772,-7.81242,-11.0726,-7.81241
F55L,3.87169,1,2.60225,-0.748478,2.60225,1.98348,-1.10373,1.98348,-2.009,-4.30164,-2.009,-3.57138,-6.51312,-3.57138
F55M,3.8944,1,2.10798,-0.978991,2.10798,1.37744,-1.80774,1.37745,-2.93147,-5.21614,-2.93148,-3.35099,-6.50116,-3.35099
F55N,3.85303,1,-0.842918,-3.95452,-0.842916,-1.63039,-4.64958,-1.63039,-5.68637,-7.05217,-5.68637,-5.30296,-9.32966,-5.30296
F55P,3.86453,1,-4.13023,-7.59229,-4.13023,-7.15146,-9.24004,-7.15146,-7.64479,-9.08554,-7.6448,-7.64929,-10.8189,-7.64929
F55Q,2.33986,1,0.153686,-2.9655,0.153692,-0.120049,-2.95398,-0.120044,-5.89868,-7.58836,-5.89868,-5.10347,-8.90296,-5.10347
F55R,3.8071,1,-1.4099,-4.59941,-1.4099,-1.86859,-4.64317,-1.86859,-6.48256,-7.74569,-6.48257,-6.95682,-10.2069,-6.95681
F55S,3.82484,1,0.353841,-2.85718,0.353845,-0.421391,-3.46657,-0.421383,-3.50478,-5.22602,-3.50479,-2.42155,-6.18715,-2.42155
F55T,3.79127,1,0.826961,-2.503,0.826965,0.810342,-2.41781,0.810349,-3.28693,-4.99955,-3.28694,-3.55007,-6.33546,-3.55007
F55V,3.86231,1,0.805956,-2.40405,0.805957,0.838776,-2.12179,0.83878,-3.14011,-5.37058,-3.14012,-3.32823,-5.64527,-3.32824
F55W,0.8,1,-2.57779,-6.24978,-2.57779,-2.87618,-6.21448,-2.87618,-6.50537,-9.02718,-6.50537,-6.20885,-9.41309,-6.20885
F55Y,3.5684,1,-0.765228,-4.02928,-0.765223,-0.313522,-3.77094,-0.31352,-2.91806,-6.26269,-2.91805,-1.60754,-5.41971,-1.60754
G11A,2.91632,1,1.23258,-2.1215,1.23258,1.2938,-2.64668,1.2938,-0.290602,-4.60796,-0.290603,-2.80365,-5.81983,-2.80366
G11C,3.92046,1,-1.97623,-5.18046,-1.97623,-2.32782,-6.32173,-2.32783,-4.41016,-8.29054,-4.41016,-5.99581,-8.81487,-5.99581
G11D,3.89779,1,-0.835156,-4.37889,-0.835155,0.700331,-3.1405,0.700323,-3.49721,-6.644,-3.49721,-6.56246,-9.53529,-6.56247
G11E,3.80094,1,0.26414,-3.36688,0.264142,-0.511738,-4.04931,-0.51174,-4.00453,-7.17442,-4.00454,-6.08223,-9.0957,-6.08225
G11F,3.7495,1,-0.980814,-3.8027,-0.980819,-2.16038,-5.68847,-2.16039,-5.5772,-8.88716,-5.5772,-9.18364,-11.685,-9.18366
G11H,3.95079,1,-0.00860262,-3.59421,-0.008605,-1.3703,-4.82246,-1.37031,-4.12931,-7.24951,-4.12931,-8.63487,-11.2803,-8.63488
G11I,3.81616,1,0.725901,-2.14677,0.725899,-0.109127,-4.00532,-0.109132,-4.39003,-8.18462,-4.39004,-8.87283,-11.4579,-8.87285
G11K,3.96262,1,2.57247,-1.06715,2.57248,-1.04937,-4.42145,-1.04937,-3.33106,-6.07398,-3.33107,-6.75527,-9.79941,-6.75529
G11L,3.79575,1,1.01856,-1.91664,1.01855,-0.790848,-4.59504,-0.790854,-4.51075,-8.24695,-4.51075,-9.23513,-11.8663,-9.23515
G11M,3.732,1,0.486994,-2.58889,0.486992,-0.377793,-4.16,-0.377797,-4.14203,-7.90015,-4.14203,-8.63358,-11.0971,-8.6336
G11N,3.93316,1,1.02512,-2.29948,1.02513,0.75698,-2.81722,0.756973,-1.2033,-4.5555,-1.2033,-6.7528,-9.87812,-6.75282
G11P,3.18349,1,-2.67424,-5.87224,-2.67425,-5.13494,-8.47686,-5.13495,-7.86756,-11.7168,-7.86756,-11.4055,-13.9678,-11.4055
G11Q,3.88498,1,1.525,-2.0817,1.525,-0.958088,-4.33347,-0.958091,-3.72807,-7.00373,-3.72807,-7.30308,-10.091,-7.30309
G11R,0.8,1,3.59633,-0.474978,3.59633,-0.32261,-3.79534,-0.322611,-3.05775,-5.60215,-3.05776,-6.77248,-9.63411,-6.77249
G11S,3.89922,1,1.58333,-2.0458,1.58333,1.08348,-2.54055,1.08348,-0.375798,-3.80499,-0.375799,-2.90166,-6.33106,-2.90167
G11T,3.87556,1,1.01024,-2.35694,1.01024,0.385606,-3.12507,0.385606,-2.36156,-6.33829,-2.36156,-6.04844,-9.21936,-6.04845
G11V,3.91707,1,0.553218,-2.32623,0.553215,-0.218201,-3.94278,-0.218205,-3.55173,-7.53636,-3.55174,-7.47656,-10.3604,-7.47657
G11W,2.67028,1,-2.45904,-5.22015,-2.45904,-3.54611,-6.88367,-3.54612,-7.21533,-10.1378,-7.21533,-9.10279,-11.6684,-9.10281
G11Y,3.86541,1,-1.14313,-4.06152,-1.14314,-2.20191,-5.60876,-2.20191,-5.64886,-8.74184,-5.64886,-8.00511,-10.5954,-8.00513
G35A,3.70993,1,-0.348606,-3.81079,-0.348603,0.0348883,-3.62629,0.0348892,0.474709,-3.12371,0.474708,0.384082,-3.2459,0.384083
G35C,3.72212,1,-2.67583,-5.99769,-2.67583,-3.27222,-6.60749,-3.27222,-2.92349,-6.25411,-2.92349,-2.58364,-5.87387,-2.58364
G35D,3.52266,1,0.0965509,-3.25631,0.0965526,0.251025,-2.88567,0.251027,0.480685,-2.74372,0.480685,0.725463,-2.80396,0.725462
G35E,3.51072,1,0.400423,-3.03181,0.400427,0.483056,-2.99299,0.483058,0.792331,-2.83004,0.792331,0.982154,-2.80682,0.982155
G35F,3.60195,1,-1.28467,-4.44394,-1.28466,-2.0797,-5.61086,-2.0797,-2.42111,-5.70004,-2.42111,-2.39346,-5.86207,-2.39345
G35H,3.73625,1,-1.30871,-4.56784,-1.30871,-1.4184,-4.67732,-1.4184,-0.781375,-4.37596,-0.781377,-0.667396,-4.33034,-0.667397
G35I,3.44007,1,-0.825863,-4.26309,-0.825861,-1.17561,-4.61504,-1.17561,-0.943712,-4.32706,-0.943714,-1.26719,-4.9313,-1.26719
G35K,3.81618,1,0.0950994,-3.13488,0.0951014,0.0458736,-3.71574,0.0458772,0.365134,-3.36374,0.365132,0.558774,-2.95578,0.558775
G35L,3.65812,1,-0.502687,-3.83263,-0.502683,-0.731987,-4.17856,-0.731984,-0.753539,-4.20833,-0.753542,-1.0394,-4.42646,-1.03939
G35M,3.75571,1,-1.85355,-5.2391,-1.85355,-2.46707,-5.84456,-2.46707,-2.01058,-5.4568,-2.01058,-2.2481,-5.81611,-2.24809
G35N,3.62988,1,-0.597869,-3.84171,-0.597869,-0.538675,-3.79507,-0.53867,-0.510909,-3.60198,-0.510911,0.187302,-3.22876,0.187302
G35P,3.14849,1,0.187646,-3.37279,0.187649,1.19643,-2.85815,1.19643,1.96689,-1.70228,1.96689,1.68854,-1.27107,1.68854
G35Q,3.69373,1,-0.559853,-3.92123,-0.559851,-0.558088,-4.16625,-0.558086,-0.196359,-3.79452,-0.196361,-0.113169,-3.67332,-0.113169
G35R,3.67732,1,-0.397814,-3.68974,-0.39781,-0.185115,-3.84007,-0.185113,-0.151313,-3.87259,-0.151317,0.0285575,-3.36284,0.0285575
G35S,3.63773,1,-0.250121,-3.62589,-0.250118,0.367616,-3.02483,0.367618,0.794501,-2.69554,0.794499,1.15641,-2.06255,1.15641
G35T,3.64825,1,-0.808753,-4.182,-0.808751,-0.41595,-3.83705,-0.415949,-0.196578,-3.79881,-0.19658,0.219513,-3.23841,0.219513
G35V,3.56159,1,-0.798751,-4.22471,-0.798747,-1.06662,-4.46721,-1.06662,-0.579749,-4.01941,-0.579751,-0.897436,-4.43581,-0.897436
G35W,3.495,1,-3.14483,-6.28316,-3.14483,-3.71909,-7.26464,-3.71909,-4.46569,-8.03581,-4.46569,-4.36988,-7.90867,-4.36988
G35Y,3.65252,1,-1.31333,-4.5292,-1.31333,-2.04996,-5.54659,-2.04996,-2.32769,-5.7377,-2.32769,-2.35527,-6.00843,-2.35527
H14A,0.8,1,-5.5551,-6.56786,-5.5551,-9.70944,-10.1435,-9.70944,-10.3173,-11.3518,-10.3173,-10.3662,-11.8197,-10.3662
H14C,1.68681,1,-7.92665,-9.33416,-7.92665,-10.8904,-11.4648,-10.8904,-10.9082,-11.6581,-10.9082,-10.7212,-12.5328,-10.7212
H14D,0.871957,1,-5.71065,-7.13388,-5.71065,-7.30185,-7.90875,-7.30185,-8.30739,-8.91199,-8.3074,-7.73266,-9.26268,-7.73266
H14E,1.10705,1,-5.5555,-6.87127,-5.5555,-8.43672,-8.82367,-8.43672,-9.56173,-10.2275,-9.56173,-9.16662,-10.4664,-9.16662
H14F,0.860046,1,-6.99833,-8.08134,-6.99833,-9.09258,-9.5704,-9.09258,-9.72093,-10.4032,-9.72093,-9.56294,-11.168,-9.56293
H14G,0.8,1,-6.19267,-7.56818,-6.19267,-9.83303,-10.4892,-9.83304,-9.76554,-10.4068,-9.76554,-9.2554,-10.3827,-9.25541
H14I,0.856986,1,-6.68537,-7.9723,-6.68537,-10.7207,-11.1733,-10.7207,-11.4522,-12.0339,-11.4522,-10.8728,-12.2279,-10.8728
H14K,1.00199,1,-4.88586,-6.21285,-4.88585,-9.28702,-9.51426,-9.28702,-9.70804,-10.424,-9.70804,-9.27413,-10.7037,-9.27413
H14L,0.839801,1,-6.0407,-7.25042,-6.04071,-9.53315,-9.81593,-9.53315,-8.72066,-9.4338,-8.72066,-8.76873,-10.5306,-8.76872
H14M,0.813593,1,-6.9815,-8.15476,-6.9815,-10.987,-11.5126,-10.987,-11.7275,-12.6253,-11.7275,-11.1293,-12.6007,-11.1293
H14N,0.8,1,-5.27861,-6.41454,-5.27861,-7.03971,-7.37031,-7.03971,-7.8813,-8.91855,-7.8813,-6.77198,-8.46418,-6.77198
H14P,0.955929,1,-7.574,-9.03519,-7.574,-10.6856,-10.9428,-10.6856,-7.4504,-8.35852,-7.45041,-7.7311,-9.28562,-7.7311
H14Q,1.42901,1,-4.92377,-6.12749,-4.92377,-7.3741,-7.6358,-7.3741,-7.18648,-8.3773,-7.18649,-6.19939,-7.63691,-6.19939
H14R,0.8,1,-3.2652,-5.26443,-3.2652,-7.73843,-8.06294,-7.73843,-6.68723,-7.57996,-6.68723,-5.85265,-7.45781,-5.85264
H14S,0.8,1,-5.50648,-6.65735,-5.50648,-9.25735,-9.61363,-9.25736,-8.09136,-8.89592,-8.09136,-8.91178,-10.5355,-8.91178
H14T,0.8,1,-6.24992,-7.41336,-6.24992,-9.05224,-9.4301,-9.05225,-10.351,-11.3486,-10.351,-10.8884,-12.4438,-10.8884
H14V,0.814169,1,-6.43223,-7.71616,-6.43222,-10.7422,-11.2195,-10.7422,-11.3003,-11.9833,-11.3003,-11.131,-12.643,-11.131
H14W,0.8,1,-8.22082,-9.53646,-8.22083,-10.5034,-11.0806,-10.5034,-10.6775,-11.1999,-10.6775,-10.5404,-11.699,-10.5404
H14Y,0.82393,1,-6.2545,-7.18846,-6.2545,-6.64499,-7.09454,-6.645,-7.57437,-8.57361,-7.57437,-5.99846,-7.63971,-5.99845
I23A,1.08518,1,-2.46115,-5.83489,-2.46115,-3.80056,-6.28726,-3.80057,-2.13565,-5.98539,-2.13565,-2.88091,-6.23157,-2.8809
I23C,3.74703,1,-5.32051,-8.21503,-5.32051,-5.86628,-8.40235,-5.86629,-7.36063,-10.5617,-7.36063,-5.92392,-8.7093,-5.92392
I23D,0.958539,1,-9.67622,-11.6613,-9.67621,-11.9581,-14.0115,-11.9581,-10.6986,-13.7631,-10.6986,-10.5348,-13.7983,-10.5348
I23E,0.8,1,-8.13911,-10.4548,-8.1391,-10.3003,-12.4457,-10.3003,-10.0132,-13.207,-10.0132,-7.53759,-9.07009,-7.53758
I23F,1.34657,1,-3.61559,-7.06307,-3.61558,-5.11233,-7.47795,-5.11233,-6.42647,-9.35232,-6.42646,-6.17522,-9.26165,-6.17522
I23G,1.05894,1,-5.86134,-8.24472,-5.86133,-8.08165,-10.5136,-8.08166,-7.93176,-11.3036,-7.93175,-7.93945,-10.7585,-7.93944
I23H,0.8,1,-7.0759,-9.7628,-7.07589,-9.51341,-11.5046,-9.51342,-10.4106,-13.5771,-10.4105,-9.77106,-12.3451,-9.77106
I23K,1.09133,1,-8.2435,-10.2055,-8.24349,-9.97701,-11.5808,-9.97702,-11.0114,-14.0471,-11.0114,-9.44419,-12.3146,-9.44419
I23L,3.31826,1,-0.10273,-3.71587,-0.102731,-1.21046,-3.35867,-1.21047,-0.460693,-4.30243,-0.460686,0.470963,-2.47507,0.470966
I23M,1.22374,1,-0.955028,-4.70353,-0.955034,-2.18226,-4.59899,-2.18227,-1.31905,-5.23753,-1.31904,-0.290173,-3.48859,-0.290171
I23N,0.8,1,-6.18008,-8.84713,-6.18008,-8.49613,-10.7857,-8.49613,-8.89155,-12.0485,-8.89154,-9.53606,-12.6109,-9.53605
I23P,0.875233,1,-8.91263,-10.7345,-8.91263,-10.8419,-13.1106,-10.842,-7.98217,-11.5257,-7.98216,-8.52525,-12.0399,-8.52526
I23Q,1.53491,1,-5.00068,-8.04311,-5.00068,-8.02192,-10.3221,-8.02192,-8.60257,-12.005,-8.60256,-6.02487,-8.04,-6.02486
I23R,0.818833,1,-7.90094,-10.0037,-7.90093,-9.88973,-11.8776,-9.88974,-11.1897,-14.3186,-11.1896,-8.88251,-12.022,-8.88251
I23S,0.800003,1,-4.85761,-7.65326,-4.85761,-6.0879,-8.44214,-6.0879,-5.24841,-8.98817,-5.24841,-6.31308,-9.51687,-6.31306
I23T,0.8,1,-4.19635,-7.17859,-4.19635,-5.16124,-7.56798,-5.16125,-5.02497,-8.38235,-5.02497,-5.41631,-8.81263,-5.4163
I23V,3.92504,1,-1.67262,-4.92748,-1.67262,-2.50677,-5.28933,-2.50678,-2.62714,-5.79287,-2.62714,-1.83331,-5.0991,-1.8333
I23W,1.32399,1,-7.25197,-10.0809,-7.25196,-7.72162,-10.0948,-7.72163,-11.4277,-14.4071,-11.4277,-8.69997,-11.6761,-8.69997
I23Y,0.800001,1,-6.10686,-9.07667,-6.10685,-7.90354,-10.0729,-7.90354,-10.5792,-13.439,-10.5791,-9.39288,-11.75,-9.39288
I41A,1.2988,1,-1.59002,-5.60989,-1.59002,-1.44993,-5.2874,-1.44993,-1.69231,-5.15107,-1.69231,-4.50573,-7.41542,-4.50572
I41C,2.23132,1,-3.39259,-6.89027,-3.39259,-2.74985,-6.59439,-2.74985,-3.59418,-6.98616,-3.59418,-5.61396,-8.7752,-5.61395
I41D,1.38781,1,-4.52727,-8.50185,-4.52727,-4.8892,-8.39199,-4.88919,-6.05335,-10.2414,-6.05335,-9.77416,-12.1725,-9.77415
I41E,0.8,1,-4.22795,-8.33589,-4.22795,-5.27176,-8.52496,-5.27175,-5.8299,-9.70743,-5.8299,-9.55893,-11.3564,-9.55892
I41F,3.77944,1,-1.75729,-5.65969,-1.75729,-2.19214,-5.92849,-2.19213,-1.27681,-5.1032,-1.2768,-4.47072,-7.37393,-4.47071
I41G,1.04743,1,-3.92924,-7.9334,-3.92924,-4.64128,-8.20569,-4.64127,-5.2289,-9.09803,-5.2289,-7.99718,-10.8186,-7.99718
I41H,0.8,1,-4.37147,-8.45078,-4.37147,-3.5753,-7.29403,-3.57529,-5.94434,-10.108,-5.94434,-7.69287,-10.5167,-7.69285
I41K,1.57221,1,-4.15577,-8.2672,-4.15577,-5.64273,-8.89063,-5.64272,-6.84565,-10.9776,-6.84565,-8.00856,-9.89346,-8.00855
I41L,3.95073,1,-0.362849,-4.03741,-0.36285,-0.596502,-4.12424,-0.596499,0.289716,-3.30592,0.28972,-1.31224,-4.80676,-1.31224
I41M,3.9691,1,-1.70973,-5.52691,-1.70973,-1.65158,-5.03802,-1.65158,-0.139389,-4.29234,-0.139389,-1.61173,-4.87646,-1.61173
I41N,1.02541,1,-4.59408,-8.37328,-4.59408,-4.6459,-8.37074,-4.64589,-5.2893,-9.2211,-5.2893,-5.55743,-8.36621,-5.55742
I41P,0.861228,1,-6.07909,-10.0541,-6.07909,-5.33098,-8.79832,-5.33098,-6.20032,-9.48667,-6.20031,-8.95686,-12.0939,-8.95686
I41Q,0.961083,1,-3.37014,-7.50275,-3.37014,-3.17012,-6.07857,-3.17011,-4.63482,-8.17885,-4.63482,-5.83345,-8.45457,-5.83344
I41R,0.84511,1,-3.93494,-8.17485,-3.93493,-4.529,-7.7702,-4.529,-6.26408,-10.2805,-6.26408,-6.94286,-9.11049,-6.94285
I41S,0.8,1,-3.25936,-7.15023,-3.25936,-3.2203,-7.05712,-3.2203,-3.89579,-7.64582,-3.89579,-6.38723,-9.21473,-6.38722
I41T,1.00001,1,-2.85975,-6.78385,-2.85975,-3.06571,-6.79576,-3.06571,-3.1486,-6.91044,-3.1486,-4.8796,-7.87539,-4.8796
I41V,3.58353,1,-0.734377,-4.35793,-0.734377,-0.897984,-4.41257,-0.897985,-0.573993,-3.86053,-0.573993,-1.46144,-5.0361,-1.46144
I41W,1.64981,1,-4.26687,-8.42991,-4.26687,-4.69035,-8.30493,-4.69034,-6.3661,-10.9218,-6.3661,-8.85764,-12.0514,-8.85763
I41Y,1.29289,1,-2.42157,-6.40566,-2.42157,-2.63425,-6.48995,-2.63424,-4.70869,-8.86107,-4.70868,-7.57276,-10.4131,-7.57275
I45A,3.90486,1,-1.66059,-5.54644,-1.66059,-1.59471,-5.51398,-1.59471,-3.54545,-6.62806,-3.54545,-2.24474,-5.16375,-2.24474
I45C,3.7301,1,-3.59735,-7.35365,-3.59736,-3.55231,-7.59982,-3.55231,-5.21873,-8.43713,-5.21873,-3.78115,-6.43024,-3.78115
I45D,0.98085,1,-5.54665,-8.58347,-5.54665,-7.75383,-10.4464,-7.75383,-7.47147,-11.0741,-7.47147,-8.03152,-10.9416,-8.03152
I45E,2.07412,1,-5.83799,-9.06205,-5.83799,-7.29266,-9.70342,-7.29266,-6.61213,-10.4497,-6.61214,-8.88272,-12.0821,-8.88272
I45F,3.89998,1,-1.32116,-4.94942,-1.32116,-4.0102,-6.84949,-4.0102,-2.99551,-6.47152,-2.99551,-5.14833,-7.88846,-5.14833
I45G,3.13187,1,-4.03863,-7.71708,-4.03863,-5.10786,-8.9204,-5.10786,-6.49392,-10.2951,-6.49392,-6.53419,-9.27198,-6.53419
I45H,3.78406,1,-5.56352,-9.08316,-5.56352,-6.99494,-9.97405,-6.99494,-6.42122,-9.88889,-6.42122,-8.6678,-11.646,-8.6678
I45K,0.8,1,-6.26599,-9.52941,-6.26599,-7.48964,-10.1146,-7.48964,-7.41732,-11.4554,-7.41732,-8.38893,-11.3818,-8.38893
I45L,3.91151,1,-0.0844655,-3.77429,-0.0844636,-0.211781,-3.33356,-0.211779,0.595276,-3.03971,0.595275,-0.417561,-3.7642,-0.417564
I45M,3.88741,1,-1.88246,-5.5025,-1.88246,-3.34501,-6.42132,-3.34501,-2.95584,-6.60095,-2.95584,-4.24995,-7.49666,-4.24995
I45N,2.85096,1,-4.16346,-7.57139,-4.16346,-6.25914,-9.70697,-6.25914,-6.44947,-9.74477,-6.44947,-5.68953,-8.29988,-5.68953
I45P,0.8,1,-6.37504,-9.99259,-6.37504,-8.08871,-10.5049,-8.08871,-7.85576,-12.7366,-7.85576,-7.2618,-10.9958,-7.2618
I45Q,3.92841,1,-5.24425,-8.64776,-5.24425,-6.6505,-9.41815,-6.6505,-6.03574,-9.95096,-6.03574,-8.29162,-11.3669,-8.29162
I45R,2.22322,1,-5.71546,-9.12124,-5.71546,-6.23372,-9.04203,-6.23373,-6.25116,-10.18,-6.25116,-6.36497,-9.72917,-6.36498
I45S,3.95943,1,-2.88686,-6.43899,-2.88686,-3.70976,-7.50515,-3.70976,-5.02263,-8.55448,-5.02263,-3.78235,-6.55703,-3.78235
I45T,3.74343,1,-2.30335,-5.77944,-2.30335,-3.25519,-7.16982,-3.25519,-4.05938,-7.76814,-4.05938,-2.79864,-5.78151,-2.79864
I45V,1.81837,1,-0.730122,-4.19713,-0.730125,-0.589048,-4.06373,-0.589048,-0.584767,-4.00868,-0.584769,-0.346471,-3.68414,-0.34647
I45W,3.77018,1,-5.54078,-9.0071,-5.54078,-7.00773,-9.77377,-7.00774,-7.0942,-10.2106,-7.0942,-7.2311,-10.662,-7.23109
I45Y,4.05863,1,-3.03576,-6.46132,-3.03576,-5.35474,-8.02352,-5.35475,-5.16228,-8.14032,-5.16228,-7.12536,-10.165,-7.12535
I51A,1.30245,1,-0.181909,-3.96682,-0.181907,0.0574329,-4.0443,0.0574319,-2.41655,-6.06727,-2.41654,-4.21933,-7.19913,-4.21933
I51C,2.3011,1,-1.95089,-5.55611,-1.95089,-2.83871,-6.6378,-2.83871,-4.55086,-8.48512,-4.55086,-6.30756,-9.72934,-6.30755
I51D,0.800001,1,-1.15144,-4.76859,-1.15143,-0.802909,-5.02987,-0.802909,-4.37454,-8.21924,-4.37453,-6.4949,-9.67486,-6.49489
I51E,3.88795,1,-1.32511,-4.74605,-1.32511,0.720767,-3.73905,0.720772,-3.77488,-7.12279,-3.77487,-5.90358,-9.08855,-5.90357
I51F,3.87013,1,-1.0866,-4.211,-1.0866,-1.15654,-5.03304,-1.15654,-2.17511,-5.92541,-2.17511,-3.19926,-7.0953,-3.19924
I51G,3.9295,1,-2.53725,-6.02481,-2.53724,-1.66564,-5.97361,-1.66564,-4.69338,-8.37888,-4.69338,-6.2947,-9.88621,-6.29469
I51H,3.79963,1,-1.95412,-5.42932,-1.95412,-1.27628,-5.2816,-1.27628,-3.71173,-7.37874,-3.71173,-4.83878,-8.46455,-4.83876
I51K,1.66614,1,-2.30294,-5.75163,-2.30293,-1.94198,-5.98873,-1.94198,-3.37106,-6.30588,-3.37106,-6.13663,-9.72494,-6.13661
I51L,3.93457,1,1.03287,-2.02115,1.03287,0.553633,-2.83593,0.553632,1.95084,-1.79359,1.95083,2.83763,-1.44479,2.83765
I51M,3.7763,1,0.154398,-3.05572,0.1544,-0.135916,-3.90578,-0.135917,-0.303908,-3.97947,-0.303909,1.74252,-2.77737,1.74255
I51N,3.96745,1,-1.88982,-5.41949,-1.88982,-1.38561,-5.7896,-1.38561,-3.83772,-7.70111,-3.83772,-5.29195,-8.60683,-5.29194
I51P,0.8,1,-6.26366,-9.11544,-6.26366,-6.38704,-10.3693,-6.38704,-5.89196,-9.59585,-5.89197,-5.5826,-10.0822,-5.58258
I51Q,3.94557,1,-1.02057,-4.44219,-1.02056,0.54952,-3.63331,0.549521,-2.10334,-5.37694,-2.10333,-2.61385,-6.42863,-2.61384
I51R,0.8,1,-2.13667,-5.62677,-2.13666,-1.21685,-5.21001,-1.21685,-3.10241,-6.3449,-3.1024,-4.48842,-8.37873,-4.4884
I51S,3.85142,1,-0.507184,-4.13178,-0.507182,0.186363,-4.04192,0.186363,-2.66397,-6.34869,-2.66396,-4.13861,-7.69582,-4.1386
I51T,3.88221,1,-1.00859,-4.56961,-1.00858,-0.0428987,-4.08657,-0.042897,-1.76219,-5.25801,-1.76218,-3.19685,-6.59957,-3.19684
I51V,2.20011,1,-0.653251,-3.9933,-0.653251,0.0253506,-3.73748,0.0253506,-1.10201,-4.57792,-1.102,-2.53103,-5.79602,-2.53102
I51W,1.68623,1,-3.78867,-7.12243,-3.78866,-2.45772,-6.51464,-2.45773,-5.37338,-9.47943,-5.37338,-6.76607,-11.1711,-6.76605
I51Y,2.62949,1,-1.41063,-4.66361,-1.41063,-0.60281,-4.39862,-0.602813,-2.66031,-6.66927,-2.6603,-4.52528,-8.4803,-4.52526
I52A,3.95492,1,-1.30689,-5.25113,-1.30689,-1.63216,-4.88075,-1.63216,-2.89362,-6.40862,-2.89362,-4.65453,-8.3355,-4.65453
I52C,3.53995,1,-3.27786,-6.82504,-3.27786,-3.82173,-7.44691,-3.82173,-4.23378,-8.19584,-4.23377,-6.16718,-10.101,-6.16718
I52D,1.47811,1,-4.28418,-7.39434,-4.28417,-6.95439,-9.31005,-6.95439,-8.2317,-12.161,-8.2317,-8.37643,-12.4013,-8.37644
I52E,2.37677,1,-3.81963,-7.00919,-3.81963,-6.29788,-8.62371,-6.29788,-7.8441,-11.9526,-7.8441,-8.02088,-12.1076,-8.02088
I52F,3.86527,1,-3.05765,-6.33838,-3.05765,-3.06642,-6.73798,-3.06642,-4.38915,-8.28113,-4.38914,-3.8652,-7.67614,-3.86521
I52G,3.85109,1,-4.02957,-7.58997,-4.02957,-3.8992,-7.11381,-3.8992,-6.24044,-10.3717,-6.24044,-7.47999,-11.203,-7.48
I52H,3.83051,1,-5.12243,-8.64125,-5.12242,-6.85109,-9.91475,-6.85109,-7.73389,-11.5066,-7.73389,-6.55429,-11.1322,-6.55429
I52K,1.93667,1,-5.94342,-8.88668,-5.94342,-6.94267,-9.22959,-6.94267,-8.25829,-11.9211,-8.25829,-7.27451,-11.3908,-7.27451
I52L,3.88158,1,-0.998136,-4.29992,-0.998135,-0.260724,-3.69865,-0.260721,-0.290097,-4.09531,-0.290092,-0.0760999,-3.98282,-0.0761008
I52M,3.91994,1,-2.41862,-5.54673,-2.41861,-2.7958,-6.08721,-2.7958,-2.936,-6.76446,-2.936,-2.88981,-6.39741,-2.88982
I52N,3.71382,1,-4.21769,-7.59793,-4.21769,-5.32239,-8.13498,-5.32239,-6.01637,-9.91237,-6.01637,-5.70534,-9.4997,-5.70534
I52P,0.961104,1,-6.08059,-9.11618,-6.08058,-8.15331,-10.84,-8.15331,-7.93985,-11.4748,-7.93984,-7.70872,-12.7652,-7.70872
I52Q,4.17757,1,-4.79206,-8.08592,-4.79205,-5.97744,-8.59929,-5.97744,-6.77982,-10.7399,-6.77982,-6.0106,-10.3471,-6.0106
I52R,3.79548,1,-5.54033,-8.68619,-5.54033,-6.33714,-8.81635,-6.33714,-7.66312,-11.1975,-7.66312,-6.11521,-10.5904,-6.11522
I52S,3.79952,1,-2.37987,-6.21072,-2.37987,-2.96752,-6.12385,-2.96753,-4.47322,-8.51853,-4.47322,-5.29341,-9.07387,-5.29341
I52T,3.74294,1,-1.37661,-5.33009,-1.37661,-2.42894,-5.72904,-2.42894,-3.06426,-7.06943,-3.06426,-3.79982,-7.45246,-3.79982
I52V,3.78671,1,0.0556414,-3.84674,0.05564,-0.251833,-3.67545,-0.251831,-0.462383,-4.47312,-0.462382,-2.25519,-5.77314,-2.25519
I52W,3.92906,1,-7.44284,-10.444,-7.44283,-6.95646,-10.6229,-6.95646,-9.27327,-12.9147,-9.27327,-8.59791,-12.9956,-8.59792
I52Y,1.25535,1,-4.35752,-7.70461,-4.35752,-5.5535,-8.79684,-5.5535,-6.64429,-10.0658,-6.64429,-6.53661,-10.7999,-6.53662
I56A,1.88447,1,-1.22395,-4.96552,-1.22395,-1.69542,-4.89662,-1.69542,-1.63121,-4.8129,-1.6312,-2.22907,-5.72956,-2.22907
I56C,0.8,1,-2.21173,-5.72719,-2.21172,-3.62235,-6.67393,-3.62235,-3.54534,-6.97301,-3.54534,-4.54531,-7.883,-4.5453
I56E,3.85598,1,-1.47363,-5.06531,-1.47363,-2.17074,-5.3425,-2.17074,-3.26461,-6.61194,-3.26461,-1.21503,-3.95771,-1.21503
I56F,3.82879,1,-0.752574,-4.33289,-0.752572,-1.86334,-5.12877,-1.86334,-2.11464,-5.41776,-2.11464,-0.818943,-4.02866,-0.818941
I56G,0.8,1,-2.2827,-5.8744,-2.28269,-2.63284,-5.96116,-2.63284,-2.1033,-5.38743,-2.10329,-2.20432,-5.61689,-2.20432
I56H,3.88425,1,-3.13976,-6.82813,-3.13975,-3.43151,-6.49429,-3.43151,-3.45911,-6.49724,-3.4591,-3.37143,-6.63667,-3.37142
I56K,1.95859,1,-2.61394,-6.15071,-2.61393,-2.54423,-5.58423,-2.54423,-2.27735,-5.51756,-2.27734,-3.55481,-6.57753,-3.5548
I56L,3.12852,1,1.01721,-2.41196,1.01721,0.718463,-2.74261,0.718462,1.69199,-1.8025,1.69199,0.145086,-3.26426,0.145095
I56M,2.38634,1,-1.37511,-4.83678,-1.37511,-1.47351,-4.84643,-1.47351,-0.253107,-3.8686,-0.253102,-1.1241,-4.37118,-1.1241
I56N,3.63668,1,-2.06042,-5.522,-2.06041,-1.44908,-4.53329,-1.44907,-1.67981,-4.71135,-1.6798,-2.52243,-5.7592,-2.52242
I56P,0.8,1,-4.21291,-7.46999,-4.2129,-5.13824,-7.96584,-5.13824,-5.38093,-8.42396,-5.38093,-5.0609,-8.69254,-5.06089
I56Q,2.56798,1,-2.31183,-6.0651,-2.31183,-2.25375,-5.36123,-2.25375,-2.26263,-5.58817,-2.26262,-2.17783,-5.63214,-2.17782
I56R,1.03227,1,-2.26802,-5.74393,-2.26801,-2.09378,-5.10439,-2.09378,-1.97564,-5.05898,-1.97563,-1.61921,-4.69828,-1.61919
I56S,3.02042,1,-1.38344,-5.0028,-1.38344,-1.53,-4.58353,-1.53,-0.913181,-4.27195,-0.913172,-1.27652,-4.70869,-1.27651
I56T,3.91298,1,-1.36423,-4.97309,-1.36423,-1.63952,-4.76593,-1.63952,-1.03225,-4.30728,-1.03225,-1.87198,-5.42277,-1.87198
I56V,1.78934,1,-0.253096,-3.71645,-0.253096,-0.380012,-3.60681,-0.380011,-0.535166,-3.47491,-0.535165,-1.35444,-4.59424,-1.35444
I56W,3.82242,1,-4.58535,-8.15253,-4.58534,-5.66473,-8.78821,-5.66473,-5.22689,-8.15941,-5.22689,-5.30499,-8.47524,-5.30498
I56Y,3.87661,1,-2.02607,-5.31325,-2.02607,-3.28678,-6.18194,-3.28678,-3.46529,-6.38421,-3.46529,-3.56186,-6.21887,-3.56186
K43A,3.02723,1,0.132957,-3.93139,0.132957,0.422667,-3.09856,0.422666,0.423826,-2.98102,0.423827,0.61075,-3.27815,0.610747
K43C,2.60564,1,-3.76799,-7.988,-3.76799,-3.73499,-7.55826,-3.73499,-3.57377,-7.05194,-3.57377,-2.69168,-6.25137,-2.69168
K43D,3.21278,1,-0.197593,-4.32626,-0.197595,0.0342269,-3.39829,0.0342233,0.146285,-3.37285,0.146284,0.874043,-2.64344,0.874032
K43E,0.8,1,0.437341,-3.62036,0.437339,0.791184,-2.53015,0.791183,1.04431,-2.44361,1.04431,1.95737,-1.57413,1.95736
K43F,1.96949,1,-2.44057,-6.51155,-2.44058,-3.02858,-6.49315,-3.02858,-3.56542,-6.67805,-3.56542,-2.51211,-6.19702,-2.51212
K43G,3.86873,1,-0.867658,-5.14538,-0.86766,-1.24172,-4.77591,-1.24172,-0.390887,-3.98236,-0.390887,-0.920916,-4.82782,-0.920917
K43H,3.12268,1,-1.18851,-5.19278,-1.18851,-1.35067,-4.8766,-1.35067,-1.2054,-4.54683,-1.20541,-0.590472,-4.28511,-0.590472
K43I,1.35722,1,-1.93824,-5.99803,-1.93824,-2.35235,-5.86321,-2.35235,-2.32903,-5.3847,-2.32903,-1.07033,-4.67137,-1.07033
K43L,0.8,1,-1.28405,-5.47773,-1.28405,-1.53885,-5.00628,-1.53885,-1.69217,-4.75838,-1.69217,-0.502753,-4.30441,-0.502755
K43M,0.922154,1,-2.65927,-6.77331,-2.65927,-2.7684,-6.2296,-2.7684,-3.06298,-6.111,-3.06298,-1.89855,-5.52373,-1.89855
K43N,3.91518,1,-0.911829,-4.83075,-0.91183,-0.994419,-4.50713,-0.99442,-0.533869,-3.90878,-0.533869,-0.194457,-3.67256,-0.194458
K43P,1.03824,1,-2.46695,-6.7448,-2.46696,-4.71167,-7.63175,-4.71169,-1.27397,-4.98408,-1.27396,-4.5319,-7.86925,-4.5319
K43Q,0.8,1,-0.347184,-4.28598,-0.347184,0.185308,-3.30836,0.185307,0.182375,-3.19828,0.182373,0.602093,-2.9914,0.602088
K43R,3.95658,1,0.327977,-3.56676,0.327978,0.90528,-2.46581,0.905279,0.0851531,-3.18325,0.0851533,0.132741,-3.49986,0.132742
K43S,3.56717,1,-0.390506,-4.44493,-0.390507,-0.0968423,-3.60359,-0.0968425,0.272881,-3.17257,0.272881,0.325025,-3.32424,0.325024
K43T,0.8,1,-0.949548,-4.9926,-0.949547,-0.735315,-4.28325,-0.735316,-0.26648,-3.64821,-0.26648,0.131637,-3.41614,0.131636
K43V,1.45643,1,-1.53604,-5.71697,-1.53604,-1.98573,-5.48738,-1.98573,-1.74667,-5.01585,-1.74667,-0.75981,-4.54292,-0.759813
K43W,1.54756,1,-3.74731,-7.89799,-3.74731,-4.61064,-8.11539,-4.61064,-5.73185,-8.56321,-5.73185,-4.69818,-8.32942,-4.69818
K43Y,2.3632,1,-2.17755,-6.15675,-2.17755,-2.9989,-6.35416,-2.9989,-3.37273,-6.4539,-3.37273,-2.29315,-5.83446,-2.29315
L16A,3.90646,1,-5.25728,-8.76521,-5.25727,-5.61807,-8.5167,-5.61806,-8.57905,-11.1635,-8.57904,-8.70728,-11.3878,-8.70728
L16C,3.896,1,-6.62902,-10.2893,-6.62901,-6.77553,-9.848,-6.77553,-9.87605,-12.1852,-9.87605,-9.55093,-12.3668,-9.55093
L16D,1.01692,1,-8.77777,-11.8284,-8.77776,-12.1114,-14.2125,-12.1114,-12.4127,-15.0576,-12.4127,-12.2836,-14.8261,-12.2836
L16E,0.8,1,-7.62539,-11.0334,-7.62538,-10.3196,-12.3705,-10.3196,-11.9312,-14.4381,-11.9312,-12.2402,-14.7536,-12.2402
L16F,1.2895,1,-2.45992,-5.42532,-2.45991,-2.73735,-5.83036,-2.73736,-4.81702,-7.71898,-4.81702,-4.74008,-7.61421,-4.74008
L16G,1.09352,1,-7.69008,-10.5714,-7.69008,-9.27917,-11.7921,-9.27917,-12.0007,-14.2241,-12.0007,-11.8898,-14.6766,-11.8898
L16H,1.97581,1,-6.94905,-10.2355,-6.94905,-9.39127,-11.6763,-9.39127,-10.7006,-13.2375,-10.7006,-10.9358,-13.6335,-10.9358
L16I,3.95242,1,-1.25313,-4.47772,-1.25312,-1.68808,-5.07126,-1.68807,-3.41077,-6.54575,-3.41077,-4.25724,-6.93734,-4.25724
L16K,0.8,1,-7.66213,-10.7379,-7.66212,-10.3798,-12.4388,-10.3798,-11.7204,-14.1644,-11.7204,-11.18,-13.7605,-11.18
L16M,3.93601,1,-2.90633,-6.11603,-2.90633,-2.84385,-6.08535,-2.84385,-4.0357,-6.82571,-4.0357,-4.03771,-6.93899,-4.03771
L16N,1.16598,1,-7.24243,-10.2166,-7.24242,-9.49541,-12.0513,-9.49541,-11.2302,-13.8734,-11.2302,-11.2197,-13.7188,-11.2197
L16P,0.825575,1,-7.50137,-10.3692,-7.50136,-9.5338,-11.9134,-9.53379,-9.05349,-11.7661,-9.05349,-7.0556,-9.78811,-7.0556
L16Q,3.28831,1,-6.54016,-9.86389,-6.54016,-8.50673,-10.9429,-8.50673,-10.3016,-12.7857,-10.3016,-9.57752,-12.1941,-9.57751
L16R,0.913563,1,-6.86717,-9.90484,-6.86716,-9.98504,-12.143,-9.98504,-10.9015,-13.3165,-10.9015,-8.97052,-11.6428,-8.97051
L16S,3.84993,1,-6.02707,-9.43291,-6.02706,-7.48808,-10.1873,-7.48808,-9.82602,-12.3824,-9.82602,-9.28682,-12.0719,-9.28681
L16T,3.90617,1,-4.9061,-8.22238,-4.90609,-6.40837,-9.321,-6.40836,-8.29313,-11.1822,-8.29313,-8.89502,-11.437,-8.89501
L16V,3.69486,1,-3.16896,-6.4134,-3.16895,-3.32649,-6.5044,-3.32649,-5.04863,-7.99621,-5.04863,-5.46848,-8.08075,-5.46847
L16W,3.84099,1,-5.00648,-8.201,-5.00647,-7.27834,-9.68537,-7.27834,-10.4556,-12.8113,-10.4556,-10.4202,-13.0811,-10.4202
L16Y,3.94554,1,-3.89705,-7.17113,-3.89704,-6.75107,-9.22468,-6.75108,-9.52314,-12.2009,-9.52314,-10.2682,-12.9665,-10.2682
L1A,3.89291,1,0.00667763,-3.17606,0.00667906,0.789747,-2.50359,0.789747,-0.621651,-4.07798,-0.621651,0.020813,-3.09734,0.0208099
L1C,3.93233,1,-1.87117,-5.79751,-1.87117,-3.12977,-6.53541,-3.12977,-4.31714,-7.86245,-4.31714,-4.32158,-7.73996,-4.32158
L1D,3.89402,1,-0.256178,-3.51432,-0.256177,0.256748,-3.188,0.256747,-3.03757,-6.5678,-3.03757,-0.121692,-3.35836,-0.121692
L1E,3.90684,1,-0.196404,-3.48515,-0.196404,0.438254,-2.85379,0.438254,-2.05639,-5.33373,-2.05639,0.0325179,-3.11113,0.032522
L1F,3.90626,1,-0.591227,-4.63898,-0.591227,-1.66093,-4.79981,-1.66092,-2.36744,-5.87487,-2.36745,-2.41155,-5.58478,-2.41155
L1G,3.8481,1,-0.140876,-3.48916,-0.140876,-0.378783,-3.74607,-0.378784,-3.17175,-6.47203,-3.17175,-1.35275,-4.5946,-1.35275
L1H,3.90389,1,-1.25351,-4.85765,-1.25351,-1.34508,-4.7892,-1.34509,-1.59898,-5.67724,-1.59898,-1.15679,-4.45967,-1.15679
L1I,0.8,1,0.0260644,-3.60549,0.0260649,-0.635894,-3.66087,-0.635894,-0.687363,-4.1692,-0.687365,-0.758243,-4.17243,-0.758243
L1K,3.63909,1,-0.57894,-4.05481,-0.578939,0.140584,-3.11132,0.140583,-1.5049,-5.37016,-1.5049,-0.582563,-4.10429,-0.582557
L1M,3.89173,1,5.17261,0.902599,5.17262,3.73909,1.1514,3.73909,1.88466,-1.39002,1.88466,3.01536,-0.547377,3.01536
L1N,3.89683,1,-0.610219,-3.71367,-0.610219,-0.659066,-4.0518,-0.659068,-2.6337,-6.28437,-2.6337,-0.512666,-3.73938,-0.512667
L1P,3.90496,1,-0.734502,-4.48944,-0.734499,-0.507276,-3.79817,-0.507277,-3.01653,-6.6929,-3.01654,-2.8133,-6.21882,-2.8133
L1Q,3.85167,1,-0.660914,-3.82791,-0.660913,-0.382225,-3.70686,-0.382224,-0.924645,-3.64471,-0.924643,-0.279435,-3.82235,-0.279431
L1R,3.88352,1,-0.509398,-3.86843,-0.509397,0.013361,-3.37668,0.0133605,-1.00093,-4.80649,-1.00093,0.304153,-2.93106,0.304157
L1S,3.86781,1,-0.190441,-3.04897,-0.190441,0.200774,-3.12939,0.200773,-1.75788,-5.1293,-1.75789,0.115613,-3.21677,0.115611
L1T,3.91029,1,-0.430794,-3.5683,-0.430793,-0.270538,-3.47654,-0.270539,-1.23388,-4.66128,-1.23388,-0.507432,-3.83844,-0.507434
L1V,3.8771,1,0.159531,-3.38853,0.159532,-0.388423,-3.4361,-0.388423,-0.785766,-4.30741,-0.785767,-1.07323,-4.38535,-1.07323
L1W,3.87202,1,-2.34505,-6.03269,-2.34505,-3.27783,-6.40625,-3.27783,-3.96761,-7.11917,-3.96762,-3.49117,-6.89691,-3.49117
L1Y,3.8708,1,-0.962386,-4.93455,-0.962386,-1.87144,-5.19549,-1.87144,-2.29997,-5.7315,-2.29997,-1.87331,-5.05493,-1.87331
L20A,2.50434,1,-3.77682,-7.31716,-3.77681,-4.01669,-6.5622,-4.01668,-6.72711,-9.6491,-6.7271,-8.18139,-11.7007,-8.1814
L20C,3.73825,1,-6.49962,-9.66417,-6.49961,-7.26931,-9.85395,-7.26931,-9.59838,-12.244,-9.59838,-9.51112,-13.1485,-9.51113
L20D,1.47764,1,-8.65696,-10.9505,-8.65696,-9.78378,-11.8864,-9.78377,-11.8203,-14.9851,-11.8203,-12.5338,-16.3494,-12.5339
L20E,1.46696,1,-7.35217,-10.0921,-7.35217,-9.30713,-11.6098,-9.30713,-11.0163,-13.9913,-11.0163,-12.4975,-15.3963,-12.4975
L20F,3.68062,1,-4.62734,-7.73322,-4.62733,-4.76234,-7.68827,-4.76233,-5.99379,-8.75272,-5.99379,-6.33927,-10.468,-6.33928
L20G,0.966001,1,-6.87254,-9.96227,-6.87252,-8.37577,-10.1883,-8.37576,-9.93672,-12.7594,-9.93672,-11.1949,-14.7744,-11.1949
L20H,3.79854,1,-7.30673,-10.088,-7.30672,-8.31139,-10.7701,-8.31139,-10.6087,-13.6947,-10.6087,-10.1777,-14.1414,-10.1777
L20I,3.91501,1,-1.61187,-4.74541,-1.61187,-1.86902,-4.89408,-1.86901,-2.49985,-5.5656,-2.49985,-3.70441,-7.44543,-3.70442
L20K,0.800003,1,-8.46806,-11.4003,-8.46806,-9.29472,-11.3898,-9.29472,-10.8108,-13.0135,-10.8108,-10.8679,-14.2019,-10.8679
L20M,3.76235,1,-3.29172,-6.06757,-3.29172,-3.36633,-6.50744,-3.36633,-3.6568,-6.20638,-3.6568,-3.94437,-7.50829,-3.94438
L20N,1.44137,1,-6.54968,-9.45394,-6.54967,-5.53411,-7.84081,-5.5341,-9.5136,-12.6902,-9.5136,-9.52562,-13.5244,-9.52563
L20P,0.996562,1,-7.04012,-10.196,-7.04011,-8.77996,-11.277,-8.77995,-8.05957,-11.5074,-8.05957,-8.30227,-12.1297,-8.30228
L20Q,3.45683,1,-5.94371,-9.31246,-5.9437,-7.38636,-10.1475,-7.38636,-8.49399,-12.2868,-8.49399,-8.65465,-12.3954,-8.65465
L20R,0.800001,1,-8.10213,-10.7005,-8.10213,-8.51441,-10.8971,-8.51441,-10.4662,-13.2749,-10.4662,-9.43203,-13.0203,-9.43204
L20S,1.16075,1,-5.63318,-8.87151,-5.63317,-6.32828,-8.84834,-6.32827,-8.55852,-11.6802,-8.55852,-8.42854,-12.364,-8.42855
L20T,3.78765,1,-4.55368,-7.85263,-4.55367,-5.41311,-8.2442,-5.41311,-7.13448,-10.2421,-7.13448,-7.9,-11.5381,-7.90001
L20V,3.90655,1,-2.57968,-5.74935,-2.57968,-2.51071,-5.44563,-2.5107,-3.88295,-6.91988,-3.88294,-5.12657,-8.75126,-5.12658
L20W,3.94094,1,-8.99158,-11.6986,-8.99157,-9.93963,-12.518,-9.93962,-11.3853,-13.7796,-11.3853,-11.5108,-15.1288,-11.5108
L20Y,3.93004,1,-6.69338,-9.26628,-6.69338,-8.18499,-10.8036,-8.18499,-10.1698,-12.7985,-10.1698,-10.8935,-14.6458,-10.8936
L25A,3.8226,1,-1.54458,-4.66121,-1.54458,-0.75398,-4.59561,-0.753981,-2.8851,-6.83881,-2.8851,-5.11174,-8.46989,-5.11174
L25C,4.1361,1,-4.34403,-7.59433,-4.34403,-4.52785,-8.43093,-4.52786,-5.47895,-9.77615,-5.47895,-6.99695,-10.2596,-6.99695
L25D,1.63152,1,-5.10229,-7.65026,-5.10228,-5.88766,-9.10648,-5.88767,-8.46532,-12.5851,-8.46532,-9.91559,-12.9179,-9.9156
L25E,2.31076,1,-4.31889,-7.08729,-4.31889,-5.41775,-8.51975,-5.41775,-7.54556,-11.3775,-7.54556,-9.69695,-12.6162,-9.69695
L25F,3.995,1,-1.88694,-5.34617,-1.88693,-2.08683,-5.66245,-2.08683,-2.44918,-6.1899,-2.44918,-1.78247,-5.71444,-1.78247
L25G,3.78927,1,-1.00297,-4.10932,-1.00298,-1.10273,-4.96526,-1.10274,-3.05573,-8.01012,-3.05573,-7.79574,-11.0817,-7.79575
L25H,3.86942,1,-3.29099,-6.33652,-3.29099,-4.91278,-7.99772,-4.91278,-5.95272,-9.68235,-5.95272,-6.91803,-10.2454,-6.91803
L25I,3.23038,1,-1.54069,-5.16331,-1.54068,-0.718448,-4.49241,-0.718451,-2.02115,-5.38109,-2.02116,-2.66691,-5.94373,-2.66691
L25K,1.78074,1,-4.0845,-6.83396,-4.0845,-5.59483,-8.39041,-5.59484,-7.93393,-11.8944,-7.93393,-8.75292,-11.7937,-8.75292
L25M,3.81627,1,-1.04574,-4.51543,-1.04573,-0.186066,-3.52856,-0.186068,-1.26289,-4.78844,-1.26289,-2.08668,-4.94332,-2.08668
L25N,3.88182,1,-2.61727,-5.55933,-2.61728,-2.99178,-6.57023,-2.99178,-4.96621,-8.51689,-4.96621,-7.76006,-10.9952,-7.76007
L25P,1.03601,1,-6.99104,-9.08426,-6.99104,-8.14085,-11.4785,-8.14085,-6.76092,-10.0011,-6.76092,-8.42609,-11.2878,-8.42609
L25Q,3.72627,1,-2.85958,-5.70542,-2.85958,-4.35167,-7.46017,-4.35168,-5.81441,-9.31189,-5.81441,-7.18845,-10.2632,-7.18846
L25R,0.878923,1,-3.89928,-6.62437,-3.89928,-4.60429,-7.57215,-4.6043,-6.54396,-10.5093,-6.54396,-7.84187,-10.9694,-7.84188
L25S,3.83127,1,-2.04502,-5.00686,-2.04501,-1.63357,-5.31777,-1.63357,-3.97346,-7.98205,-3.97346,-6.60265,-9.79861,-6.60266
L25T,3.81191,1,-2.23184,-5.32449,-2.23184,-1.03676,-4.91709,-1.03677,-3.51318,-7.09247,-3.51318,-5.90224,-8.69778,-5.90224
L25V,3.83162,1,-2.21005,-5.58632,-2.21004,-1.53084,-5.45812,-1.53085,-2.61797,-6.0465,-2.61797,-3.49518,-6.70662,-3.49518
L25W,3.89836,1,-2.84049,-6.92478,-2.84049,-4.3124,-7.68827,-4.3124,-2.93057,-7.82626,-2.93058,-7.46136,-10.9744,-7.46137
L37A,3.88795,1,-0.539652,-3.78985,-0.53965,-1.02861,-4.44667,-1.02862,-0.472841,-3.59445,-0.472842,-2.38238,-5.31334,-2.38238
L37C,3.77684,1,-2.87247,-6.11144,-2.87247,-3.29245,-7.04116,-3.29245,-3.59231,-7.06168,-3.5923,-4.82543,-8.09232,-4.82542
L37D,3.8807,1,0.174058,-3.08766,0.174058,-0.0967262,-4.12243,-0.0967262,-0.710636,-4.69172,-0.710637,-3.45075,-6.82531,-3.45075
L37E,3.7352,1,-0.718104,-3.73906,-0.718104,-0.689167,-4.04547,-0.689166,-1.61432,-4.93075,-1.61432,-3.77142,-6.93699,-3.77142
L37F,1.65783,1,-1.30819,-4.74876,-1.30819,-0.0512574,-3.81021,-0.0512528,-1.19719,-4.62848,-1.19719,-1.19888,-4.9865,-1.19888
L37G,3.81159,1,-0.780612,-3.75724,-0.780605,-1.67224,-5.49805,-1.67224,-1.23965,-4.52,-1.23965,-4.08116,-7.0285,-4.08115
L37H,3.9483,1,-1.94284,-4.83915,-1.94283,-1.98251,-5.73317,-1.98251,-1.82961,-5.16451,-1.82961,-3.18724,-6.65951,-3.18723
L37I,4.08802,1,-0.553897,-4.05148,-0.553896,-1.06032,-4.41808,-1.06032,-1.33569,-4.71773,-1.33569,-1.78932,-5.00351,-1.78932
L37K,3.87194,1,-0.877035,-3.8011,-0.877034,-1.23718,-4.37581,-1.23717,-2.10255,-5.4673,-2.10255,-4.27998,-7.13227,-4.27997
L37M,3.35528,1,-1.74413,-5.17634,-1.74413,-1.76004,-5.07717,-1.76004,-1.16803,-4.68045,-1.16803,-1.96728,-5.43759,-1.96728
L37N,3.92739,1,-0.670914,-3.62507,-0.670912,-1.06914,-5.06271,-1.06914,-1.43595,-5.01166,-1.43595,-3.75362,-6.88083,-3.75362
L37P,3.83311,1,-0.637685,-3.6875,-0.63768,-1.52843,-5.32713,-1.52843,-1.30225,-4.83825,-1.30225,-3.89218,-7.40734,-3.89218
L37Q,3.85967,1,-1.53296,-4.38615,-1.53295,-1.53901,-4.79877,-1.53901,-1.74424,-5.08133,-1.74424,-3.48224,-6.57014,-3.48224
L37R,3.83254,1,-1.29978,-4.1442,-1.29978,-1.1966,-4.38123,-1.19659,-1.62377,-4.82051,-1.62377,-3.30155,-6.25358,-3.30154
L37S,3.92722,1,0.525435,-2.84071,0.525439,-0.162223,-4.12033,-0.162224,-0.926224,-4.52238,-0.926225,-2.72197,-5.86691,-2.72197
L37T,3.95663,1,0.172514,-3.2829,0.172518,-0.577271,-4.31605,-0.57727,-1.32784,-4.7751,-1.32784,-3.03908,-5.89576,-3.03908
L37V,3.92731,1,-0.743325,-4.12036,-0.743322,-1.05589,-4.34886,-1.05589,-1.15422,-4.28079,-1.15422,-2.53176,-5.60337,-2.53176
L37W,2.17113,1,-3.68572,-6.96351,-3.68573,-2.10778,-5.69474,-2.10777,-1.74752,-5.25682,-1.74751,-0.503019,-3.31993,-0.503024
L37Y,3.00825,1,-1.47866,-4.60355,-1.47866,-0.330788,-4.39251,-0.330787,-1.06045,-4.75593,-1.06045,-1.39679,-5.1366,-1.39679
L59A,3.8912,1,0.507082,-2.90641,0.507083,0.873741,-3.31539,0.873735,5.20227,1.21527,5.20227,4.07633,0.652055,4.07633
L59C,3.88106,1,-1.4836,-4.91221,-1.4836,-1.56067,-5.10472,-1.56067,-0.175752,-3.47594,-0.17575,-0.924308,-3.97982,-0.924316
L59D,3.86949,1,-1.33231,-4.37115,-1.33231,-2.60303,-6.12869,-2.60303,-1.64821,-3.90958,-1.64821,-2.00383,-5.6216,-2.00383
L59E,2.73824,1,-0.717878,-3.85574,-0.717875,-1.8129,-5.40724,-1.81291,-0.532395,-3.38835,-0.532398,-1.82711,-5.41704,-1.82712
L59F,3.92825,1,-1.14961,-4.52412,-1.14961,-1.23333,-4.78344,-1.23333,-1.6575,-5.10392,-1.6575,-2.11519,-5.54723,-2.11519
L59G,3.7878,1,-0.527055,-3.68206,-0.527057,-0.816878,-4.46933,-0.816883,1.38425,-2.02301,1.38425,0.74965,-2.80716,0.749642
L59H,3.80153,1,-1.60279,-4.88436,-1.60279,-2.41937,-6.14807,-2.41938,-2.67241,-5.99387,-2.67241,-3.27536,-6.66819,-3.27536
L59I,2.3157,1,-0.248606,-3.6407,-0.248606,-0.165231,-3.91877,-0.165232,0.314022,-3.21515,0.314023,0.0298481,-3.17619,0.0298481
L59K,4.18962,1,-1.27591,-4.66596,-1.27591,-2.26806,-6.01969,-2.26806,-2.93769,-6.04694,-2.9377,-3.67111,-6.84393,-3.67112
L59M,3.87842,1,-1.27866,-4.58161,-1.27866,-1.42962,-5.1548,-1.42962,-1.05305,-4.6798,-1.05305,-1.14985,-4.87615,-1.14985
L59N,4.04879,1,-0.345777,-3.6389,-0.345778,-1.56297,-5.40785,-1.56298,-1.15984,-4.3703,-1.15985,-1.0533,-4.40999,-1.05331
L59P,3.64111,1,-2.56612,-5.33893,-2.56612,-3.75845,-7.32359,-3.75846,-1.0567,-5.01188,-1.0567,-2.39815,-5.32594,-2.39815
L59Q,3.81115,1,-0.653808,-4.04345,-0.653807,-1.81974,-5.55382,-1.81974,-2.05272,-5.22426,-2.05272,-2.62108,-5.87855,-2.62109
L59R,3.84236,1,-0.596345,-4.13015,-0.596344,-1.89249,-5.64012,-1.8925,-2.41352,-5.14061,-2.41352,-3.36022,-6.38924,-3.36022
L59S,0.8,1,0.686009,-2.86105,0.686009,0.487586,-3.8104,0.487581,2.92315,-0.692667,2.92316,2.9869,-0.591987,2.98689
L59T,3.84088,1,0.255736,-3.13327,0.255735,0.137284,-3.97746,0.13728,2.83865,-0.599328,2.83865,2.53153,-1.402,2.53152
L59V,0.800075,1,0.102991,-3.22107,0.102991,0.15956,-3.78107,0.159558,1.9122,-1.23689,1.9122,2.08812,-1.18452,2.08813
L59W,3.83888,1,-2.5333,-6.59699,-2.5333,-3.53999,-7.10386,-3.53999,-3.91689,-7.45532,-3.9169,-3.94073,-7.3027,-3.94073
L59Y,3.83993,1,-1.26438,-4.62964,-1.26438,-1.17169,-4.56284,-1.17169,-2.51638,-5.93847,-2.51638,-3.10785,-6.37908,-3.10786
L7A,3.58991,1,0.535304,-2.6237,0.535307,0.858324,-2.70113,0.858325,0.148334,-3.17282,0.148334,-0.518049,-2.72056,-0.518053
L7C,3.40277,1,-4.19745,-7.8308,-4.19745,-3.56815,-6.605,-3.56815,-3.94005,-7.31376,-3.94005,-4.87278,-7.68177,-4.87278
L7D,3.56999,1,-0.708674,-4.29254,-0.708673,0.218438,-3.32491,0.218441,-1.13708,-4.63379,-1.13708,-2.43509,-5.56667,-2.43509
L7E,0.8,1,0.355517,-2.94752,0.355517,1.02346,-2.26599,1.02346,0.523397,-2.71397,0.523406,-2.12386,-5.43328,-2.12387
L7F,3.93481,1,-1.98485,-5.21293,-1.98485,-1.9933,-5.10123,-1.9933,-2.65145,-6.00779,-2.65145,-2.43882,-5.65079,-2.43882
L7G,3.91181,1,-1.62786,-5.01115,-1.62786,-0.77448,-4.27734,-0.774479,-2.17678,-5.67366,-2.17678,-3.51639,-6.10214,-3.51639
L7H,2.97888,1,-1.52571,-4.94054,-1.52571,-1.11514,-4.38607,-1.11514,-0.269546,-3.66454,-0.269547,-2.81198,-5.80374,-2.81199
L7I,3.40371,1,-1.36698,-4.46058,-1.36698,-1.14567,-4.38338,-1.14567,-1.30847,-4.66841,-1.30847,-0.712173,-4.04972,-0.712174
L7K,3.88791,1,0.689942,-2.86394,0.689945,0.232002,-3.06277,0.232002,1.79677,-1.71139,1.79676,-2.01073,-5.13551,-2.01073
L7M,3.96568,1,-0.808289,-3.9722,-0.808289,-0.99261,-4.43667,-0.992611,-1.25509,-4.60876,-1.25509,-1.11061,-4.25897,-1.11061
L7N,2.18195,1,-0.720673,-4.228,-0.720673,-0.0213833,-3.6264,-0.0213833,-0.530385,-3.946,-0.530385,-1.24424,-4.27545,-1.24425
L7P,3.88916,1,-4.07084,-7.21432,-4.07084,-2.8621,-5.96308,-2.8621,-4.64686,-7.84305,-4.64686,-6.23641,-8.47904,-6.23643
L7Q,3.77169,1,0.297949,-2.91618,0.29795,0.355021,-3.016,0.355022,1.0095,-2.42211,1.0095,-2.32653,-5.5272,-2.32653
L7R,3.21749,1,1.36128,-2.0139,1.36128,1.1227,-2.07814,1.1227,3.04321,-0.154256,3.04321,-1.49217,-4.63975,-1.49217
L7S,3.79695,1,-0.262404,-3.65943,-0.262402,-0.0675995,-3.55914,-0.0675983,-0.569195,-3.86619,-0.569195,-1.43679,-4.17348,-1.43679
L7T,2.22226,1,-0.441394,-3.76115,-0.441392,-0.262365,-3.5618,-0.262364,0.0656672,-3.18368,0.0656679,0.443587,-2.68556,0.44358
L7V,3.291,1,-0.91488,-4.02801,-0.91488,-0.628787,-3.80813,-0.628787,-0.856966,-4.07682,-0.856964,-0.439586,-3.53877,-0.439586
L7W,3.82658,1,-2.23912,-5.45603,-2.23912,-3.04065,-5.8846,-3.04065,-3.36854,-6.93375,-3.36854,-5.60448,-8.1887,-5.60448
L7Y,2.86303,1,-1.83712,-4.86723,-1.83712,-2.04377,-5.11558,-2.04377,-2.80963,-6.26491,-2.80963,-3.39921,-6.6055,-3.39922
L8A,3.98607,1,-2.23656,-5.15091,-2.23656,-2.33142,-5.66483,-2.33142,-3.53921,-6.23585,-3.5392,-4.10003,-7.67956,-4.10004
L8C,3.27919,1,-6.23967,-10.0492,-6.23968,-4.99198,-8.29929,-4.99198,-8.92202,-11.6573,-8.92202,-8.05866,-11.2107,-8.05866
L8D,2.80903,1,-3.94475,-7.00473,-3.94475,-4.00538,-7.14423,-4.00538,-8.42889,-10.6806,-8.42888,-8.36621,-11.1697,-8.36622
L8E,2.79887,1,-3.65156,-6.61148,-3.65156,-3.07503,-6.33207,-3.07503,-5.96189,-7.83668,-5.96187,-7.15416,-9.81898,-7.15416
L8F,2.92456,1,-0.142182,-4.03865,-0.142189,-0.33599,-3.95608,-0.335988,-4.00706,-7.02021,-4.00706,-2.48756,-6.08452,-2.48755
L8G,3.77764,1,-4.37983,-7.30462,-4.37983,-4.53071,-7.61841,-4.53071,-7.34057,-10.0487,-7.34056,-7.48659,-10.325,-7.48659
L8H,4.00617,1,-4.52343,-7.69992,-4.52343,-4.22944,-7.41529,-4.22944,-6.06782,-8.2549,-6.06781,-6.86301,-10.0182,-6.86302
L8I,3.39315,1,-1.28772,-4.54966,-1.28772,-1.71868,-5.27607,-1.71868,-2.82206,-5.78646,-2.82206,-2.53835,-5.90306,-2.53835
L8K,2.31208,1,-4.46242,-7.32775,-4.46242,-3.93241,-6.99942,-3.93241,-5.68659,-8.10178,-5.68657,-6.44899,-9.11319,-6.44899
L8M,2.33484,1,-1.27772,-4.39291,-1.27773,-1.24933,-4.63121,-1.24933,-1.91583,-5.02432,-1.91583,-0.813009,-3.7796,-0.813008
L8N,0.800032,1,-4.5457,-7.47263,-4.54571,-4.32971,-7.56263,-4.32972,-7.53918,-10.1353,-7.53917,-7.61982,-10.5263,-7.61982
L8P,3.92722,1,-4.8843,-8.03359,-4.8843,-5.23449,-7.90371,-5.23449,-7.79544,-10.0587,-7.79544,-7.01803,-9.42821,-7.01803
L8Q,3.75222,1,-3.86003,-6.74632,-3.86003,-3.13715,-6.22294,-3.13715,-3.10426,-4.78077,-3.10425,-5.11556,-8.01992,-5.11556
L8R,0.8,1,-3.63605,-6.64766,-3.63606,-3.21618,-6.27787,-3.21618,-4.59129,-6.7294,-4.59128,-5.66995,-8.39149,-5.66995
L8S,3.85956,1,-3.87598,-6.84292,-3.87598,-3.24845,-6.47337,-3.24845,-6.04334,-8.73672,-6.04334,-5.83887,-8.9142,-5.83887
L8T,1.20652,1,-3.48006,-6.49853,-3.48006,-2.87754,-6.16307,-2.87754,-5.0482,-7.74568,-5.04819,-4.59416,-7.77744,-4.59416
L8V,2.8934,1,-1.70323,-4.76598,-1.70323,-2.12362,-5.53792,-2.12362,-3.26972,-6.11796,-3.26972,-3.14853,-6.48522,-3.14853
L8W,3.88919,1,-3.30393,-6.91866,-3.30393,-3.14776,-5.72295,-3.14775,-6.70367,-9.75397,-6.70367,-5.54386,-8.6586,-5.54385
L8Y,3.81894,1,-2.5668,-6.00802,-2.5668,-2.7488,-6.02124,-2.7488,-6.4582,-9.42466,-6.4582,-6.26374,-9.66821,-6.26374
M29A,3.83867,1,-1.0959,-4.61116,-1.0959,-2.5024,-5.31613,-2.5024,-2.16372,-5.61636,-2.16371,-3.00512,-5.5439,-3.00512
M29C,3.92734,1,-3.81641,-7.28773,-3.81641,-5.32288,-8.24655,-5.32289,-6.05536,-8.78522,-6.05536,-4.28133,-6.88606,-4.28133
M29D,0.800013,1,-4.1961,-7.52588,-4.1961,-4.38283,-6.85038,-4.38283,-5.94927,-9.21408,-5.94927,-5.45909,-8.41212,-5.4591
M29E,2.22685,1,-2.89682,-6.27905,-2.89682,-3.2937,-5.7274,-3.29371,-4.96124,-8.29662,-4.96124,-4.30934,-7.02534,-4.30934
M29F,2.10344,1,-0.668845,-4.20246,-0.668843,-1.58013,-5.28579,-1.58014,-2.31076,-5.47843,-2.31076,-2.51276,-5.17109,-2.51275
M29G,1.75808,1,-2.97562,-6.33019,-2.97562,-4.9098,-7.24296,-4.90981,-3.90616,-7.57841,-3.90615,-3.64594,-6.24004,-3.64594
M29H,3.80803,1,-3.1174,-6.47735,-3.1174,-3.99043,-6.99515,-3.99044,-5.34869,-8.36117,-5.34869,-4.7624,-7.41515,-4.7624
M29I,2.49468,1,0.457514,-2.96459,0.457515,-0.033534,-3.36538,-0.0335379,-1.74257,-5.00965,-1.74257,-2.32552,-5.38361,-2.32552
M29K,3.79465,1,-2.54619,-5.93691,-2.54619,-3.08565,-5.85379,-3.08565,-4.9152,-8.09029,-4.9152,-5.0517,-7.62474,-5.0517
M29L,3.06587,1,1.72115,-1.78299,1.72115,1.03002,-2.46182,1.03002,0.365197,-2.96725,0.365199,-0.174532,-3.17284,-0.174531
M29N,2.36176,1,-2.88177,-6.12775,-2.88177,-3.83603,-6.27389,-3.83604,-4.51118,-7.66586,-4.51117,-3.82225,-6.46232,-3.82226
M29P,3.71968,1,-4.72534,-8.1049,-4.72534,-7.09758,-9.16949,-7.09759,-6.70745,-10.191,-6.70745,-5.23825,-8.04131,-5.23825
M29Q,3.91142,1,-2.08571,-5.40145,-2.08571,-3.07397,-5.87534,-3.07397,-3.88236,-7.1491,-3.88236,-2.94789,-5.7413,-2.94789
M29R,3.81474,1,-1.63032,-4.9022,-1.63032,-2.43737,-5.42945,-2.43738,-3.73409,-6.55618,-3.73409,-3.99697,-6.47461,-3.99697
M29S,3.81024,1,-1.90603,-5.23973,-1.90603,-3.4328,-6.17976,-3.43281,-3.05486,-6.49986,-3.05485,-2.78798,-5.23355,-2.78799
M29T,0.930187,1,-1.5205,-4.87205,-1.5205,-2.54498,-5.35596,-2.54499,-3.20545,-6.54445,-3.20544,-3.50203,-6.34131,-3.50204
M29V,2.38937,1,-0.363503,-3.73895,-0.363502,-1.25991,-4.36348,-1.25992,-2.33571,-5.58413,-2.33571,-2.80232,-5.78714,-2.80232
M29W,3.8258,1,-2.64593,-6.17722,-2.64593,-4.32278,-7.72221,-4.32278,-5.59739,-8.8819,-5.59738,-5.31099,-7.96169,-5.31099
M29Y,3.79177,1,-1.58768,-4.92135,-1.58768,-2.21986,-5.7357,-2.21986,-4.11986,-7.26977,-4.11985,-3.87996,-6.44189,-3.87996
M30A,3.96392,1,-0.288965,-3.9395,-0.288966,-2.12163,-5.18315,-2.12163,-1.89295,-5.11122,-1.89295,-1.40874,-4.43396,-1.40875
M30C,3.76244,1,-2.9885,-6.46221,-2.98849,-4.19582,-7.29603,-4.19582,-4.10332,-6.91603,-4.10332,-3.99486,-6.92937,-3.99486
M30D,3.67926,1,-4.53367,-7.72586,-4.53367,-6.33407,-9.27418,-6.33407,-6.50055,-9.44182,-6.50055,-5.90574,-8.65753,-5.90574
M30E,3.44676,1,-3.70687,-6.80926,-3.70688,-5.13897,-8.09427,-5.13897,-5.74027,-8.60414,-5.74026,-5.00356,-7.66007,-5.00356
M30F,3.98206,1,-1.06869,-4.46715,-1.0687,-1.26923,-4.5399,-1.26923,-1.67802,-5.01877,-1.67802,-1.71252,-4.97989,-1.71252
M30G,3.86001,1,-2.87655,-6.26128,-2.87655,-5.17491,-8.1608,-5.1749,-5.24341,-8.15954,-5.24341,-4.53425,-7.40751,-4.53426
M30H,3.92973,1,-4.459,-7.70063,-4.459,-4.12821,-7.26409,-4.12821,-3.65713,-6.87751,-3.65713,-4.25273,-7.21716,-4.25273
M30I,2.92633,1,0.655175,-2.69269,0.655172,0.475573,-2.70611,0.475574,0.605846,-2.61145,0.605849,0.645975,-2.63452,0.645976
M30K,3.86566,1,-3.53197,-6.77912,-3.53197,-4.45838,-7.49349,-4.45838,-5.10596,-8.57246,-5.10596,-5.03571,-7.99731,-5.03571
M30L,0.800002,1,2.5568,-0.880208,2.5568,2.5173,-0.757753,2.51731,2.10417,-1.30801,2.10417,2.45341,-1.02352,2.45341
M30N,3.94977,1,-4.04355,-7.21051,-4.04355,-5.00237,-7.9773,-5.00237,-4.73578,-7.80605,-4.73578,-4.70922,-7.58881,-4.70922
M30P,3.26342,1,-4.28562,-7.21882,-4.28562,-6.22567,-9.19636,-6.22567,-5.4223,-8.65902,-5.4223,-4.03321,-7.01563,-4.03321
M30Q,3.79581,1,-3.21979,-6.32403,-3.21979,-3.34729,-6.48536,-3.34729,-3.52911,-6.64994,-3.52911,-3.40991,-6.50588,-3.40992
M30R,3.8219,1,-3.52561,-6.65278,-3.52561,-3.83392,-6.89986,-3.83392,-4.74415,-8.11045,-4.74415,-4.38415,-7.45951,-4.38415
M30S,3.8076,1,-2.29918,-5.66327,-2.29918,-3.97616,-7.04112,-3.97615,-3.82258,-6.88127,-3.82258,-3.2218,-6.0669,-3.2218
M30T,3.44833,1,-2.13796,-5.43646,-2.13796,-3.97531,-7.05724,-3.97531,-3.66635,-6.72155,-3.66635,-2.9802,-5.85784,-2.9802
M30V,3.68226,1,-0.203316,-3.58894,-0.203317,-1.23785,-4.48244,-1.23785,-0.65528,-3.72106,-0.655276,-0.297273,-3.4757,-0.297277
M30W,3.88216,1,-4.02989,-7.21757,-4.02989,-3.89333,-7.05058,-3.89333,-5.62189,-8.75081,-5.62189,-5.04917,-8.27115,-5.04917
M30Y,3.96894,1,-3.19343,-6.35738,-3.19343,-2.52649,-5.6902,-2.52649,-3.39132,-6.67168,-3.39132,-3.15063,-6.17976,-3.15064
M9A,3.85147,1,-0.752697,-3.66705,-0.752699,0.34178,-3.54148,0.341779,-2.24759,-5.23206,-2.24759,-2.57443,-5.85502,-2.57443
M9C,3.93574,1,-4.65029,-7.53062,-4.65029,-3.19156,-7.05339,-3.19156,-6.05216,-8.92225,-6.05215,-5.02988,-8.44357,-5.02987
M9D,3.87806,1,-3.60841,-6.35328,-3.60842,-4.23917,-7.65409,-4.23916,-7.51693,-10.3454,-7.51693,-6.56156,-10.3429,-6.56155
M9E,3.91865,1,-2.82612,-5.65078,-2.82612,-3.3325,-6.66204,-3.3325,-7.21804,-10.3607,-7.21804,-6.57658,-10.3131,-6.57657
M9F,3.7577,1,0.0452256,-3.83975,0.0452237,0.610672,-2.6856,0.610675,-0.476104,-3.59545,-0.476101,0.66935,-2.24573,0.669351
M9G,1.40193,1,-3.67236,-6.43078,-3.67236,-2.99895,-6.59046,-2.99895,-5.94549,-9.21536,-5.94548,-5.10583,-8.38762,-5.10583
M9H,0.800001,1,-3.45174,-6.52643,-3.45174,-3.80385,-7.1405,-3.80384,-5.41187,-8.70448,-5.41187,-4.66783,-8.52012,-4.66782
M9I,2.13124,1,1.60947,-1.78594,1.60948,1.46055,-2.32267,1.46055,0.633348,-2.91892,0.633351,0.782025,-2.67634,0.782026
M9K,3.83378,1,-3.26331,-6.19289,-3.26331,-3.51188,-6.70143,-3.51187,-6.99729,-10.0436,-6.99729,-6.08234,-9.75502,-6.08233
M9L,3.86852,1,2.34222,-1.40926,2.34222,3.16928,-0.408809,3.16928,3.52073,0.286132,3.52073,3.16165,-0.415235,3.16166
M9N,2.07807,1,-2.90696,-5.7093,-2.90697,-3.81176,-7.17465,-3.81176,-4.51329,-6.73661,-4.51328,-4.73526,-8.35954,-4.73525
M9P,3.88201,1,-3.27785,-6.11032,-3.27785,-2.44752,-5.95278,-2.44751,-5.45409,-8.63945,-5.45408,-3.10446,-6.66574,-3.10445
M9Q,3.883,1,-2.88812,-5.86531,-2.88812,-3.07391,-6.47827,-3.07391,-4.65579,-8.11031,-4.65579,-4.44444,-8.13907,-4.44444
M9R,3.89094,1,-2.43241,-5.28436,-2.43241,-3.14929,-6.62406,-3.14928,-6.18846,-9.28912,-6.18846,-4.24598,-7.91684,-4.24597
M9S,1.35105,1,-2.15407,-5.05121,-2.15407,-1.44139,-5.10098,-1.44138,-3.76444,-6.70287,-3.76444,-3.55224,-6.77271,-3.55224
M9T,3.9278,1,-1.14979,-4.18089,-1.14979,-0.938565,-4.5766,-0.938561,-3.0429,-6.31993,-3.0429,-2.7783,-6.12375,-2.7783
M9V,3.94449,1,0.914078,-2.31425,0.914078,0.618645,-3.27482,0.618647,-0.215375,-3.54735,-0.215373,-0.41373,-3.63267,-0.413727
M9W,3.98367,1,-2.99347,-6.40737,-2.99347,-3.14567,-6.79273,-3.14567,-5.48117,-8.46108,-5.48117,-4.61157,-8.09681,-4.61156
M9Y,3.86483,1,-2.32197,-5.62321,-2.32197,-2.12126,-5.50768,-2.12125,-3.19526,-6.20989,-3.19525,-2.7416,-6.29666,-2.74159
N42A,3.90826,1,1.2847,-2.01529,1.2847,0.905571,-2.59615,0.905571,0.194452,-3.0619,0.194452,-0.418123,-3.90545,-0.418122
N42C,3.98066,1,-1.64418,-4.69063,-1.64418,-1.3178,-4.85348,-1.3178,-2.42104,-5.62935,-2.42104,-2.4633,-5.65531,-2.4633
N42D,3.95317,1,0.369682,-2.81892,0.369679,-0.0289397,-3.49268,-0.0289404,-0.185102,-3.58266,-0.185102,-0.759721,-4.25633,-0.75972
N42E,3.95994,1,1.69136,-1.74799,1.69136,1.30051,-2.21555,1.30051,0.201508,-3.03546,0.201507,-0.637656,-3.8564,-0.637654
N42G,3.85211,1,0.432728,-2.90234,0.432726,-0.110082,-3.71987,-0.110082,0.0764723,-3.44206,0.0764725,0.223779,-3.131,0.22378
N42H,3.88117,1,-0.240532,-3.38311,-0.240532,-0.282366,-3.82263,-0.282366,-0.62142,-3.94734,-0.62142,-0.401293,-3.91823,-0.401293
N42I,3.96609,1,0.699484,-2.31777,0.69948,0.301454,-2.83831,0.301455,-1.27026,-4.02472,-1.27026,-1.11763,-4.21721,-1.11762
N42K,3.83687,1,1.45322,-1.6769,1.45322,0.881004,-2.52779,0.881005,0.66489,-2.90207,0.664891,-0.117549,-3.32549,-0.117547
N42L,3.83187,1,1.6698,-1.49332,1.6698,1.61519,-1.60189,1.61519,-0.321918,-3.24713,-0.321919,0.150377,-2.83813,0.150383
N42P,3.23473,1,-1.36647,-5.1246,-1.36647,-2.09654,-5.58526,-2.09654,-1.5254,-4.29797,-1.5254,-1.20238,-5.24041,-1.20239
N42R,3.74104,1,1.76022,-1.67918,1.76023,1.79268,-1.73302,1.79268,0.953468,-2.60319,0.953468,0.0816481,-3.2956,0.0816479
N42S,3.89711,1,0.653877,-2.54359,0.653876,0.565003,-2.8948,0.565003,0.0650091,-3.30496,0.0650089,-0.0399671,-3.3227,-0.0399656
N42T,3.81642,1,-0.0822663,-3.37177,-0.082267,0.178422,-3.24097,0.178422,-0.34218,-3.61929,-0.34218,-0.95647,-4.24526,-0.956468
N42V,3.90389,1,0.878686,-2.38409,0.878683,0.382226,-2.96013,0.382226,-0.759067,-3.72276,-0.759068,-1.4125,-4.56993,-1.41249
N42W,0.8,1,-1.55431,-4.90079,-1.55431,-2.31741,-5.91752,-2.31741,-3.91779,-7.01509,-3.9178,-4.46074,-8.16329,-4.46074
N42Y,3.88259,1,-0.527881,-3.47552,-0.527884,-0.826477,-4.06101,-0.826477,-2.43382,-5.20854,-2.43382,-1.77966,-5.30337,-1.77965
N49A,3.93851,1,0.491793,-2.74749,0.491793,-0.144065,-3.48467,-0.144062,-2.65535,-5.95051,-2.65536,-2.53007,-6.3925,-2.53007
N49C,3.91971,1,-1.12067,-4.28821,-1.12067,-1.50142,-5.12322,-1.50142,-5.18874,-8.5335,-5.18874,-5.27742,-8.72043,-5.27743
N49D,2.95373,1,0.555315,-2.76073,0.555305,-0.765362,-4.06327,-0.765364,-0.00238085,-3.54749,-0.00238132,0.977972,-2.92184,0.977972
N49E,3.88596,1,0.71526,-2.9168,0.715254,0.0107102,-3.4303,0.0107112,-1.52005,-4.71767,-1.52006,-0.0521662,-3.99563,-0.0521646
N49G,3.85702,1,-0.665883,-4.19858,-0.665884,-1.11923,-4.51452,-1.11923,-2.68451,-6.16664,-2.68451,-1.48913,-5.04893,-1.48913
N49H,3.73475,1,-1.18384,-4.58648,-1.18384,-1.71399,-5.38409,-1.71398,-3.56739,-6.35497,-3.5674,-3.32354,-7.28366,-3.32354
N49I,3.81213,1,0.971311,-2.26433,0.971308,1.21856,-2.17816,1.21856,-3.95544,-7.03106,-3.95544,-3.18459,-6.1615,-3.18459
N49K,3.90951,1,-1.0719,-4.43121,-1.0719,-0.994127,-4.58046,-0.994125,-3.08662,-5.96916,-3.08662,-3.00758,-6.94313,-3.00758
N49L,0.833658,1,1.19608,-2.03739,1.19608,1.68319,-1.88522,1.6832,-4.24178,-6.94408,-4.24178,-3.5121,-6.86216,-3.51211
N49M,3.91763,1,-0.953697,-4.26835,-0.9537,-0.625992,-4.06128,-0.625988,-4.96956,-7.95078,-4.96956,-4.91365,-8.40919,-4.91365
N49P,1.28872,1,-3.46866,-7.13085,-3.46866,-4.85015,-8.16953,-4.85015,-9.21738,-11.3142,-9.21738,-7.60558,-11.4368,-7.60559
N49Q,3.93313,1,-0.553601,-3.98609,-0.553603,-0.383669,-3.97444,-0.383667,-2.4793,-5.53821,-2.47931,-1.81676,-5.71503,-1.81675
N49R,3.92759,1,-1.2522,-4.69625,-1.2522,-0.706909,-4.3284,-0.706905,-3.49336,-6.12237,-3.49336,-3.88427,-7.78671,-3.88427
N49S,3.94163,1,0.422019,-2.87787,0.422019,0.0545599,-3.37166,0.0545607,-1.70741,-5.18499,-1.70742,-0.859957,-4.47312,-0.859958
N49T,3.94841,1,0.14601,-3.15187,0.146009,-0.196372,-3.63357,-0.19637,-2.30458,-5.64711,-2.30458,-1.76388,-5.0325,-1.76389
N49V,3.78815,1,1.18683,-2.08603,1.18683,0.575246,-2.96916,0.57525,-3.67576,-6.95236,-3.67577,-3.24198,-6.3223,-3.24198
N49Y,3.73797,1,-1.28441,-4.64247,-1.28441,-1.54249,-5.02696,-1.54249,-5.05606,-7.67693,-5.05607,-5.29884,-9.06201,-5.29884
P19A,3.91323,1,-3.28026,-5.18037,-3.28025,-4.51544,-5.95427,-4.51544,-5.43413,-7.37065,-5.43413,-6.45448,-8.48035,-6.45448
P19C,4.07253,1,-5.72565,-7.68164,-5.72564,-7.61566,-9.41426,-7.61566,-8.08354,-9.71139,-8.08355,-8.69617,-10.2867,-8.69617
P19D,0.8,1,-6.21747,-7.87338,-6.21747,-8.04018,-10.1222,-8.04018,-10.0635,-11.4763,-10.0635,-10.7661,-13.0031,-10.7661
P19E,1.08386,1,-5.88457,-7.42036,-5.88457,-7.78245,-9.84791,-7.78245,-10.1579,-11.592,-10.1579,-10.5198,-12.7143,-10.5198
P19F,0.800013,1,-5.10004,-6.86709,-5.10003,-6.7331,-8.39345,-6.7331,-6.16801,-8.00328,-6.16801,-7.90664,-9.64058,-7.90664
P19G,3.86877,1,-4.74294,-6.3841,-4.74293,-6.6575,-8.21113,-6.6575,-7.44234,-8.90483,-7.44235,-8.07511,-9.73925,-8.07511
P19H,0.800008,1,-5.11057,-6.90842,-5.11057,-5.09592,-7.51065,-5.09592,-3.63032,-5.3295,-3.63032,-7.52598,-9.9757,-7.52599
P19I,3.80105,1,-4.6043,-6.66635,-4.60429,-5.94784,-7.42746,-5.94784,-6.59877,-8.40147,-6.59878,-9.10955,-11.2076,-9.10955
P19K,3.73957,1,-5.99948,-7.73255,-5.99947,-7.08805,-9.33203,-7.08805,-8.91629,-10.2892,-8.91629,-8.94702,-10.7804,-8.94703
P19L,3.79885,1,-3.49494,-5.7551,-3.49493,-5.75373,-7.2949,-5.75373,-5.16849,-6.94279,-5.16849,-5.97895,-7.98038,-5.97895
P19M,3.87717,1,-4.65456,-6.86988,-4.65455,-7.07241,-8.77546,-7.07241,-6.806,-8.94506,-6.806,-9.62496,-11.7278,-9.62496
P19N,3.95192,1,-5.11764,-6.91861,-5.11763,-6.99558,-9.11952,-6.99558,-7.51914,-9.12516,-7.51914,-8.99556,-11.039,-8.99557
P19Q,0.8,1,-4.53731,-6.09729,-4.5373,-5.86401,-8.06789,-5.864,-6.58206,-8.18992,-6.58205,-7.6689,-10.2334,-7.66891
P19R,3.85325,1,-5.68488,-7.4357,-5.68487,-5.90125,-8.4103,-5.90125,-7.35411,-8.67767,-7.35411,-7.61016,-9.85941,-7.61017
P19S,3.83942,1,-3.5067,-5.2873,-3.50669,-4.6984,-6.61281,-4.69839,-4.70082,-6.59571,-4.70082,-5.31589,-6.9909,-5.3159
P19T,0.800384,1,-4.05639,-6.00538,-4.05638,-5.85967,-7.21088,-5.85967,-5.66665,-7.47459,-5.66665,-7.40898,-9.67291,-7.40899
P19V,3.87042,1,-4.08982,-6.15909,-4.08981,-5.79071,-7.19701,-5.7907,-7.09382,-8.91296,-7.09383,-8.76991,-10.7875,-8.76991
P19W,3.8295,1,-6.74499,-8.71549,-6.74499,-8.30928,-9.9625,-8.30928,-9.44902,-10.9725,-9.44902,-10.1467,-11.6189,-10.1467
P19Y,3.84833,1,-5.36325,-6.86983,-5.36324,-6.25881,-8.03051,-6.25881,-5.24829,-7.05989,-5.24828,-8.39937,-10.3519,-8.39938
Q33A,3.51084,1,-0.272002,-3.73547,-0.272001,0.456872,-3.02208,0.456872,0.0407534,-3.38118,0.0407543,0.0727141,-3.24976,0.0727179
Q33C,3.51677,1,-2.69094,-6.25754,-2.69094,-1.76114,-5.39343,-1.76114,-2.92291,-6.09993,-2.92291,-1.94371,-5.28618,-1.94371
Q33D,3.71331,1,0.435076,-3.00249,0.435078,0.692195,-2.54745,0.692198,1.35103,-2.18057,1.35103,0.155941,-3.20758,0.155943
Q33E,3.69805,1,0.862008,-2.61664,0.862008,0.862325,-2.61118,0.862326,1.64756,-1.84156,1.64757,0.574867,-2.86376,0.574867
Q33F,2.98114,1,-1.28355,-4.96401,-1.28355,-0.98933,-4.60481,-0.989329,-2.16037,-5.41687,-2.16036,-2.871,-6.16487,-2.87099
Q33G,3.64484,1,0.0501485,-3.23025,0.0501506,1.17188,-2.30068,1.17188,0.125832,-3.28084,0.125834,0.337373,-2.92166,0.337375
Q33H,3.53413,1,-0.598049,-4.27442,-0.598047,-0.150665,-3.54639,-0.150664,-0.841053,-4.26829,-0.841053,-0.880153,-4.10713,-0.880153
Q33I,3.41872,1,-1.07055,-4.66484,-1.07055,-0.798455,-4.38144,-0.798457,-1.46963,-4.96974,-1.46962,-1.49409,-4.75384,-1.49409
Q33K,3.33468,1,0.681865,-2.99102,0.681864,0.610693,-2.63945,0.610693,0.128793,-3.35967,0.128793,0.813229,-2.80892,0.813228
Q33L,3.34693,1,-0.519238,-4.19465,-0.519236,-0.509156,-4.03164,-0.509156,-1.02187,-4.28029,-1.02186,-1.5896,-4.81464,-1.58959
Q33M,3.55422,1,-1.42771,-4.9847,-1.42771,-1.01237,-4.64842,-1.01237,-1.14223,-4.39107,-1.14223,-2.14994,-5.42044,-2.14994
Q33N,3.34673,1,0.160749,-3.34067,0.160751,0.256772,-2.90034,0.256773,-0.122989,-3.51633,-0.122987,-0.191235,-3.51726,-0.191233
Q33P,2.61765,1,-0.669916,-4.31248,-0.669913,-0.301114,-3.65736,-0.301114,-0.606669,-4.2231,-0.606664,-0.794753,-3.65799,-0.794751
Q33R,3.31195,1,0.159747,-3.59259,0.159748,0.692098,-2.61459,0.692099,0.17965,-3.34893,0.17965,0.318355,-3.10147,0.318353
Q33S,3.37142,1,0.204458,-3.29009,0.20446,1.06171,-2.20569,1.06171,0.747374,-2.60465,0.747374,0.627622,-2.65209,0.627624
Q33T,3.57099,1,-0.0395668,-3.60122,-0.0395646,0.68363,-2.72383,0.683628,0.285982,-2.99944,0.285984,0.258688,-3.05531,0.25869
Q33V,3.34405,1,-0.832149,-4.36634,-0.832147,-0.406816,-4.06596,-0.406817,-0.921346,-4.38126,-0.921346,-0.57222,-3.8094,-0.572217
Q33W,3.70612,1,-3.51026,-7.34735,-3.51026,-2.39378,-5.74308,-2.39377,-4.2958,-7.41732,-4.29579,-5.37341,-8.69764,-5.37341
Q33Y,2.69229,1,-0.740684,-4.67189,-0.740682,-0.601579,-4.22468,-0.601577,-1.83296,-5.04133,-1.83296,-1.95044,-5.21486,-1.95044
Q54A,3.95172,1,-1.12394,-4.42337,-1.12393,0.00689554,-3.43018,0.0068965,-1.38292,-4.98919,-1.38292,-4.85014,-7.57593,-4.85014
Q54C,3.88041,1,-4.14434,-7.23178,-4.14433,-3.55295,-7.10353,-3.55295,-3.67858,-7.28508,-3.67859,-7.21311,-9.91087,-7.21312
Q54E,3.85532,1,0.884977,-2.71045,0.884979,1.17382,-2.10919,1.17382,0.2488,-3.1729,0.248798,-3.21004,-5.83764,-3.21004
Q54G,3.88582,1,-0.415076,-3.88861,-0.415075,0.58862,-2.93781,0.588621,-0.415241,-4.14116,-0.415239,-3.52992,-6.30734,-3.52992
Q54H,3.91865,1,-1.25605,-4.56376,-1.25606,-1.15795,-4.65305,-1.15795,-0.982931,-4.70266,-0.982928,-3.65918,-6.36173,-3.65918
Q54K,0.825825,1,0.347961,-3.03169,0.347961,0.304024,-3.06173,0.304022,-0.85062,-4.40897,-0.850621,-3.65018,-6.3779,-3.65019
Q54L,3.86939,1,-2.03731,-5.00677,-2.0373,-1.46739,-4.93333,-1.46739,-2.68553,-6.08085,-2.68553,-5.40432,-8.04466,-5.40432
Q54M,3.80533,1,-2.76824,-5.86421,-2.76824,-1.96799,-5.65584,-1.96799,-3.23651,-6.70477,-3.23651,-6.47806,-9.07604,-6.47806
Q54N,3.93265,1,0.171613,-3.3525,0.171613,0.256256,-3.12082,0.256258,-0.603269,-4.08776,-0.603266,-4.02694,-6.74903,-4.02694
Q54P,0.8,1,-4.13567,-7.08565,-4.13567,-3.80025,-6.89823,-3.80025,-4.99658,-8.00682,-4.99658,-6.76969,-9.44167,-6.7697
Q54R,2.54684,1,0.307686,-3.04699,0.307684,0.714436,-2.77941,0.714436,0.571894,-3.41289,0.57189,-1.97313,-4.82902,-1.97313
Q54S,3.97267,1,0.108188,-3.23757,0.108188,1.04965,-2.41251,1.04965,-0.223968,-3.72773,-0.223967,-3.49225,-6.11181,-3.49226
Q54T,3.93843,1,-0.799335,-4.16694,-0.799335,-0.0681195,-3.63748,-0.0681195,-1.18336,-4.69768,-1.18336,-4.79524,-7.37845,-4.79525
Q54V,3.98293,1,-2.41229,-5.50913,-2.41228,-2.07921,-5.5591,-2.07921,-2.77261,-6.31246,-2.77261,-6.5407,-8.97799,-6.54071
Q54W,3.81478,1,-4.69337,-7.76133,-4.69337,-2.90339,-6.09839,-2.90339,-5.26537,-8.76426,-5.26538,-7.28752,-10.3771,-7.28752
Q54Y,2.6752,1,-2.51086,-5.54604,-2.51087,-2.14076,-5.74145,-2.14077,-2.56889,-5.97934,-2.56889,-6.05146,-8.81075,-6.05146
R17A,3.82027,1,-3.88409,-5.77859,-3.88409,-5.0599,-8.10791,-5.0599,-6.92326,-9.93527,-6.92326,-5.73388,-8.47495,-5.73387
R17C,3.76239,1,-7.88464,-9.76625,-7.88463,-6.60132,-9.84401,-6.60132,-6.96195,-9.98804,-6.96195,-6.15374,-8.67846,-6.15374
R17D,3.83159,1,-6.46015,-7.49357,-6.46014,-7.46851,-10.7374,-7.46851,-10.5449,-13.0236,-10.5449,-9.86361,-12.4782,-9.86359
R17E,3.86049,1,-5.18129,-6.42694,-5.18128,-7.56539,-10.8931,-7.56539,-9.79248,-12.2189,-9.79248,-9.32437,-11.7848,-9.32436
R17F,2.13814,1,-5.7669,-7.75351,-5.76689,-7.09183,-10.097,-7.09183,-9.06231,-11.9748,-9.06231,-7.99321,-10.2428,-7.9932
R17G,3.83064,1,-4.28316,-6.03341,-4.28315,-4.60261,-8.15862,-4.60261,-5.70971,-9.07558,-5.70971,-5.1296,-8.09453,-5.12959
R17H,3.65501,1,-4.74707,-6.5198,-4.74706,-5.22579,-8.56313,-5.22578,-6.16016,-8.83937,-6.16015,-6.91616,-9.7593,-6.91616
R17I,3.84208,1,-4.58123,-6.6725,-4.58122,-6.64779,-9.5339,-6.64779,-8.53459,-11.5908,-8.53459,-7.56785,-9.83416,-7.56784
R17K,3.87647,1,-1.39167,-3.83537,-1.39167,-0.767947,-4.17022,-0.767948,-2.81318,-5.90969,-2.81317,-1.74372,-4.13467,-1.74371
R17L,0.8,1,-3.96334,-6.04568,-3.96333,-5.21452,-8.00617,-5.21452,-5.94284,-8.96432,-5.94285,-5.84115,-8.244,-5.84115
R17M,2.35777,1,-4.45987,-6.6936,-4.45986,-5.58844,-8.94369,-5.58844,-6.94998,-10.223,-6.94998,-5.28378,-7.40299,-5.28378
R17N,3.81243,1,-3.23541,-5.51632,-3.2354,-2.3825,-6.04528,-2.3825,-6.85291,-9.90532,-6.85291,-5.38165,-8.49636,-5.38164
R17P,0.981437,1,-7.56047,-8.85388,-7.56047,-9.22178,-11.4216,-9.22178,-10.4437,-11.7503,-10.4437,-10.7,-12.8307,-10.7
R17Q,3.78897,1,-3.01923,-5.09719,-3.01922,-4.54581,-7.59712,-4.54581,-5.76013,-8.28564,-5.76013,-4.6133,-7.47547,-4.61329
R17S,3.87689,1,-4.06056,-5.88527,-4.06055,-4.81673,-8.06127,-4.81673,-6.21922,-9.22499,-6.21922,-5.72059,-8.51541,-5.72058
R17T,3.81863,1,-4.10562,-6.00192,-4.10561,-6.62456,-9.69972,-6.62457,-7.45353,-10.491,-7.45353,-7.23189,-9.7052,-7.23188
R17V,3.82509,1,-4.50482,-6.49022,-4.50481,-7.00836,-9.76032,-7.00836,-8.68707,-11.6197,-8.68707,-7.91089,-10.4041,-7.91088
R17W,1.73333,1,-7.96805,-9.89374,-7.96804,-8.61399,-11.7109,-8.61399,-8.68342,-11.3416,-8.68342,-9.42872,-12.0372,-9.42871
R17Y,3.78733,1,-5.97311,-7.84619,-5.97311,-6.42481,-9.33549,-6.42481,-8.83079,-11.6749,-8.83078,-7.99428,-10.3914,-7.99427
R22A,3.86736,1,1.97698,-1.92357,1.977,0.155102,-2.84726,0.155102,-6.46029,-9.63736,-6.46028,-7.66361,-8.87045,-7.66361
R22C,2.62196,1,-1.29806,-5.48966,-1.29804,-2.65538,-6.08829,-2.65538,-6.90968,-10.1101,-6.90968,-6.2574,-7.29953,-6.25739
R22D,0.8,1,-1.95626,-5.69098,-1.95625,-4.92221,-7.45561,-4.92221,-8.30141,-10.4478,-8.30141,-10.3975,-11.3289,-10.3975
R22E,1.02342,1,-1.93747,-5.34094,-1.93746,-4.38114,-7.03125,-4.38114,-7.97607,-10.0975,-7.97606,-9.3785,-10.2489,-9.3785
R22F,0.8,1,-1.06431,-4.55413,-1.06429,-4.31342,-7.02659,-4.31343,-10.1259,-12.576,-10.1259,-10.111,-11.2542,-10.111
R22G,3.91448,1,0.820226,-3.08501,0.820247,-1.13813,-3.91458,-1.13813,-6.17499,-9.16618,-6.17499,-6.91539,-8.13874,-6.91538
R22H,3.71194,1,-0.565025,-4.15827,-0.565015,-2.54899,-5.77269,-2.54899,-4.79581,-7.60794,-4.79581,-5.67456,-7.23573,-5.67455
R22I,1.32792,1,0.838449,-3.34671,0.838471,-1.49876,-4.63397,-1.49876,-8.35412,-11.1134,-8.35411,-9.06275,-9.82428,-9.06275
R22K,3.91049,1,-0.175858,-3.57257,-0.175855,-1.41885,-4.68143,-1.41885,-4.91905,-7.00356,-4.91904,-6.05748,-7.55612,-6.05748
R22L,1.38094,1,1.31983,-2.82929,1.31985,-2.49512,-5.40089,-2.49512,-8.26558,-10.4232,-8.26557,-7.26322,-8.47834,-7.26322
R22M,3.04991,1,0.150734,-3.72609,0.150755,-2.99135,-5.92957,-2.99136,-8.04885,-10.4865,-8.04884,-8.70833,-10.1071,-8.70833
R22N,1.76291,1,1.52874,-2.56242,1.52875,-0.619522,-3.70583,-0.61952,-6.65775,-9.08401,-6.65775,-8.09853,-9.67868,-8.09853
R22P,0.8,1,-2.20591,-6.0033,-2.2059,-3.3944,-5.93202,-3.3944,-8.23268,-10.8011,-8.23267,-7.66658,-8.18036,-7.66657
R22Q,3.88915,1,-0.23581,-3.81934,-0.235801,-2.58759,-5.65754,-2.58759,-5.37152,-7.44621,-5.37152,-5.79371,-6.96655,-5.79371
R22S,3.81854,1,2.1145,-1.89729,2.11452,0.00847006,-2.98691,0.00847077,-4.56855,-8.12619,-4.56854,-6.46221,-7.63569,-6.4622
R22T,3.33542,1,1.48486,-2.87116,1.48488,-0.322754,-3.47088,-0.322755,-5.49042,-8.41253,-5.49041,-8.14399,-9.33961,-8.14398
R22V,1.57088,1,0.926708,-3.31147,0.926729,-0.712018,-3.92835,-0.712021,-8.03962,-10.7239,-8.03961,-8.70576,-9.44824,-8.70576
R22W,3.13757,1,-3.10295,-6.89308,-3.10293,-5.73831,-8.34975,-5.73832,-8.77712,-11.0431,-8.77712,-7.55043,-9.14761,-7.55042
R22Y,3.70185,1,-0.732472,-4.31884,-0.732461,-3.64489,-6.54808,-3.64489,-9.00769,-11.5376,-9.00768,-8.56042,-9.7138,-8.56042
R24A,3.91043,1,-1.56711,-4.8908,-1.56711,-1.89835,-5.39214,-1.89835,-2.97967,-7.29097,-2.97967,-3.61586,-6.24724,-3.61586
R24C,3.78725,1,-4.03742,-7.32869,-4.03741,-4.15699,-7.94759,-4.15698,-6.39739,-9.74146,-6.39739,-5.46283,-8.52859,-5.46283
R24D,3.78733,1,-3.63779,-6.82819,-3.63779,-4.948,-8.55734,-4.94799,-6.65329,-10.5088,-6.65329,-6.64909,-9.09618,-6.6491
R24E,0.8,1,-2.95051,-6.04486,-2.95051,-3.86778,-7.44121,-3.86778,-5.21969,-9.01453,-5.21969,-5.34456,-7.96129,-5.34456
R24F,3.9197,1,-3.2395,-6.36946,-3.2395,-3.86348,-7.26377,-3.86347,-6.29886,-9.89199,-6.29887,-6.13249,-8.83127,-6.13249
R24G,3.84335,1,-1.43224,-4.66269,-1.43224,-1.87199,-5.55918,-1.87199,-3.13814,-6.93652,-3.13815,-3.44181,-6.06667,-3.44181
R24H,3.65778,1,-2.49041,-5.69826,-2.49041,-3.15573,-6.71867,-3.15572,-3.4646,-7.34984,-3.4646,-4.15552,-7.03525,-4.15552
R24I,0.806089,1,-1.47199,-4.99554,-1.47199,-2.29006,-5.84141,-2.29006,-4.06986,-8.16045,-4.06986,-5.34149,-8.38969,-5.34149
R24K,3.89298,1,0.584522,-3.04287,0.584523,0.332535,-3.211,0.332536,1.03689,-2.67058,1.03689,-0.259056,-3.14458,-0.259053
R24L,3.9246,1,-1.0395,-4.50545,-1.0395,-1.00058,-4.24326,-1.00058,-2.94285,-6.77372,-2.94285,-3.18639,-6.48335,-3.18639
R24M,3.84222,1,-1.67096,-5.2107,-1.67096,-1.73327,-5.04368,-1.73327,-2.9593,-7.05704,-2.9593,-4.03371,-6.95836,-4.03371
R24N,2.03,1,-1.81684,-4.67442,-1.81684,-2.33839,-5.96409,-2.33839,-3.41933,-7.23203,-3.41933,-3.66656,-6.38624,-3.66656
R24P,3.80588,1,-5.54066,-8.95029,-5.54065,-7.11492,-10.3095,-7.11492,-6.8952,-9.98682,-6.89521,-9.40667,-11.9411,-9.40667
R24Q,3.85574,1,-1.31776,-4.77366,-1.31776,-1.37657,-4.93833,-1.37656,-1.60728,-5.64236,-1.60728,-2.59402,-5.4868,-2.59402
R24S,3.82405,1,-1.25219,-4.51568,-1.25219,-1.33507,-5.06139,-1.33507,-2.27861,-6.4578,-2.27861,-2.62311,-5.36741,-2.62311
R24T,2.21306,1,-2.19007,-5.63601,-2.19007,-2.88744,-6.43578,-2.88743,-3.37187,-7.49019,-3.37187,-4.43168,-7.15678,-4.43169
R24V,3.15259,1,-1.9347,-5.34105,-1.9347,-3.29359,-6.78243,-3.29358,-4.60868,-8.69238,-4.60868,-5.54754,-8.23802,-5.54754
R24W,1.45144,1,-4.87097,-7.83105,-4.87097,-5.15404,-8.34036,-5.15404,-6.73112,-9.8617,-6.73112,-6.51862,-9.23466,-6.51862
R24Y,3.94779,1,-2.94639,-5.96221,-2.94639,-3.58115,-6.93207,-3.58115,-5.78745,-9.56107,-5.78745,-5.49575,-8.20781,-5.49575
R5A,3.87537,1,-0.644999,-3.82108,-0.645,-3.35971,-6.3778,-3.35971,-6.92122,-8.87153,-6.92122,-4.73596,-6.75202,-4.73596
R5C,3.77081,1,-4.38796,-7.56611,-4.38796,-5.29858,-8.25302,-5.29858,-6.9072,-8.5462,-6.9072,-4.83319,-6.4424,-4.83319
R5D,2.26925,1,-0.902187,-3.92843,-0.902185,-3.74909,-6.78423,-3.74909,-8.31177,-10.4467,-8.31177,-6.33796,-8.50786,-6.33796
R5E,4.11699,1,-0.180601,-3.09339,-0.1806,-2.92731,-6.13297,-2.9273,-7.2881,-9.46786,-7.28809,-5.54501,-8.08513,-5.54501
R5F,3.80843,1,-1.24266,-4.61181,-1.24266,-3.22806,-6.13757,-3.22806,-6.55915,-7.97909,-6.55915,-2.95804,-5.45879,-2.95804
R5G,3.69147,1,-1.93166,-5.03982,-1.93167,-4.00783,-6.89022,-4.00783,-7.25727,-8.84629,-7.25727,-5.35252,-6.97192,-5.35252
R5H,3.68847,1,-1.72588,-5.01677,-1.72588,-3.48756,-6.48961,-3.48755,-4.78373,-7.10505,-4.78372,-4.05538,-6.31033,-4.05538
R5I,3.8136,1,-0.205567,-3.44461,-0.205568,-2.96164,-5.85031,-2.96164,-6.1897,-7.92361,-6.18969,-3.73166,-5.65078,-3.73166
R5K,3.8227,1,-0.192707,-3.6863,-0.192708,-0.368512,-3.86354,-0.368513,-3.10017,-6.04913,-3.10017,-1.50741,-4.87319,-1.50741
R5L,3.80899,1,0.805431,-2.34909,0.805431,-2.22834,-5.20737,-2.22833,-5.06414,-6.63706,-5.06414,-2.12147,-4.14491,-2.12148
R5M,0.802432,1,-0.66118,-4.14009,-0.66118,-3.34707,-6.44498,-3.34706,-5.83256,-7.86351,-5.83256,-3.46991,-5.80271,-3.46991
R5N,3.81499,1,-1.15029,-4.26311,-1.15029,-2.99908,-6.05379,-2.99908,-5.94721,-8.4514,-5.94721,-3.99057,-6.90771,-3.99057
R5P,3.80474,1,-1.85449,-4.85639,-1.85449,-3.98734,-6.93031,-3.98733,-7.38901,-9.50071,-7.38901,-5.2624,-7.09035,-5.2624
R5Q,3.76304,1,-0.181602,-3.58388,-0.181602,-2.11424,-5.50364,-2.11424,-3.87012,-6.85099,-3.87011,-2.87215,-5.53137,-2.87216
R5S,3.83894,1,-0.901413,-3.99798,-0.901415,-3.06507,-6.07567,-3.06506,-6.21179,-8.21237,-6.21179,-4.68406,-6.73061,-4.68406
R5T,3.92327,1,-0.724137,-3.91606,-0.724139,-3.14249,-6.08942,-3.14249,-6.36107,-8.67064,-6.36107,-4.40245,-6.66409,-4.40245
R5V,3.85076,1,-0.104429,-3.12201,-0.104429,-3.19385,-6.06029,-3.19384,-6.62135,-8.41496,-6.62135,-4.52238,-6.56667,-4.52238
R5W,3.79329,1,-3.18614,-6.45314,-3.18614,-5.02723,-7.9248,-5.02723,-7.21036,-9.06834,-7.21036,-5.51096,-7.59679,-5.51096
R5Y,3.81521,1,-1.26673,-4.6696,-1.26674,-3.49027,-6.35091,-3.49026,-6.35409,-8.3316,-6.35409,-4.18822,-6.82856,-4.18823
R60A,3.95341,1,-2.07126,-5.12003,-2.07127,-0.845228,-3.97794,-0.845229,-2.17963,-5.10734,-2.17963,-1.12533,-4.80154,-1.12533
R60C,3.80326,1,-5.0793,-8.35198,-5.07931,-3.16721,-6.42696,-3.16721,-3.83732,-6.95764,-3.83732,-3.27463,-6.95547,-3.27463
R60D,3.91558,1,-1.00644,-3.7801,-1.00644,0.0284927,-3.26149,0.0284927,-1.75567,-4.50798,-1.75567,-0.407349,-4.26768,-0.407346
R60E,3.90321,1,-0.784027,-3.68682,-0.784031,0.20218,-3.10057,0.20218,-1.66756,-4.76262,-1.66756,-0.677326,-4.33709,-0.677322
R60F,3.83126,1,-3.76439,-6.82041,-3.76439,-1.98609,-5.38246,-1.9861,-4.25324,-7.23475,-4.25324,-3.20934,-6.75013,-3.20934
R60G,3.91471,1,-1.73838,-4.67523,-1.73839,-0.312651,-3.47689,-0.31265,-1.80394,-4.82566,-1.80394,-0.442875,-4.38642,-0.442878
R60H,3.74688,1,-2.21878,-5.2989,-2.21878,-1.61678,-4.97682,-1.61678,-1.92145,-5.00883,-1.92145,-1.78938,-5.34922,-1.78939
R60I,3.88945,1,-3.04386,-6.32655,-3.04386,-1.50811,-4.86679,-1.50812,-3.27165,-6.39492,-3.27165,-2.34438,-5.94568,-2.34438
R60K,4.12284,1,0.399009,-3.1105,0.399008,0.0815947,-3.52916,0.0815957,-0.123116,-3.64654,-0.123117,-0.110907,-3.53358,-0.110906
R60L,3.83826,1,-2.4887,-5.60952,-2.4887,-0.788412,-3.97569,-0.788419,-2.93717,-5.9972,-2.93718,-1.9899,-5.38522,-1.98989
R60M,3.84452,1,-3.34479,-6.63916,-3.34479,-1.82363,-4.98984,-1.82363,-4.01481,-7.14665,-4.01481,-3.11363,-6.64495,-3.11363
R60N,3.94846,1,-1.12374,-4.31951,-1.12375,-0.308965,-3.77593,-0.308965,-1.43916,-4.64685,-1.43916,-0.185794,-4.11932,-0.185794
R60P,3.84362,1,-3.38192,-6.15577,-3.38192,-2.56724,-5.20807,-2.56724,-4.02421,-6.75973,-4.02422,-2.80954,-6.06548,-2.80953
R60S,3.92661,1,-1.24711,-4.2888,-1.24711,-0.00706387,-3.25686,-0.00706363,-0.975652,-3.95136,-0.975655,0.0757535,-3.84479,0.0757512
R60T,3.77354,1,-1.84259,-4.7386,-1.84259,-0.835838,-4.06828,-0.835839,-1.57218,-4.55141,-1.57218,-0.849962,-4.58687,-0.849962
R60V,2.5252,1,-2.79683,-6.00248,-2.79683,-1.46838,-4.74413,-1.46838,-2.7072,-5.68249,-2.7072,-1.97422,-5.46359,-1.97422
R60W,3.89257,1,-5.39222,-8.21668,-5.39222,-3.50193,-6.56396,-3.50194,-5.42058,-8.365,-5.42058,-4.19548,-7.62873,-4.19548
R60Y,3.75357,1,-3.5844,-6.74281,-3.5844,-2.18867,-5.44109,-2.18867,-3.33015,-6.45289,-3.33015,-2.96281,-6.42519,-2.96282
S13A,1.70058,1,0.265882,-2.89551,0.265879,0.551177,-3.35678,0.551179,-3.89508,-7.48157,-3.89508,-2.66201,-5.95914,-2.66201
S13C,3.85454,1,-2.68485,-5.55289,-2.68485,-1.96802,-5.81937,-1.96802,-5.93435,-8.99489,-5.93435,-4.9599,-7.46574,-4.95989
S13D,3.85165,1,-4.83045,-7.49071,-4.83045,-5.38354,-8.86661,-5.38354,-8.54725,-11.4124,-8.54725,-5.34069,-7.45805,-5.3407
S13E,3.90541,1,-4.31836,-6.75217,-4.31835,-6.00083,-9.95997,-6.00083,-9.64584,-13.2024,-9.64584,-7.79398,-10.5181,-7.79399
S13F,3.79502,1,-2.19184,-4.8957,-2.19183,-4.25779,-8.29426,-4.25779,-7.37497,-10.0746,-7.37497,-7.96748,-10.2001,-7.96748
S13G,3.78874,1,-1.94858,-4.91424,-1.94858,-1.67863,-5.43176,-1.67863,-4.64715,-8.06609,-4.64715,-3.31486,-6.30449,-3.31487
S13H,3.76999,1,-3.32689,-5.98639,-3.32687,-5.36829,-8.99153,-5.36829,-8.40632,-11.5414,-8.40632,-7.71159,-9.61311,-7.71159
S13I,1.79266,1,-1.20945,-4.35851,-1.20945,-1.44433,-5.82473,-1.44433,-7.38615,-10.5815,-7.38615,-7.44598,-9.8687,-7.44598
S13K,3.87347,1,-2.90159,-5.69075,-2.90158,-6.16997,-9.66515,-6.16997,-9.89765,-13.2143,-9.89765,-9.23396,-11.8536,-9.23396
S13L,3.78377,1,-0.903202,-3.90069,-0.903197,-2.02929,-6.31902,-2.02929,-7.15131,-10.46,-7.15131,-7.86657,-9.60279,-7.86657
S13M,3.87832,1,-1.89402,-4.71555,-1.89402,-2.97467,-7.03256,-2.97467,-7.44768,-10.5776,-7.44768,-7.26358,-9.58512,-7.26358
S13N,3.75815,1,-2.6243,-5.70064,-2.62429,-2.56195,-5.52731,-2.56195,-6.11454,-9.1891,-6.11453,-4.50708,-7.34813,-4.50709
S13P,3.86971,1,-4.76253,-7.44562,-4.76253,-5.47088,-9.35581,-5.47089,-8.25046,-10.9205,-8.25046,-7.76706,-9.94,-7.76706
S13Q,3.8812,1,-3.08681,-5.76932,-3.0868,-4.86592,-8.49977,-4.86592,-8.91878,-12.3885,-8.91879,-7.67571,-9.38066,-7.67572
S13R,3.91839,1,-2.27805,-4.85897,-2.27804,-4.94153,-8.74984,-4.94154,-8.18032,-10.9923,-8.18032,-7.3594,-9.55523,-7.35941
S13T,3.86941,1,-1.36016,-4.4505,-1.36016,-1.35706,-4.93569,-1.35706,-4.11213,-7.41118,-4.11213,-4.03544,-7.00455,-4.03543
S13V,2.21225,1,-1.12281,-4.25632,-1.12281,-0.746568,-4.92966,-0.746565,-6.30663,-9.59062,-6.30663,-6.421,-9.10358,-6.42099
S13W,3.80545,1,-4.44245,-7.19184,-4.44244,-7.98988,-11.8396,-7.98988,-9.18161,-11.381,-9.18161,-9.27864,-11.7795,-9.27864
S13Y,3.94328,1,-2.9753,-5.57048,-2.97529,-5.40852,-8.99402,-5.40852,-8.28092,-11.293,-8.28092,-8.15303,-10.7625,-8.15303
S31A,3.74362,1,0.725554,-2.83781,0.725553,0.570276,-2.80309,0.570276,0.900029,-2.63003,0.900029,0.0919402,-3.10207,0.0919392
S31C,3.75944,1,-2.61464,-6.19965,-2.61464,-2.50933,-6.14215,-2.50933,-2.3869,-6.0763,-2.3869,-3.08588,-6.48063,-3.08588
S31D,3.71576,1,-0.440074,-3.83335,-0.440076,-0.802361,-4.49699,-0.80236,-1.09764,-4.77438,-1.09764,0.279701,-3.53424,0.279704
S31E,3.38161,1,0.120367,-3.29285,0.120366,0.335483,-3.33217,0.335485,-0.413475,-4.14313,-0.413477,0.0526197,-3.29577,0.0526223
S31F,3.53695,1,-1.37205,-4.90425,-1.37205,-2.22832,-5.8653,-2.22832,-3.46222,-6.96732,-3.46222,-3.8649,-7.28611,-3.8649
S31G,3.73115,1,-0.251615,-3.72523,-0.251616,-0.547577,-4.00769,-0.547576,-0.342987,-4.06712,-0.342988,-0.0822291,-3.39677,-0.0822294
S31H,3.60303,1,-1.33797,-4.92752,-1.33797,-1.36396,-4.83837,-1.36396,-0.511119,-4.36213,-0.511118,-1.32731,-4.73387,-1.32731
S31I,3.34193,1,0.148267,-3.47052,0.148266,-0.199456,-3.93988,-0.199455,-0.803298,-4.40871,-0.803294,-1.68718,-5.1735,-1.68718
S31K,3.71966,1,0.653801,-2.9826,0.653801,1.11438,-2.39079,1.11438,1.3777,-2.3495,1.3777,0.466161,-3.04895,0.466157
S31L,3.55698,1,1.40894,-2.07349,1.40894,1.06403,-2.78411,1.06403,-0.529306,-4.13195,-0.529302,-1.29182,-4.80086,-1.29182
S31M,3.50565,1,-0.122781,-3.58444,-0.122781,-0.290266,-4.02931,-0.290266,-1.31937,-4.85431,-1.31937,-2.33075,-5.70705,-2.33075
S31N,3.70466,1,-0.461771,-4.00757,-0.461771,-0.62978,-4.13499,-0.629781,-0.339351,-3.89338,-0.33935,-0.507984,-4.09049,-0.507984
S31P,3.69308,1,-1.86683,-5.49707,-1.86683,-1.79485,-5.12364,-1.79485,-1.00097,-5.25869,-1.00098,0.269854,-3.47494,0.269857
S31Q,3.5328,1,0.310047,-3.27511,0.310046,0.450247,-3.17087,0.450247,0.820899,-2.92415,0.8209,-0.112287,-3.50745,-0.112289
S31R,3.88413,1,0.887963,-2.78894,0.887961,0.918583,-2.73554,0.918582,1.149,-2.68441,1.149,-0.122598,-3.54955,-0.122605
S31T,3.54455,1,-0.426073,-3.94645,-0.426073,-0.932501,-4.48847,-0.9325,-0.809565,-4.38916,-0.809564,-0.725944,-4.20042,-0.725944
S31V,3.76973,1,-0.0803499,-3.65656,-0.0803497,-0.65093,-4.12674,-0.65093,-0.728152,-4.36385,-0.72815,-1.12342,-4.50205,-1.12342
S31W,3.57357,1,-3.39141,-7.05225,-3.39141,-4.25839,-7.81089,-4.25839,-5.25972,-9.10477,-5.25972,-5.49749,-8.80958,-5.4975
S31Y,3.26366,1,-1.66167,-5.17979,-1.66167,-2.38404,-6.10679,-2.38404,-2.99658,-6.88852,-2.99658,-2.80439,-6.05448,-2.80439
S40A,3.83633,1,0.236792,-3.31732,0.236792,0.120859,-3.36728,0.120859,-0.414603,-3.9094,-0.414603,-0.960953,-4.21001,-0.960952
S40C,3.83486,1,-2.56136,-6.12483,-2.56136,-3.2206,-6.86878,-3.2206,-3.57234,-6.9741,-3.57234,-3.85521,-6.74337,-3.85521
S40D,3.76828,1,-0.0879149,-3.69232,-0.0879149,-0.447498,-3.83572,-0.447497,-0.492873,-3.8295,-0.492872,-1.59217,-4.82917,-1.59217
S40E,2.28041,1,1.17325,-2.45336,1.17325,0.523587,-2.82796,0.523588,-0.227465,-3.60619,-0.227466,-0.87037,-3.8621,-0.870373
S40F,3.90682,1,-1.00711,-4.41552,-1.00711,-1.1425,-4.86668,-1.14251,-2.79278,-6.55071,-2.79278,-3.47677,-6.85259,-3.47676
S40G,3.81236,1,-0.951149,-4.40441,-0.951147,-1.15482,-4.48299,-1.15482,-0.563843,-3.68964,-0.563843,0.716396,-2.60881,0.716397
S40H,4.00787,1,-0.974183,-4.63803,-0.97418,-1.65986,-5.0499,-1.65987,-1.86495,-5.4234,-1.86495,-2.78565,-6.04032,-2.78564
S40I,4.0828,1,0.325901,-3.19338,0.325899,1.15781,-2.8319,1.15781,-0.258106,-4.10564,-0.25811,-1.57957,-4.12231,-1.57958
S40K,3.8661,1,0.966084,-2.71114,0.966081,0.73978,-2.75888,0.739781,-0.963348,-4.30027,-0.963349,-1.97991,-5.10118,-1.97991
S40L,3.90138,1,0.683521,-2.86034,0.68352,1.00836,-2.83525,1.00836,-0.454726,-4.05083,-0.454729,-1.22846,-3.98493,-1.22845
S40N,3.85894,1,-0.713619,-4.33903,-0.713621,-0.649184,-4.11498,-0.649184,-0.834659,-4.1419,-0.83466,-1.32444,-4.81106,-1.32444
S40P,3.84404,1,-2.16309,-5.84885,-2.16309,-2.95332,-6.07963,-2.95332,-2.86117,-6.25004,-2.86116,-4.40009,-7.84154,-4.40009
S40Q,3.92764,1,0.902608,-2.86134,0.902606,0.258265,-3.14909,0.258265,-0.710358,-4.08202,-0.710357,-0.698511,-3.77816,-0.698512
S40R,4.7,1,0.968686,-2.68275,0.968681,0.717515,-2.86526,0.717516,-0.421261,-3.90492,-0.421262,-0.662087,-3.33326,-0.662082
S40T,0.8,1,0.196792,-3.19294,0.196791,0.531526,-3.12422,0.531524,-0.427099,-3.9443,-0.427099,-0.74501,-3.82942,-0.74501
S40V,3.91902,1,0.313698,-3.23375,0.313696,0.625076,-3.17084,0.625074,-0.377247,-4.08836,-0.37725,-1.43715,-4.00651,-1.43715
S40W,3.91632,1,-2.30938,-5.65655,-2.30938,-3.5256,-7.06705,-3.5256,-4.99376,-8.69207,-4.99376,-5.48961,-8.37717,-5.4896
S40Y,3.87856,1,-0.777773,-4.23881,-0.77777,-1.66184,-5.35198,-1.66185,-3.0121,-6.92613,-3.0121,-3.81251,-7.22169,-3.8125
T18A,3.86931,1,-0.461542,-3.80115,-0.461542,-1.78243,-5.80727,-1.78242,-2.20524,-4.95815,-2.20524,-2.20374,-4.85872,-2.20374
T18C,1.73362,1,-5.85183,-8.29174,-5.85182,-5.66192,-9.91682,-5.66191,-6.99862,-9.93693,-6.99862,-7.47731,-9.20681,-7.47732
T18D,3.81081,1,-3.63282,-5.927,-3.63282,-3.7057,-7.66158,-3.70569,-5.34593,-7.80066,-5.34593,-7.0294,-8.63526,-7.02941
T18E,3.85287,1,-2.79065,-5.42541,-2.79063,-3.58016,-7.72401,-3.58016,-5.21764,-7.60355,-5.21764,-7.66363,-9.01611,-7.66363
T18F,3.96903,1,-3.98178,-6.36839,-3.98178,-6.49445,-10.2314,-6.49444,-7.73596,-10.2914,-7.73596,-7.58646,-8.62945,-7.58646
T18G,3.91449,1,-1.24157,-4.19393,-1.24156,-1.98918,-6.56772,-1.98917,-0.341933,-2.76882,-0.341932,-4.86364,-6.59285,-4.86365
T18H,3.88441,1,-2.37447,-5.20438,-2.37447,-4.14935,-8.26426,-4.14934,-5.26135,-7.50518,-5.26135,-6.31104,-7.20116,-6.31104
T18I,1.52028,1,-3.19911,-5.68759,-3.19911,-3.717,-7.57263,-3.71699,-4.94167,-8.13619,-4.94166,-5.48824,-7.63493,-5.48824
T18K,3.86238,1,-2.30338,-5.16218,-2.30337,-5.05552,-9.00966,-5.05552,-5.34917,-7.35831,-5.34916,-6.25347,-7.86124,-6.25348
T18L,0.8,1,-1.67913,-4.55617,-1.67912,-3.72471,-7.59133,-3.72471,-5.45887,-7.762,-5.45887,-5.38587,-6.40445,-5.38587
T18M,3.79954,1,-2.77075,-5.56435,-2.77075,-3.66005,-7.44661,-3.66005,-5.42004,-7.93353,-5.42004,-5.97923,-8.20634,-5.97923
T18N,3.90313,1,-0.587167,-3.83715,-0.587165,-1.63523,-5.43385,-1.63522,-1.92101,-4.20465,-1.92101,-3.26689,-4.64599,-3.26689
T18P,3.86118,1,-3.17405,-5.75909,-3.17404,-6.3136,-9.4806,-6.31359,-6.77854,-8.71718,-6.77854,-7.92364,-9.53702,-7.92364
T18Q,3.84053,1,-1.09512,-4.11104,-1.09512,-2.06412,-6.84628,-2.06411,-3.89828,-5.76808,-3.89828,-6.75824,-7.94065,-6.75824
T18R,3.78541,1,-1.77485,-4.59913,-1.77484,-4.66876,-8.84346,-4.66876,-5.52403,-7.32213,-5.52403,-5.77003,-7.05959,-5.77003
T18S,3.76474,1,-0.779455,-3.96546,-0.779453,-1.45584,-4.682,-1.45583,0.128473,-2.72618,0.128473,-2.40752,-4.57302,-2.40753
T18V,0.8,1,-2.5606,-5.21039,-2.5606,-3.4409,-7.33436,-3.4409,-5.04481,-8.04934,-5.0448,-5.77983,-7.62818,-5.77984
T18W,3.89007,1,-6.85494,-8.65717,-6.85493,-7.99995,-12.1763,-7.99995,-9.09457,-11.2939,-9.09456,-9.12095,-10.2036,-9.12095
T18Y,3.70719,1,-4.17676,-6.50467,-4.17676,-6.3857,-10.2725,-6.38569,-7.60809,-10.0784,-7.60808,-7.40682,-8.58534,-7.40683
T21A,3.83949,1,-0.365653,-3.69429,-0.365657,-1.09922,-4.14867,-1.09922,0.261597,-3.5789,0.261585,0.529347,-2.69667,0.529358
T21C,3.75784,1,-4.46157,-7.77926,-4.46158,-5.87475,-9.26027,-5.87475,-4.41951,-8.3817,-4.41951,-5.99372,-9.36029,-5.99371
T21D,2.65775,1,-4.2809,-7.24062,-4.28091,-4.64339,-7.19133,-4.64338,-6.62592,-10.5044,-6.62593,-8.42831,-11.739,-8.4283
T21E,3.84522,1,-3.96413,-7.32129,-3.96414,-4.95959,-7.58023,-4.95958,-6.11802,-9.78268,-6.11803,-6.76294,-9.98335,-6.76293
T21F,4.00324,1,-3.92922,-7.21809,-3.92922,-4.77582,-8.00649,-4.77582,-5.46752,-8.9635,-5.46752,-6.83191,-9.89651,-6.83191
T21G,3.75795,1,-1.89986,-5.49571,-1.89987,-2.62063,-5.48185,-2.62062,-3.481,-7.55518,-3.48101,-3.63956,-6.44503,-3.63954
T21H,3.87925,1,-2.61967,-6.81745,-2.61968,-4.64841,-7.19353,-4.6484,-5.37813,-9.09868,-5.37814,-7.2054,-10.5339,-7.20539
T21I,3.79808,1,-3.59747,-6.656,-3.59748,-4.60599,-7.34786,-4.60599,-4.22671,-8.04407,-4.22672,-6.27822,-9.06927,-6.27821
T21K,2.08983,1,-3.31547,-6.67406,-3.31547,-6.11831,-8.85614,-6.11831,-7.18203,-10.9963,-7.18204,-8.38116,-11.3433,-8.38116
T21L,3.92791,1,-3.24868,-6.52157,-3.24868,-4.47127,-7.40339,-4.47127,-4.48479,-8.25637,-4.4848,-5.85055,-8.87992,-5.85055
T21M,3.76486,1,-3.00159,-6.24483,-3.0016,-3.86569,-6.59473,-3.86569,-3.69415,-7.20884,-3.69415,-4.27778,-7.21972,-4.27778
T21N,3.83683,1,-1.493,-5.34371,-1.49301,-2.12172,-4.44213,-2.12171,-4.06579,-7.77357,-4.0658,-5.30592,-8.17621,-5.30591
T21P,0.961275,1,-6.59967,-9.32627,-6.59967,-7.26297,-9.48202,-7.26297,-8.27584,-11.898,-8.27585,-6.36917,-9.24568,-6.36916
T21Q,3.92092,1,-2.6389,-6.27685,-2.6389,-3.79158,-6.33137,-3.79157,-4.61866,-8.21253,-4.61867,-5.23854,-8.28303,-5.23855
T21R,0.816341,1,-0.562899,-4.20963,-0.562898,-5.44592,-8.39822,-5.44591,-7.22486,-10.7922,-7.22487,-7.98646,-10.9786,-7.98645
T21S,3.82783,1,-0.352365,-3.73138,-0.35237,-1.57947,-4.1247,-1.57947,-0.957874,-4.51821,-0.957875,-1.53322,-4.15887,-1.53321
T21V,3.93176,1,-3.05976,-6.15099,-3.05977,-3.94971,-6.56669,-3.94971,-3.22955,-7.13724,-3.22956,-4.49358,-7.55364,-4.49358
T21W,3.83806,1,-6.35625,-9.37469,-6.35625,-8.0268,-11.1135,-8.02679,-7.98263,-11.3763,-7.98263,-9.40441,-12.6349,-9.40441
T21Y,3.86591,1,-3.38146,-7.04432,-3.38146,-5.22763,-8.0424,-5.22763,-5.95332,-9.35519,-5.95332,-8.24205,-11.7829,-8.24204
T27A,3.03277,1,1.45935,-1.902,1.45935,0.83722,-2.87739,0.83722,1.52141,-2.07378,1.52141,1.22318,-2.23537,1.22318
T27C,3.93767,1,-0.997566,-4.51764,-0.997566,-1.06657,-4.56344,-1.06657,-1.67587,-5.49268,-1.67587,-1.4268,-4.51156,-1.4268
T27D,1.39735,1,-3.74026,-7.44852,-3.74027,-5.0554,-8.26752,-5.0554,-4.2272,-8.52187,-4.2272,-5.02887,-8.20561,-5.02886
T27E,1.61427,1,-3.36589,-7.16439,-3.3659,-4.50272,-7.44667,-4.50272,-3.6899,-7.71844,-3.6899,-4.75374,-7.81295,-4.75374
T27F,3.92344,1,-2.1052,-5.66652,-2.1052,-2.24259,-5.5313,-2.24259,-3.67197,-7.12837,-3.67197,-4.97129,-8.06151,-4.97129
T27G,3.84099,1,-0.500084,-4.22864,-0.500086,-2.49852,-5.88443,-2.49852,-1.01309,-4.84419,-1.0131,-1.22416,-4.25731,-1.22416
T27H,3.89092,1,-3.15704,-6.78928,-3.15705,-2.86329,-6.32655,-2.86329,-3.17949,-6.995,-3.17949,-4.57327,-7.93861,-4.57327
T27I,3.86671,1,0.0218704,-3.63246,0.0218709,0.470213,-2.98809,0.470217,-1.05749,-4.53391,-1.05749,-2.61271,-6.00433,-2.61272
T27K,3.88241,1,-4.45819,-8.14135,-4.4582,-2.42324,-5.62561,-2.42324,-3.39287,-7.32398,-3.39287,-5.21627,-8.60226,-5.21626
T27L,3.90048,1,0.435756,-3.1385,0.435756,1.22489,-2.33946,1.22489,-0.703185,-4.24511,-0.703184,-2.03041,-5.49681,-2.03042
T27M,3.90278,1,-1.427,-4.99547,-1.427,-0.833043,-4.32691,-0.833039,-1.89857,-5.32785,-1.89857,-3.38697,-6.70468,-3.38697
T27N,1.06396,1,-1.26434,-4.57373,-1.26434,-1.24864,-5.1601,-1.24864,-0.992617,-5.22187,-0.992617,-1.00058,-4.4152,-1.00058
T27P,1.17627,1,-3.75923,-7.82716,-3.75923,-5.11145,-8.56331,-5.11145,-6.13129,-9.74205,-6.13129,-6.86215,-8.48433,-6.86215
T27Q,3.84358,1,-2.5879,-6.22363,-2.5879,-2.53946,-5.94415,-2.53946,-2.81562,-6.72131,-2.81562,-3.49612,-6.79475,-3.49612
T27R,3.83591,1,-3.59902,-7.45547,-3.59903,-1.79584,-5.00821,-1.79584,-3.48033,-7.42721,-3.48033,-4.93012,-8.10233,-4.93012
T27S,1.18122,1,0.754192,-2.50797,0.754189,-0.204109,-3.92075,-0.204111,0.564555,-3.06918,0.564553,1.00004,-2.25655,1.00004
T27V,3.59689,1,0.300702,-3.26798,0.3007,0.586967,-2.8036,0.586968,0.156481,-3.25554,0.156482,-1.0447,-4.54378,-1.0447
T27W,3.91344,1,-4.61294,-8.3824,-4.61294,-4.54367,-7.92579,-4.54368,-5.67982,-9.38047,-5.67982,-6.71545,-10.0707,-6.71545
T27Y,3.89521,1,-3.0613,-6.74307,-3.0613,-2.85289,-6.10339,-2.85289,-3.98246,-7.52509,-3.98245,-5.63151,-8.70383,-5.63151
T6A,0.8,1,0.414405,-3.18638,0.414404,0.433148,-3.20055,0.433147,0.137711,-3.33926,0.137709,-0.178637,-3.40675,-0.178637
T6C,3.76326,1,-3.49251,-6.74881,-3.49251,-2.93676,-6.5579,-2.93676,-4.13463,-7.51768,-4.13464,-4.29143,-7.884,-4.29144
T6D,2.55365,1,-0.0345654,-3.26779,-0.0345619,0.245316,-3.14174,0.245313,-1.75648,-4.6976,-1.75649,-0.555959,-3.46716,-0.555964
T6E,0.8,1,0.168437,-3.44266,0.168437,0.0224853,-3.42597,0.0224814,-1.3403,-4.29658,-1.34031,0.776786,-2.68255,0.776785
T6F,3.88162,1,-0.932106,-4.56549,-0.932108,-0.944086,-4.5487,-0.94409,-4.5428,-7.91443,-4.5428,-3.25949,-5.99936,-3.25949
T6G,3.37774,1,-0.952645,-4.5681,-0.952644,-0.33742,-3.89084,-0.337423,-3.05251,-6.40131,-3.05252,-2.20607,-5.36414,-2.20608
T6H,2.22888,1,-1.00247,-4.6091,-1.00247,-0.741742,-4.19288,-0.741745,-3.77276,-7.31381,-3.77277,-1.79742,-5.41978,-1.79742
T6I,3.93427,1,0.00571799,-3.57475,0.00571513,-0.220948,-3.81881,-0.22095,-2.20414,-5.70067,-2.20414,-1.83004,-4.96187,-1.83004
T6K,0.8,1,0.514762,-3.29704,0.514761,0.403634,-3.0147,0.403631,-1.28695,-5.25819,-1.28696,0.187404,-3.66898,0.1874
T6L,3.89596,1,1.10536,-2.66165,1.10536,0.760716,-2.86172,0.760714,-1.87961,-5.5378,-1.87962,-1.1979,-3.80633,-1.1979
T6M,3.90674,1,-0.401172,-3.99485,-0.401173,-0.529348,-4.29818,-0.52935,-2.63349,-6.27127,-2.63349,-1.47155,-4.31596,-1.47154
T6N,1.53983,1,-0.109636,-3.53612,-0.109634,0.301669,-3.2055,0.301667,-1.63418,-4.86544,-1.63419,0.624323,-2.87383,0.624321
T6P,3.88758,1,-1.72804,-5.39913,-1.72805,-0.988079,-4.20465,-0.988081,-5.91125,-9.12208,-5.91126,-4.79853,-7.48586,-4.79854
T6R,1.66943,1,0.954291,-2.87717,0.95429,0.787277,-2.66916,0.787274,-1.02898,-5.00173,-1.02898,0.443669,-3.47445,0.443667
T6S,1.18461,1,0.188168,-3.21285,0.188169,0.656998,-2.97032,0.656998,-0.601065,-3.8073,-0.601068,-0.522235,-3.75991,-0.522238
T6V,3.95849,1,-0.042804,-3.47846,-0.0428064,-0.38094,-3.90652,-0.380942,-1.84651,-5.37049,-1.84652,-1.57126,-4.7199,-1.57126
T6W,3.81364,1,-2.76643,-6.33513,-2.76643,-2.49775,-6.08197,-2.49775,-6.52128,-10.261,-6.52128,-4.38998,-7.63828,-4.38998
T6Y,3.95709,1,-1.05564,-4.64174,-1.05565,-1.12841,-4.63172,-1.12842,-4.74706,-8.17777,-4.74707,-3.16857,-6.52055,-3.16857
V12A,0.8,1,-0.918592,-4.16958,-0.918595,-1.21014,-4.80063,-1.21014,-3.25611,-6.57627,-3.25612,-3.91886,-7.45601,-3.91886
V12C,3.86984,1,-4.16129,-7.34283,-4.16129,-4.32573,-8.0942,-4.32574,-7.84747,-11.3471,-7.84748,-7.08998,-10.6232,-7.08998
V12D,3.09766,1,-7.42727,-10.2971,-7.42726,-8.55657,-11.6213,-8.55656,-10.534,-13.577,-10.534,-8.08289,-11.8494,-8.0829
V12E,3.48858,1,-6.53713,-9.30805,-6.53713,-7.06547,-10.324,-7.06546,-10.0738,-12.749,-10.0738,-8.30602,-11.8577,-8.30602
V12F,3.82517,1,-1.30927,-4.74328,-1.30927,-1.74976,-5.71517,-1.74976,-4.19731,-8.32734,-4.19731,-3.58014,-7.04466,-3.58014
V12G,3.83739,1,-4.42967,-7.48452,-4.42967,-6.20462,-9.61289,-6.20462,-8.10044,-11.3273,-8.10045,-8.3603,-11.6089,-8.36031
V12H,1.73367,1,-4.74432,-7.92598,-4.74433,-6.3902,-9.77111,-6.3902,-10.9185,-14.3278,-10.9185,-7.96489,-11.6447,-7.96489
V12I,3.63399,1,0.688947,-2.76437,0.688948,0.852407,-2.908,0.852407,1.26315,-2.78465,1.26315,0.697167,-2.78491,0.697165
V12K,0.8,1,-5.19714,-7.93426,-5.19714,-7.10507,-10.1221,-7.10506,-9.44985,-11.6143,-9.44986,-7.85291,-11.1665,-7.85292
V12L,3.8721,1,0.845477,-2.59619,0.845481,0.661996,-3.31021,0.661996,-1.77949,-5.77069,-1.77949,-0.455257,-4.39277,-0.45525
V12M,3.82588,1,-1.18974,-4.45049,-1.18973,-1.20761,-5.14493,-1.20761,-3.00515,-6.51445,-3.00515,-2.45568,-6.08787,-2.45568
V12N,3.93039,1,-4.98118,-7.93569,-4.98118,-6.43148,-9.98925,-6.43148,-9.93009,-13.1291,-9.93009,-7.74896,-11.1818,-7.74897
V12P,1.03025,1,-5.69193,-8.45905,-5.69193,-7.7385,-10.7291,-7.7385,-8.55443,-11.9935,-8.55443,-7.19639,-10.8397,-7.19639
V12Q,0.800372,1,-5.05398,-7.93137,-5.05398,-4.46698,-8.53796,-4.46698,-10.7991,-13.6467,-10.7991,-7.63611,-11.2242,-7.63611
V12R,1.07215,1,-4.51761,-7.37187,-4.51761,-6.2201,-9.20207,-6.22009,-9.64632,-12.3977,-9.64633,-7.22454,-10.9632,-7.22454
V12S,1.72798,1,-3.44807,-6.6162,-3.44807,-4.24993,-8.03135,-4.24993,-7.40952,-10.9278,-7.40952,-7.09366,-10.5341,-7.09367
V12T,0.8,1,-2.56513,-5.65641,-2.56513,-3.03907,-6.87244,-3.03907,-4.75364,-8.17769,-4.75364,-4.91292,-8.43908,-4.91292
V12W,3.75364,1,-2.40386,-6.2664,-2.40387,-5.16981,-8.82357,-5.16982,-9.30699,-12.5586,-9.30698,-8.48062,-12.4038,-8.48062
V12Y,3.94281,1,-2.71208,-6.05969,-2.71208,-5.00349,-8.67497,-5.00349,-9.15972,-12.8746,-9.15972,-6.7449,-10.2025,-6.7449
Y36A,3.834,1,1.62384,-1.9804,1.62384,2.51042,-0.893772,2.51042,2.32792,-1.38256,2.32792,1.86921,-1.6731,1.8692
Y36C,3.77658,1,-2.04965,-5.4139,-2.04965,-2.0347,-5.18288,-2.0347,-2.09614,-5.78442,-2.09614,-1.86398,-5.33872,-1.86398
Y36D,1.91793,1,1.60582,-2.13838,1.60582,2.60145,-0.690179,2.60145,2.68769,-0.995821,2.68769,1.58982,-2.17214,1.58982
Y36E,2.56511,1,2.54702,-1.21542,2.54702,3.44183,0.0907136,3.44183,3.87695,0.165355,3.87695,3.1415,-0.464298,3.14149
Y36F,2.70174,1,0.292032,-3.22732,0.292031,0.259483,-2.91444,0.259482,-0.0201445,-3.15449,-0.0201454,-0.126831,-3.48745,-0.126831
Y36G,3.80906,1,0.75274,-2.8672,0.75274,1.93891,-1.39132,1.93891,1.74895,-1.8545,1.74895,1.07907,-2.52661,1.07906
Y36H,3.95405,1,0.34132,-3.13313,0.341319,0.570912,-2.62527,0.570912,0.583782,-2.95611,0.583781,0.0827141,-3.38353,0.0827103
Y36K,3.96302,1,2.12065,-1.45522,2.12065,2.25779,-1.01747,2.25779,2.09399,-1.24115,2.09399,2.01727,-1.49181,2.01726
Y36L,3.73755,1,1.29829,-2.31269,1.29829,1.4461,-1.79237,1.4461,1.0849,-2.28501,1.0849,0.0374885,-3.51569,0.0374861
Y36M,3.72346,1,0.340715,-3.33517,0.340716,0.214063,-2.9697,0.214062,0.368464,-3.10936,0.368464,-0.854686,-4.38119,-0.854689
Y36N,3.87088,1,0.874316,-2.62649,0.874316,1.25536,-1.941,1.25536,1.04709,-2.33979,1.04709,0.196701,-3.29743,0.196697
Y36P,3.74662,1,1.17089,-2.6588,1.17089,3.00953,-0.186301,3.00953,2.50847,-1.08525,2.50847,2.20256,-1.30986,2.20256
Y36Q,3.87025,1,1.42996,-2.14674,1.42996,1.69116,-1.60692,1.69116,1.72801,-1.77913,1.72801,1.14891,-2.42418,1.1489
Y36R,3.9224,1,1.28675,-2.21436,1.28675,1.73207,-1.5198,1.73207,1.28135,-2.15833,1.28135,1.36917,-2.169,1.36917
Y36S,3.77381,1,1.55163,-2.01569,1.55163,2.34642,-0.903957,2.34642,1.87671,-1.55674,1.87671,1.58536,-1.89621,1.58536
Y36T,3.83048,1,0.959905,-2.63218,0.959906,1.83215,-1.4198,1.83215,1.42166,-1.96089,1.42166,0.715767,-2.71533,0.715761
Y36V,3.63677,1,1.26165,-2.41961,1.26165,1.65644,-1.56507,1.65644,1.44162,-2.02718,1.44162,0.507782,-2.91097,0.507779
Y36W,1.86532,1,-1.3759,-4.65307,-1.3759,-1.3438,-4.45925,-1.3438,-1.65169,-5.05109,-1.65169,-1.12259,-4.34359,-1.12259
Y58A,3.74374,1,-0.600007,-3.87237,-0.600007,-1.60601,-4.95311,-1.60601,-1.88455,-4.89994,-1.88455,-3.42384,-6.91698,-3.42385
Y58C,3.62834,1,-2.46861,-5.75845,-2.46861,-3.66008,-6.76965,-3.66008,-4.23728,-7.24138,-4.23728,-4.46794,-8.23058,-4.46795
Y58D,3.80169,1,-0.952862,-4.34796,-0.952861,-1.91411,-5.35972,-1.9141,-3.5384,-6.65379,-3.5384,-4.46247,-8.19395,-4.46247
Y58E,3.7199,1,-0.843859,-4.07409,-0.843858,-1.66047,-5.14104,-1.66047,-3.21724,-6.28898,-3.21724,-4.19222,-7.7796,-4.19222
Y58F,3.88615,1,0.299398,-3.32843,0.299398,-0.362495,-3.77231,-0.362497,1.01878,-2.59331,1.01878,-0.506301,-5.00638,-0.506305
Y58G,3.83425,1,-1.05167,-4.42671,-1.05167,-2.26935,-5.60989,-2.26935,-2.89327,-5.4681,-2.89327,-4.01743,-7.28779,-4.01743
Y58H,3.78804,1,-1.61285,-4.94217,-1.61285,-1.80523,-5.13156,-1.80523,-2.62327,-5.5273,-2.62327,-2.33907,-6.23413,-2.33907
Y58I,3.7565,1,0.243841,-2.95158,0.243841,-1.40958,-4.71801,-1.40958,-0.66717,-3.79627,-0.667168,-2.94333,-6.89358,-2.94335
Y58K,2.15223,1,-1.37052,-4.52244,-1.37052,-1.84664,-5.16299,-1.84664,-1.55899,-4.26813,-1.559,-4.02607,-8.47005,-4.02607
Y58L,3.90538,1,0.980657,-2.27237,0.98066,-0.537926,-3.82342,-0.537926,0.445691,-2.4755,0.445692,-1.86524,-5.95949,-1.86525
Y58M,3.94571,1,-0.562364,-3.86975,-0.562361,-1.70515,-5.13784,-1.70515,-0.809964,-3.92274,-0.809962,-3.31852,-7.40508,-3.31853
Y58N,3.85166,1,-1.22986,-4.49262,-1.22986,-1.94848,-5.24796,-1.94847,-2.87225,-5.84471,-2.87225,-3.67229,-7.57113,-3.67229
Y58P,1.76013,1,-3.25881,-6.8057,-3.2588,-4.97562,-8.04588,-4.97561,-3.91961,-6.93603,-3.91961,-5.75646,-9.88017,-5.75646
Y58Q,3.72665,1,-1.32919,-4.53769,-1.32918,-1.68077,-5.08782,-1.68077,-2.23166,-4.85132,-2.23167,-2.34615,-6.37684,-2.34615
Y58R,2.8806,1,-1.04792,-4.21,-1.04792,-0.979093,-4.39642,-0.97909,-1.40493,-4.12601,-1.40494,-2.82968,-7.34911,-2.82969
Y58S,1.21322,1,-0.450806,-3.68807,-0.450805,-1.32062,-4.6772,-1.32062,-2.06219,-4.9049,-2.0622,-2.97401,-6.90883,-2.97401
Y58T,3.89612,1,-0.38455,-3.707,-0.384549,-1.62728,-4.95971,-1.62728,-1.91865,-4.8915,-1.91865,-3.42204,-7.27598,-3.42205
Y58V,3.81655,1,-0.0708168,-3.38175,-0.070816,-1.62872,-4.96411,-1.62872,-0.766793,-3.79128,-0.766791,-3.02104,-6.86869,-3.02106
Y58W,3.97801,1,-1.15311,-4.9369,-1.15311,-2.3335,-5.80589,-2.3335,-3.88982,-7.16283,-3.88982,-4.29728,-8.472,-4.29729
