mutant,DMS_score,n_mut,ours_mm_8M,ours_wt_8M,proteingym_8M,ours_mm_35M,ours_wt_35M,proteingym_35M,ours_mm_150M,ours_wt_150M,proteingym_150M,ours_mm_650M,ours_wt_650M,proteingym_650M
M1H,0.1475,1,-8.0087,-11.1593,-8.0087,-8.5476,-10.9169,-8.5476,-11.4044,-12.4119,-11.4044,-11.301,-12.4313,-11.301
M1G,-0.00175,1,-6.86739,-10.1713,-6.86739,-7.80991,-10.1182,-7.80991,-10.1447,-11.1036,-10.1447,-11.3558,-12.448,-11.3558
M1I,0.118,1,-6.52308,-9.92431,-6.52308,-7.50296,-9.78844,-7.50296,-10.5086,-11.3653,-10.5086,-11.5964,-12.7356,-11.5964
M1L,0.0803333,1,-6.35127,-9.80055,-6.35127,-7.00424,-9.3695,-7.00424,-9.89153,-10.8856,-9.89153,-10.7609,-12.0348,-10.7609
M1N,0.4075,1,-7.06469,-10.2918,-7.06469,-7.45911,-9.86739,-7.45912,-10.7516,-11.6181,-10.7516,-11.4401,-12.5195,-11.4401
M1P,-0.03775,1,-7.14177,-10.4321,-7.14177,-7.42228,-9.80658,-7.42229,-9.64235,-10.446,-9.64235,-10.8444,-11.7848,-10.8444
M1Q,0.1395,1,-7.1358,-10.3783,-7.1358,-7.47235,-9.98116,-7.47235,-10.4387,-11.2501,-10.4387,-10.1815,-11.478,-10.1815
M1R,0.0763333,1,-6.78759,-10.0479,-6.78759,-7.60371,-10.1317,-7.60371,-9.30173,-10.2267,-9.30174,-10.5678,-11.8186,-10.5678
M1S,0.0528333,1,-6.77956,-10.0406,-6.77956,-7.39308,-9.75653,-7.39308,-9.83866,-10.92,-9.83867,-10.7292,-11.8225,-10.7292
M1T,0.08725,1,-6.83348,-10.0894,-6.83348,-7.10132,-9.33847,-7.10132,-10.2588,-11.284,-10.2588,-10.8634,-11.9615,-10.8634
M1V,0.21475,1,-6.35551,-9.53482,-6.35551,-6.9877,-9.37138,-6.9877,-8.84898,-9.52124,-8.84898,-9.42063,-10.7763,-9.42062
M1W,0.024,1,-8.58393,-12.0121,-8.58393,-10.297,-12.8384,-10.297,-12.3758,-12.9403,-12.3758,-14.9848,-15.889,-14.9848
M1Y,0.2365,1,-7.32215,-10.5554,-7.32215,-8.77761,-11.2165,-8.77761,-10.1986,-11.2609,-10.1986,-13.1217,-14.0067,-13.1217
M1C,0.022,1,-9.04226,-12.1843,-9.04226,-9.3469,-11.4926,-9.3469,-12.2995,-13.1181,-12.2995,-15.261,-16.2039,-15.261
M1A,0.07875,1,-6.56241,-9.91063,-6.56241,-7.47399,-10.0707,-7.47399,-9.73165,-10.7938,-9.73165,-9.77806,-10.8749,-9.77805
M1D,0.034,1,-6.60671,-9.90536,-6.60671,-7.37095,-9.57763,-7.37095,-10.7483,-11.4871,-10.7483,-11.9659,-12.9609,-11.9659
M1F,0.059,1,-7.11954,-10.3672,-7.11954,-7.97156,-10.3406,-7.97156,-10.974,-11.7704,-10.974,-13.0399,-14.0802,-13.0399
M1E,0.1155,1,-6.29221,-9.66034,-6.29221,-7.4132,-9.81502,-7.4132,-10.0224,-10.907,-10.0224,-11.1243,-12.1087,-11.1243
A2C,0.8935,1,-3.97776,-7.08243,-3.97776,-3.45485,-6.10815,-3.45485,-4.79391,-8.41065,-4.79391,-9.33008,-11.9146,-9.33008
A2W,0.833,1,-3.87951,-6.89723,-3.87952,-3.52184,-6.72423,-3.52184,-5.63973,-9.09753,-5.63972,-11.6285,-14.1579,-11.6285
A2D,1.0375,1,-0.903689,-4.19468,-0.903692,-0.559871,-4.20576,-0.559873,-3.12828,-6.37408,-3.12828,-6.89265,-9.13117,-6.89265
A2E,1.013,1,-0.278362,-3.68587,-0.278365,0.247408,-3.30628,0.247407,-2.12465,-5.41545,-2.12465,-6.84924,-8.94325,-6.84924
A2F,1.0605,1,-2.16954,-5.1784,-2.16954,-1.63392,-5.1564,-1.63392,-3.96377,-7.57954,-3.96377,-8.93957,-11.4861,-8.93957
A2G,0.717,1,-0.708814,-3.83519,-0.708817,-0.350133,-3.94036,-0.350133,-1.84545,-4.88902,-1.84545,-3.70924,-6.14319,-3.70924
A2Y,1.08,1,-2.59488,-5.67839,-2.59488,-2.01076,-5.3302,-2.01076,-3.6123,-7.18493,-3.6123,-9.13185,-11.7209,-9.13185
A2I,1.05733,1,-1.29902,-4.57025,-1.29902,-0.599663,-4.0387,-0.599661,-2.30867,-6.02072,-2.30867,-6.74013,-9.17691,-6.74013
A2K,1.0695,1,0.314772,-2.95517,0.314769,0.878484,-2.74262,0.878485,0.779956,-1.87412,0.779961,-5.69657,-7.91527,-5.69658
A2L,1.02267,1,-1.18897,-4.33423,-1.18897,-0.615656,-3.9576,-0.615655,-2.4278,-6.03884,-2.4278,-7.18774,-9.7805,-7.18774
A2H,1.0095,1,-2.55358,-5.56265,-2.55358,-1.70204,-5.09828,-1.70204,-3.52403,-7.00307,-3.52403,-7.75388,-9.99867,-7.75388
A2N,1.0545,1,-0.242281,-3.48598,-0.242285,0.32742,-3.35261,0.32742,-1.7234,-5.15773,-1.72339,-5.68592,-8.08971,-5.68592
A2M,1.035,1,-1.8873,-4.9873,-1.88731,-1.79684,-5.25457,-1.79684,-2.97325,-6.44748,-2.97325,-7.13135,-9.43436,-7.13135
A2T,1.01075,1,-0.203754,-3.31792,-0.203756,0.379601,-2.9302,0.379601,-1.59563,-4.98039,-1.59563,-3.97898,-6.51004,-3.97898
A2S,1.00917,1,0.347854,-2.79582,0.347851,0.643369,-2.82113,0.643369,-0.598299,-3.92445,-0.598299,-2.49684,-5.12622,-2.49684
A2V,1.03275,1,-1.36068,-4.61622,-1.36068,-0.848503,-4.2127,-0.848502,-2.02323,-5.30442,-2.02323,-4.53901,-7.06433,-4.53902
A2Q,1.0185,1,-1.09876,-4.27462,-1.09876,-0.525489,-3.97405,-0.525489,-2.24516,-5.55862,-2.24516,-6.73258,-9.00308,-6.73258
A2P,0.967,1,-1.26289,-4.45425,-1.26289,-0.705326,-3.83187,-0.705325,-1.09204,-4.43586,-1.09204,-2.94882,-5.41295,-2.94881
A2R,0.981167,1,-0.88468,-4.11895,-0.884683,-0.542393,-3.95814,-0.542392,0.074465,-2.86896,0.0744663,-6.58305,-8.95836,-6.58305
K3I,0.985333,1,-1.12533,-4.57133,-1.12533,-1.40488,-4.80658,-1.40488,-5.05176,-8.19884,-5.05175,-7.77044,-10.4482,-7.77044
K3A,0.6885,1,-1.10882,-4.48559,-1.10883,-0.706366,-4.11336,-0.706367,-3.6421,-6.96547,-3.64209,-6.99048,-9.35521,-6.99049
K3C,0.8355,1,-4.44618,-7.87493,-4.44618,-3.16883,-6.83591,-3.16883,-7.1382,-10.5314,-7.13819,-11.1982,-14.1933,-11.1982
K3D,0.7115,1,-0.781423,-4.13199,-0.781425,-0.671218,-4.21079,-0.671218,-4.34232,-7.59985,-4.34231,-7.15395,-9.13483,-7.15395
K3E,0.918,1,-0.514799,-3.85037,-0.5148,-0.38702,-3.91851,-0.387021,-3.79041,-7.02505,-3.7904,-6.60843,-8.59168,-6.60843
K3F,0.905,1,-1.65299,-4.9766,-1.653,-2.33268,-5.75614,-2.33268,-6.38673,-9.31344,-6.38673,-11.231,-13.8494,-11.231
K3G,0.42875,1,-1.17386,-4.51357,-1.17387,-0.837895,-4.579,-0.837894,-3.75573,-7.03885,-3.75572,-6.58387,-8.9053,-6.58387
K3H,0.721,1,-1.99209,-5.29172,-1.99209,-1.91941,-5.31957,-1.91941,-4.49035,-7.72736,-4.49035,-7.65753,-10.6601,-7.65753
K3L,0.746,1,-0.926866,-4.38506,-0.926866,-1.16102,-4.4933,-1.16102,-5.028,-8.16757,-5.028,-8.70613,-11.3697,-8.70613
K3W,0.064,1,-3.58935,-7.06319,-3.58935,-4.24889,-7.55996,-4.24889,-7.93314,-10.7885,-7.93313,-12.1932,-15.07,-12.1932
K3N,0.7785,1,-0.417671,-3.81968,-0.417673,-0.496447,-3.9465,-0.496446,-3.09493,-6.45624,-3.09492,-5.20034,-7.89601,-5.20035
K3P,0.91575,1,-1.62876,-5.13149,-1.62876,-1.99792,-5.61436,-1.99792,-4.90036,-7.86543,-4.90036,-8.92607,-11.5606,-8.92608
K3Q,0.981,1,-1.06839,-4.4882,-1.06839,-0.874035,-4.36274,-0.874035,-3.04733,-6.48659,-3.04732,-5.90859,-8.59656,-5.9086
K3R,0.7455,1,-0.916759,-4.35489,-0.91676,-0.916491,-4.16771,-0.916492,-0.81834,-3.90641,-0.81834,-3.01337,-6.32485,-3.01337
K3S,0.480833,1,-0.51764,-3.8779,-0.517642,-0.485231,-3.97841,-0.485232,-3.08348,-6.397,-3.08348,-6.24477,-8.758,-6.24478
K3T,0.786,1,-0.601174,-4.06655,-0.601175,-0.68556,-4.16612,-0.685561,-3.30301,-6.75635,-3.30301,-6.09694,-8.62683,-6.09694
K3V,0.8045,1,-1.42033,-4.87612,-1.42033,-1.2394,-4.62011,-1.23941,-4.70705,-7.97329,-4.70704,-7.62151,-10.0187,-7.62151
K3Y,0.705,1,-1.74226,-5.05264,-1.74226,-2.58792,-5.99384,-2.58792,-6.21651,-9.16049,-6.21651,-10.8073,-13.3472,-10.8073
K3M,0.203,1,-2.07908,-5.39125,-2.07908,-2.31477,-5.75222,-2.31478,-5.29432,-8.48142,-5.29431,-8.00147,-10.7109,-8.00147
E4H,0.989,1,-1.18681,-4.66785,-1.18681,-1.65064,-5.1833,-1.65064,-2.19475,-4.94871,-2.19475,-6.2965,-9.12521,-6.29651
E4G,0.67675,1,-0.360554,-4.04378,-0.360555,-0.977332,-4.6547,-0.977328,-1.04882,-4.09533,-1.04882,-3.94457,-7.45868,-3.94458
E4A,0.853,1,-0.332004,-3.92247,-0.332005,-0.535593,-4.1739,-0.535591,-0.698635,-3.55141,-0.698628,-4.17953,-7.35666,-4.17954
E4D,0.992,1,-0.361942,-3.81249,-0.361942,-0.362865,-3.86435,-0.362866,-1.24415,-4.33046,-1.24415,-1.23261,-4.30619,-1.2326
E4C,0.994,1,-3.29387,-7.14016,-3.29387,-3.34806,-7.12295,-3.34805,-5.9044,-8.66969,-5.9044,-10.4948,-13.416,-10.4948
E4I,1.01567,1,0.421662,-3.25265,0.421657,-1.21862,-4.8241,-1.21861,-2.35995,-5.10006,-2.35994,-7.17855,-10.2572,-7.17856
E4F,1.0455,1,-0.541009,-3.97545,-0.541008,-1.9528,-5.71598,-1.9528,-3.75532,-6.44082,-3.75531,-9.28668,-12.3172,-9.2867
E4K,0.9915,1,0.730834,-2.85427,0.730834,-0.0430112,-3.49992,-0.0430069,1.02615,-2.02468,1.02616,-4.05374,-6.69819,-4.05377
E4Q,0.994,1,-0.461316,-3.9717,-0.461317,-0.583046,-4.04329,-0.583044,0.411841,-2.68535,0.411849,-3.41833,-6.40643,-3.41835
E4M,1.008,1,-1.20105,-4.69512,-1.20106,-2.04098,-5.76022,-2.04097,-3.07679,-5.93829,-3.07678,-7.85338,-10.8703,-7.85339
E4N,1.0115,1,-0.00267363,-3.42328,-0.00267529,-0.381004,-3.85827,-0.381001,-0.0349944,-3.10797,-0.0349891,-3.5465,-6.41223,-3.54651
E4P,0.893,1,-0.231069,-3.94463,-0.231068,-0.501526,-4.20349,-0.501524,-0.991776,-3.35574,-0.991767,-6.29583,-9.43947,-6.29585
E4R,0.810333,1,-0.0381773,-3.65509,-0.038177,-0.871073,-4.41959,-0.871069,-0.800817,-3.6267,-0.80081,-6.3746,-9.16136,-6.37463
E4S,0.950833,1,0.111195,-3.37274,0.111195,-0.263587,-3.71551,-0.263586,-0.194682,-3.17788,-0.194677,-3.31445,-6.53904,-3.31447
E4W,0.666,1,-2.58083,-6.15623,-2.58083,-3.46809,-7.45398,-3.46808,-6.61446,-9.40545,-6.61446,-11.9516,-14.8575,-11.9516
E4T,0.997,1,0.269343,-3.2482,0.269342,-0.229633,-3.70397,-0.22963,-0.301324,-3.42952,-0.301318,-4.20154,-7.36937,-4.20156
E4V,0.99775,1,0.0446165,-3.82612,0.044611,-1.31371,-5.01792,-1.3137,-2.55617,-5.30004,-2.55616,-6.15412,-9.43722,-6.15413
E4L,0.9845,1,0.334933,-3.20145,0.334931,-0.888659,-4.64195,-0.888655,-2.45122,-5.09272,-2.45121,-7.48295,-10.511,-7.48296
E4Y,1.017,1,-0.677437,-4.20871,-0.677436,-1.8945,-5.56996,-1.89449,-3.70446,-6.30412,-3.70446,-8.70457,-11.6844,-8.70458
D5Y,1.0605,1,-0.785677,-4.03029,-0.785678,-0.771195,-4.01319,-0.771196,-4.25838,-7.70754,-4.25839,-7.64673,-11.8159,-7.64673
D5S,1.02367,1,-0.341727,-3.60474,-0.341727,0.00692415,-3.04043,0.00692344,-1.03841,-4.77221,-1.03842,-2.72813,-6.70847,-2.72813
D5T,1.024,1,-0.164956,-3.55411,-0.164956,0.240555,-2.74796,0.240554,-1.21829,-4.96645,-1.2183,-4.15682,-8.01312,-4.15682
D5R,0.849,1,0.0934148,-3.29175,0.0934157,0.831471,-2.40419,0.831467,-1.44886,-4.29933,-1.44888,-6.10109,-9.87381,-6.10109
D5Q,1.0295,1,-0.178305,-3.45298,-0.178304,0.341334,-2.82432,0.341331,-0.770363,-4.29665,-0.770371,-3.52551,-7.1847,-3.52551
D5P,0.99025,1,-0.723957,-4.11074,-0.723955,-1.09009,-4.3608,-1.09009,-2.5966,-6.56408,-2.59661,-5.84306,-9.85263,-5.84306
D5N,1.0465,1,0.101018,-3.16402,0.101017,0.311979,-2.57751,0.311976,-0.332322,-4.12881,-0.33233,-2.20214,-6.08925,-2.20214
D5M,1.038,1,-1.43899,-4.66677,-1.43899,-0.876768,-4.07215,-0.876767,-3.75408,-7.27293,-3.75409,-7.09982,-10.9816,-7.09982
D5L,1.0235,1,-0.0281191,-3.18098,-0.0281219,-0.2054,-3.58703,-0.205395,-3.52852,-7.11034,-3.52853,-7.08115,-11.0783,-7.08115
D5V,1.0095,1,-0.318979,-3.54263,-0.31898,-0.363158,-3.51854,-0.363155,-2.67198,-6.05927,-2.67199,-5.77664,-9.94309,-5.77664
D5K,1.0255,1,1.03074,-2.30003,1.03074,0.883074,-2.3511,0.883072,-0.0776553,-3.11365,-0.0776663,-4.53036,-8.26224,-4.53036
D5H,1.0125,1,-0.954791,-4.32727,-0.954791,-0.938076,-4.06432,-0.938078,-2.85436,-6.50543,-2.85437,-5.57083,-9.28773,-5.57082
D5G,0.8995,1,-0.354596,-3.8103,-0.354594,-0.639854,-3.9217,-0.639856,-0.303474,-3.79373,-0.303483,0.0304351,-4.43416,0.0304413
D5F,1.0485,1,-0.922334,-4.04551,-0.922337,-1.19806,-4.69584,-1.19805,-4.69057,-8.26652,-4.69058,-8.15403,-12.3533,-8.15403
D5A,0.99075,1,-0.640733,-3.92459,-0.640732,-0.0343494,-3.35474,-0.0343485,-1.48527,-5.07361,-1.48528,-3.09408,-7.15328,-3.09408
D5C,1.0095,1,-3.18048,-6.70326,-3.18048,-2.79458,-5.69185,-2.79457,-6.06961,-9.11326,-6.06962,-8.63711,-12.9105,-8.63711
D5E,1.029,1,0.660736,-2.6462,0.660736,1.15844,-1.90151,1.15844,1.01538,-2.63077,1.01538,-0.847886,-4.4176,-0.847884
D5I,1.049,1,-0.0898528,-3.2347,-0.0898554,-0.389546,-3.51087,-0.389542,-3.0977,-6.57831,-3.09771,-6.97198,-11.0696,-6.97198
D5W,0.873,1,-2.84838,-6.10637,-2.84838,-2.99698,-6.52966,-2.99698,-6.82249,-10.3141,-6.8225,-10.7051,-15.3664,-10.7051
N6A,0.7175,1,-0.123072,-3.41344,-0.123072,0.124336,-3.15946,0.124336,1.10257,-2.00487,1.10258,4.4829,1.77461,4.4829
N6C,1.0025,1,-2.32392,-5.50016,-2.32392,-0.505163,-3.66388,-0.505162,-0.0939121,-3.28517,-0.0938921,-1.53398,-4.457,-1.53398
N6F,1.012,1,0.489537,-2.55221,0.489536,-0.0535564,-3.47594,-0.0535533,-0.616807,-4.47743,-0.616802,-0.275357,-3.432,-0.27536
N6D,1.0075,1,-0.091644,-3.62997,-0.091644,0.0551269,-3.33411,0.0551279,-3.33031,-6.57683,-3.33031,-2.21453,-5.45053,-2.21453
N6Y,1.005,1,0.111126,-2.8547,0.111126,-0.319908,-3.6356,-0.319905,-0.994158,-4.75783,-0.994152,-1.39191,-4.49444,-1.39191
N6W,0.846,1,-0.846768,-4.02859,-0.846768,-1.32651,-4.69713,-1.32651,-3.24179,-7.10685,-3.24178,-4.44111,-7.48448,-4.44111
N6V,0.9965,1,1.0587,-1.97974,1.0587,0.436822,-2.89529,0.436824,2.86378,-0.497511,2.86379,3.61372,0.668436,3.61372
N6T,1.003,1,1.00652,-2.30729,1.00652,0.513345,-2.63435,0.513345,1.65181,-1.87587,1.65181,2.5797,-0.563302,2.5797
N6E,0.9795,1,0.857595,-2.48541,0.857597,0.705819,-2.64119,0.70582,-2.66734,-5.91846,-2.66735,-1.68875,-4.74903,-1.68875
N6R,0.853167,1,0.978033,-2.19997,0.978033,0.679996,-2.28155,0.679994,3.24086,-0.72101,3.24086,0.450131,-2.7861,0.450134
N6Q,1.0045,1,0.157408,-3.18675,0.157408,-0.00816059,-3.43806,-0.00816178,-0.249565,-3.92631,-0.249568,-0.401694,-3.66069,-0.401685
N6S,0.98,1,0.304238,-3.17986,0.304238,0.35359,-2.90795,0.35359,0.664154,-1.84343,0.66416,2.47297,-0.488408,2.47297
N6M,0.976,1,-0.337553,-3.48676,-0.337554,-0.844019,-4.12709,-0.844018,0.76725,-2.85357,0.767247,1.74546,-1.10531,1.74546
N6L,1.00433,1,1.2704,-1.7955,1.2704,0.566275,-2.96562,0.566278,1.72372,-2.12491,1.72372,1.73203,-1.14912,1.73203
N6K,1.007,1,1.41699,-1.80165,1.41699,0.478548,-2.82392,0.478547,3.37503,-0.608643,3.37502,0.335828,-2.83636,0.335829
N6I,1.01133,1,1.33241,-1.68302,1.33241,0.352242,-2.99637,0.352244,2.33533,-1.55868,2.33533,1.39472,-1.60913,1.39472
N6H,1.007,1,-0.633586,-3.89604,-0.633586,-0.779013,-4.254,-0.779014,-0.304704,-3.88134,-0.3047,-0.670148,-4.01332,-0.670145
N6G,0.4595,1,0.0221384,-3.49916,0.0221381,0.765301,-2.55616,0.765303,-0.952931,-4.02497,-0.952928,-0.0292568,-3.10628,-0.0292578
N6P,0.98125,1,0.0718367,-3.35591,0.0718365,-0.474941,-3.83612,-0.47494,-1.02345,-4.68395,-1.02344,-1.17154,-4.10338,-1.17155
I7A,0.82275,1,-1.3038,-4.69103,-1.3038,-1.66472,-5.32429,-1.66472,-6.76038,-9.87872,-6.76038,-7.53841,-11.3851,-7.53841
I7G,0.69125,1,-1.45395,-4.92423,-1.45395,-2.06337,-5.55793,-2.06336,-8.5916,-11.6941,-8.59161,-10.49,-13.9412,-10.49
I7C,0.987,1,-3.34306,-6.78053,-3.34307,-3.15088,-6.9431,-3.15088,-8.22904,-11.1303,-8.22904,-9.01881,-12.6638,-9.01882
I7D,0.9705,1,-1.74973,-5.08222,-1.74973,-2.59189,-6.10984,-2.59189,-9.90821,-13.3692,-9.90821,-10.4053,-14.1918,-10.4053
I7E,0.93,1,-0.988119,-4.30292,-0.988121,-1.53449,-5.07885,-1.53448,-8.849,-12.0603,-8.849,-9.49821,-13.1926,-9.4982
I7F,1.0245,1,-0.934615,-4.52975,-0.934616,-1.18875,-4.69077,-1.18875,-4.58137,-7.27923,-4.58137,-4.41977,-8.13473,-4.41977
I7H,0.9835,1,-2.06078,-5.44839,-2.06078,-1.70872,-5.79125,-1.70871,-7.0239,-9.84046,-7.0239,-7.9514,-11.8096,-7.9514
I7S,0.9325,1,-1.12342,-4.51232,-1.12342,-1.79089,-5.60755,-1.79088,-7.49951,-10.584,-7.49952,-8.48166,-12.3374,-8.48167
I7L,0.9545,1,-0.409828,-3.7531,-0.409829,0.780266,-2.77033,0.780265,-2.38338,-5.63317,-2.38338,-2.20347,-5.4548,-2.20347
I7K,0.9795,1,-0.499648,-3.81923,-0.49965,-0.645549,-4.70887,-0.645544,-6.82528,-9.91856,-6.82528,-8.78448,-12.5894,-8.78448
I7W,0.964,1,-2.89129,-6.61359,-2.89129,-2.74567,-6.21454,-2.74566,-8.02719,-10.4887,-8.02719,-9.36545,-12.6875,-9.36545
I7V,0.8415,1,-0.309472,-3.81986,-0.30947,-0.500594,-4.27996,-0.500593,-2.53735,-5.81989,-2.53735,-2.26053,-5.78371,-2.26053
I7T,0.882,1,-0.779083,-4.13306,-0.779084,-0.856856,-4.70878,-0.856853,-5.57497,-8.72449,-5.57497,-6.02509,-9.90963,-6.02509
I7Y,0.9845,1,-1.16179,-4.62358,-1.16179,-1.60193,-5.1592,-1.60192,-5.77256,-7.91677,-5.77256,-6.73321,-10.4703,-6.73321
I7Q,0.948,1,-1.3755,-4.70159,-1.37551,-0.889611,-4.94235,-0.889608,-6.90997,-9.99443,-6.90997,-6.92458,-10.7994,-6.92458
I7P,0.79275,1,-0.924013,-4.46343,-0.924016,-2.1673,-5.67267,-2.16729,-6.82226,-9.27582,-6.82226,-8.27693,-12.014,-8.27693
I7N,0.9715,1,-1.64457,-5.05341,-1.64457,-0.0890632,-4.6007,-0.0890651,-7.42711,-10.5025,-7.42712,-7.79482,-11.7156,-7.79483
I7M,0.933,1,-2.1008,-5.5505,-2.1008,-1.19605,-4.9598,-1.19605,-4.25894,-6.96104,-4.25894,-3.70341,-7.2487,-3.70341
I7R,0.852667,1,-1.03384,-4.38718,-1.03384,-0.0928967,-4.43579,-0.0928905,-6.50361,-9.54976,-6.50361,-8.51843,-12.251,-8.51843
E8N,0.9755,1,-0.917835,-4.24528,-0.917835,-1.84249,-4.80604,-1.84249,-4.01924,-7.48336,-4.01924,-5.13034,-8.56731,-5.13034
E8V,0.815,1,0.524529,-2.77595,0.524531,-0.204833,-3.26584,-0.204839,-1.96849,-5.75971,-1.96848,-3.03299,-6.33669,-3.03298
E8T,0.90825,1,0.728692,-2.50851,0.728693,0.699705,-2.54411,0.699701,-1.99094,-5.63817,-1.99093,-2.74027,-6.01339,-2.74026
E8S,0.879667,1,-0.455002,-3.68474,-0.455002,0.0227604,-3.13154,0.0227599,-2.90777,-6.51961,-2.90777,-4.05602,-7.25485,-4.05602
E8R,0.7945,1,-0.241265,-3.50267,-0.241264,-0.243766,-3.08047,-0.24377,-2.50254,-6.45671,-2.50254,-4.89565,-8.23357,-4.89564
E8Q,0.913,1,-0.994796,-4.29316,-0.994796,-0.724947,-3.67941,-0.724949,-0.44427,-4.26163,-0.444269,-2.32459,-6.05789,-2.32459
E8P,0.83225,1,-1.13371,-4.45764,-1.13371,-1.19054,-4.07333,-1.19054,-5.3324,-9.05844,-5.33241,-6.71025,-10.4723,-6.71025
E8M,0.903,1,-1.48866,-4.6515,-1.48866,-2.36229,-5.52004,-2.3623,-3.76205,-7.82401,-3.76205,-5.28761,-8.46167,-5.28761
E8F,0.8785,1,-0.705209,-3.64359,-0.705209,-1.95096,-5.24842,-1.95097,-4.9217,-8.80312,-4.9217,-6.80029,-10.0501,-6.80028
E8K,0.9385,1,0.220596,-2.97361,0.220595,-0.397218,-3.34711,-0.397221,-2.16749,-6.08591,-2.16748,-4.47347,-7.78301,-4.47346
E8I,0.908667,1,0.791633,-2.41661,0.791634,-0.528071,-3.75989,-0.52808,-2.61019,-6.37101,-2.61019,-3.7456,-7.00159,-3.7456
E8H,0.9105,1,-1.38775,-4.57911,-1.38775,-1.45454,-4.33994,-1.45455,-3.61995,-7.33655,-3.61995,-5.53778,-8.79952,-5.53778
E8G,0.7705,1,-0.499418,-4.40515,-0.499414,-1.66368,-4.60176,-1.66368,-5.36498,-8.9512,-5.36499,-7.09865,-10.7831,-7.09865
E8D,0.896,1,-1.26817,-4.6645,-1.26817,-2.2296,-5.18236,-2.2296,-4.4478,-7.49344,-4.4478,-4.54282,-7.91025,-4.54281
E8C,0.8985,1,-3.03028,-6.27441,-3.03028,-2.62413,-5.62836,-2.62413,-5.14164,-9.18002,-5.14164,-7.83855,-11.0391,-7.83855
E8A,0.77325,1,-1.14712,-4.51163,-1.14712,-1.4959,-4.37218,-1.4959,-3.58793,-7.25872,-3.58793,-4.86864,-8.13409,-4.86864
E8Y,0.9315,1,-0.529058,-3.47405,-0.529058,-2.2192,-5.43151,-2.21921,-4.93589,-8.7417,-4.93589,-6.6791,-10.0581,-6.67909
E8L,0.8875,1,0.295241,-2.8334,0.295242,-0.831806,-4.07326,-0.831815,-3.18353,-7.03725,-3.18353,-4.04831,-7.39971,-4.04831
E8W,0.781,1,-1.45468,-4.0614,-1.45468,-3.19068,-6.1978,-3.19068,-7.00168,-11.0607,-7.00168,-9.97426,-13.3981,-9.97425
M9C,0.6145,1,-0.704006,-4.14142,-0.704006,-1.73198,-4.99765,-1.73199,-3.83444,-6.79174,-3.83443,-4.89379,-7.7054,-4.8938
M9W,0.666,1,-0.937651,-3.87758,-0.93765,-2.59202,-5.63438,-2.59203,-7.15033,-10.2255,-7.15032,-6.5202,-9.1863,-6.52019
M9A,0.71225,1,0.338233,-3.29253,0.338233,-2.39503,-5.61271,-2.39503,-1.94148,-4.9374,-1.94147,-4.08241,-6.83016,-4.08241
M9D,0.592,1,-1.59982,-5.15532,-1.59981,-4.65957,-7.70108,-4.65956,-6.7249,-9.99773,-6.72489,-8.69386,-11.0745,-8.69386
M9E,0.6205,1,-0.421978,-4.04178,-0.421976,-2.07057,-5.45935,-2.07056,-2.89884,-5.89757,-2.89883,-6.78574,-9.30355,-6.78574
M9F,0.604,1,1.40993,-1.9581,1.40993,0.30912,-3.21925,0.309109,-3.57335,-6.18488,-3.57334,-2.49135,-5.3347,-2.49134
M9G,0.63175,1,0.143469,-3.30089,0.143469,-4.54419,-7.85485,-4.54418,-5.2246,-8.06801,-5.22459,-8.18445,-10.8546,-8.18445
M9H,0.795,1,-0.729931,-4.18683,-0.729931,-1.1636,-4.0018,-1.1636,-5.6515,-8.64026,-5.6515,-5.59856,-8.23221,-5.59856
M9I,0.771,1,2.10246,-1.34292,2.10246,-0.0126121,-3.39849,-0.0126166,-0.36063,-3.30838,-0.360619,-0.695767,-3.79778,-0.695767
M9K,0.89,1,0.0552366,-3.40589,0.0552397,-1.31363,-4.78456,-1.31362,-4.67605,-7.37984,-4.67604,-7.10801,-10.0219,-7.10802
M9Y,0.7245,1,1.45424,-1.80213,1.45424,0.239794,-3.08404,0.239786,-4.77274,-7.7669,-4.77273,-4.19671,-6.85084,-4.1967
M9N,0.7675,1,-1.43315,-5.01107,-1.43315,-3.33055,-6.24906,-3.33054,-6.05079,-8.96571,-6.05078,-6.53357,-9.24935,-6.53357
M9P,0.5405,1,-1.82244,-5.25014,-1.82244,-6.43506,-9.09495,-6.43505,-7.12815,-10.1569,-7.12814,-9.17864,-12.0401,-9.17864
M9Q,0.776,1,-1.06283,-4.62236,-1.06282,-0.912665,-4.08403,-0.912655,-3.18399,-5.90772,-3.18398,-4.12264,-6.88415,-4.12264
M9R,0.7785,1,-0.197511,-3.72172,-0.197508,0.00856447,-2.87646,0.00857258,-4.99163,-7.85678,-4.99163,-6.88399,-9.85813,-6.884
M9S,0.7195,1,-0.93132,-4.51412,-0.931319,-2.48635,-5.59967,-2.48635,-4.22527,-7.05031,-4.22526,-5.29531,-7.99273,-5.2953
M9T,0.72225,1,0.187102,-3.43564,0.187103,-0.662054,-3.88433,-0.66205,-2.20931,-5.1715,-2.2093,-2.74136,-5.65241,-2.74136
M9V,0.649,1,2.01039,-1.58264,2.01039,-0.186589,-3.4278,-0.186591,0.699485,-2.13734,0.699494,-0.547436,-3.30571,-0.547441
M9L,0.7255,1,1.88519,-1.62996,1.88519,1.58296,-2.08205,1.58296,0.688231,-2.26202,0.688236,-0.0882311,-3.06748,-0.0882351
Q10Y,0.9595,1,-0.694631,-3.93815,-0.694631,-1.77507,-4.9378,-1.77507,-4.39758,-7.45753,-4.39758,-4.20194,-7.58333,-4.20194
Q10T,0.92725,1,1.72744,-1.50833,1.72744,2.26315,-0.832486,2.26316,-0.432119,-3.63858,-0.432122,-0.546701,-4.04441,-0.546702
Q10S,0.902667,1,-0.00342655,-3.28732,-0.00342679,0.291846,-2.92288,0.291847,-1.81402,-4.81117,-1.81402,-0.797407,-4.25835,-0.797408
Q10R,0.921667,1,0.421198,-2.87402,0.421197,-0.76128,-3.93224,-0.761279,-3.03,-6.04558,-3.03001,-3.26265,-6.68991,-3.26265
Q10P,0.9205,1,-0.325667,-3.51907,-0.325666,0.230078,-3.00381,0.230068,-2.8359,-5.89312,-2.83591,-2.57723,-5.88229,-2.57722
Q10N,0.943,1,-0.480583,-3.60798,-0.480583,-0.79154,-3.97393,-0.79154,-1.66108,-4.69884,-1.66109,-0.885067,-4.38083,-0.885067
Q10M,0.934,1,-0.949905,-4.14673,-0.949907,-1.71029,-4.90329,-1.71028,-3.55369,-6.61479,-3.55369,-3.76748,-7.38349,-3.76748
Q10A,0.71325,1,-0.775914,-4.05092,-0.775913,-0.795745,-3.94051,-0.795746,-2.26791,-5.06778,-2.26791,-0.939853,-4.39522,-0.939852
Q10I,0.959,1,1.04834,-2.18128,1.04834,0.0280855,-3.26538,0.0280867,-2.5258,-5.54425,-2.5258,-3.21429,-6.86663,-3.21429
Q10K,0.9455,1,1.54457,-1.52102,1.54457,-0.275844,-3.5983,-0.275845,-1.17798,-4.35177,-1.17799,-1.36143,-4.69961,-1.36142
Q10W,0.916,1,-2.11128,-5.45298,-2.11129,-3.46776,-6.52647,-3.46776,-7.02654,-9.9062,-7.02655,-7.49257,-11.1047,-7.49257
Q10H,0.9025,1,-1.26473,-4.51179,-1.26473,-1.27258,-4.16402,-1.27258,-2.9983,-6.08756,-2.99831,-2.27179,-5.38494,-2.27179
Q10G,0.95775,1,-1.94606,-5.31323,-1.94606,-2.83909,-6.1074,-2.83909,-4.20716,-6.91881,-4.20716,-1.43502,-5.0831,-1.43502
Q10F,0.9015,1,-1.00553,-4.1856,-1.00553,-1.82643,-5.10848,-1.82643,-4.87329,-7.6822,-4.87329,-4.64745,-7.73932,-4.64745
Q10E,0.9765,1,1.05245,-2.12878,1.05245,1.80062,-1.04736,1.80062,0.884781,-2.40242,0.884782,2.42586,-1.10667,2.42586
Q10D,0.956,1,-0.697795,-3.8888,-0.697797,-0.040112,-2.91618,-0.0401113,-1.6091,-4.51801,-1.6091,1.1769,-2.42914,1.1769
Q10C,0.9315,1,-2.76126,-5.91645,-2.76126,-2.23707,-5.27322,-2.23707,-6.41238,-8.95415,-6.41238,-5.40755,-8.77195,-5.40756
Q10L,0.952,1,0.299747,-2.88197,0.299746,-0.379349,-3.64972,-0.379348,-3.20977,-6.12015,-3.20978,-3.50177,-7.14067,-3.50177
Q10V,0.95625,1,0.992103,-2.32502,0.992103,0.107987,-3.03235,0.107988,-1.96922,-4.92674,-1.96922,-1.83422,-5.46007,-1.83422
G11A,0.964,1,-2.79788,-4.84946,-2.79788,-2.36628,-5.18118,-2.36627,-4.56586,-6.86239,-4.56585,-3.83609,-7.45911,-3.83608
G11W,0.032,1,-7.93201,-9.8647,-7.932,-9.94155,-11.5352,-9.94154,-13.2546,-14.9517,-13.2546,-14.5397,-17.2011,-14.5397
G11C,0.903,1,-4.82659,-6.93693,-4.8266,-6.02818,-8.41145,-6.02818,-8.43614,-10.2598,-8.43614,-7.46897,-10.7363,-7.46896
G11D,-0.2435,1,-6.54766,-9.03566,-6.54766,-9.82277,-11.4261,-9.82276,-11.7969,-13.8711,-11.7969,-10.766,-13.2297,-10.766
G11E,-0.0685,1,-6.10517,-8.47937,-6.10517,-8.91939,-10.5975,-8.91938,-11.4495,-13.3941,-11.4495,-11.3708,-13.9856,-11.3708
G11F,0.257,1,-5.70535,-7.6902,-5.70535,-10.2655,-11.9157,-10.2655,-13.7389,-15.3058,-13.7389,-13.3186,-15.8427,-13.3186
G11I,-0.118333,1,-4.86558,-7.00134,-4.86558,-9.52918,-11.2785,-9.52917,-13.3322,-14.6991,-13.3322,-12.9741,-15.4541,-12.9741
G11K,-0.094,1,-6.37241,-8.7841,-6.3724,-8.43779,-9.80043,-8.43778,-13.4904,-15.3422,-13.4904,-12.1665,-14.6721,-12.1665
G11L,0.172333,1,-4.99698,-7.02253,-4.99699,-9.39269,-10.9155,-9.39269,-13.3239,-14.6123,-13.3239,-13.0772,-15.4489,-13.0772
G11M,0.548,1,-6.26952,-8.27653,-6.26952,-8.39756,-10.1741,-8.39755,-13.425,-14.9167,-13.425,-13.1167,-15.8287,-13.1167
G11N,0.0085,1,-6.80063,-9.31372,-6.80063,-10.2419,-12.0262,-10.2419,-12.7822,-14.4952,-12.7822,-12.1007,-14.6093,-12.1007
G11P,0.024,1,-7.13346,-9.47401,-7.13346,-9.90658,-11.7731,-9.90657,-12.391,-13.9264,-12.391,-11.6865,-14.6038,-11.6865
G11Q,-0.0415,1,-7.50195,-9.75561,-7.50195,-10.4143,-12.1215,-10.4143,-14.7246,-16.621,-14.7246,-13.5646,-15.8222,-13.5646
G11R,0.0681667,1,-6.82993,-9.18918,-6.82992,-7.96889,-9.46301,-7.96888,-11.5692,-13.5212,-11.5692,-10.5198,-13.4281,-10.5198
G11S,0.906167,1,-4.98195,-7.112,-4.98195,-6.06075,-8.5607,-6.06075,-8.38793,-10.0761,-8.38793,-6.71371,-10.0752,-6.7137
G11Y,0.077,1,-6.29286,-8.21012,-6.29286,-9.38962,-11.2116,-9.38962,-13.1734,-14.5168,-13.1734,-13.1789,-15.7308,-13.1789
G11H,0.042,1,-7.86615,-10.1329,-7.86615,-10.0372,-11.918,-10.0372,-14.4487,-16.3076,-14.4487,-14.19,-16.6329,-14.19
G11V,0.647,1,-3.86926,-5.885,-3.86927,-6.91281,-8.82969,-6.9128,-9.34859,-10.7804,-9.34858,-8.86493,-11.8636,-8.86493
G11T,0.47575,1,-5.43875,-7.36022,-5.43875,-7.27997,-9.37892,-7.27997,-10.9009,-12.5479,-10.9009,-8.88882,-11.9193,-8.88881
T12V,0.95625,1,-0.688156,-3.68585,-0.688156,0.141998,-2.86306,0.141997,-1.26347,-4.53879,-1.26347,-1.33139,-4.90084,-1.33139
T12Q,0.9725,1,-2.22559,-5.38678,-2.22559,-2.39649,-5.31744,-2.39649,-3.51749,-7.02422,-3.51749,-2.68804,-6.13155,-2.68803
T12P,0.68375,1,-4.88191,-8.39277,-4.88191,-7.49592,-9.94304,-7.49591,-9.04249,-12.727,-9.04249,-7.83455,-10.4459,-7.83454
T12N,0.9835,1,-3.27538,-6.55714,-3.27538,-4.96971,-7.86809,-4.96971,-3.19868,-6.39343,-3.19868,-3.01483,-6.33821,-3.01483
T12M,1.012,1,-2.93291,-6.09124,-2.93292,-3.13405,-6.15322,-3.13405,-3.8822,-7.31625,-3.8822,-4.3201,-7.73556,-4.3201
T12L,0.925333,1,-1.99255,-5.12601,-1.99255,-2.95263,-5.80337,-2.95264,-3.41653,-6.81713,-3.41653,-3.87891,-7.59503,-3.87891
T12K,0.9825,1,-0.11593,-3.05078,-0.115932,-1.43765,-4.50838,-1.43765,-0.188794,-3.54857,-0.188792,-0.874746,-4.83465,-0.874737
T12I,0.826667,1,-0.809045,-3.73571,-0.809043,-0.282125,-3.27496,-0.282125,-1.4704,-4.90029,-1.4704,-2.58987,-6.21406,-2.58987
T12H,0.97,1,-3.09812,-6.40444,-3.09812,-4.20255,-7.09272,-4.20255,-4.21319,-7.81006,-4.21319,-4.90777,-8.43921,-4.90776
T12W,0.997,1,-3.97996,-7.06047,-3.97997,-5.86035,-8.55206,-5.86035,-7.6352,-11.2514,-7.6352,-8.8854,-12.3071,-8.88539
T12F,0.982,1,-3.20447,-6.42069,-3.20448,-4.51776,-7.43802,-4.51776,-5.24727,-8.84176,-5.24727,-6.15406,-9.55887,-6.15406
T12E,0.9865,1,-1.457,-4.55754,-1.45701,-1.20768,-3.99461,-1.20768,-3.43517,-6.55744,-3.43517,-3.02659,-6.18885,-3.02659
T12D,0.9625,1,-4.01931,-7.26384,-4.01931,-5.56116,-8.06993,-5.56116,-5.74551,-8.97336,-5.7455,-5.41616,-8.49711,-5.41616
T12C,0.7385,1,-4.38504,-7.54916,-4.38504,-4.62225,-7.63835,-4.62225,-6.22793,-9.92844,-6.22793,-6.76216,-10.0249,-6.76216
T12A,0.9815,1,-3.45136,-6.71766,-3.45136,-4.33379,-7.17645,-4.33379,-3.68219,-7.21697,-3.68219,-2.59997,-5.95658,-2.59997
T12R,0.977833,1,-0.814038,-3.88895,-0.814038,-1.99744,-5.05915,-1.99744,-1.74975,-5.33381,-1.74974,-2.42295,-6.41732,-2.42294
T12S,0.987667,1,-2.75545,-5.75877,-2.75545,-4.02494,-6.88023,-4.02494,-3.17037,-6.6556,-3.17036,-2.16622,-5.43149,-2.16622
T12G,0.96225,1,-4.95702,-8.47581,-4.95702,-6.57323,-9.35968,-6.57323,-7.45202,-10.5986,-7.45202,-6.04626,-8.97764,-6.04626
T12Y,0.9795,1,-2.6929,-5.93146,-2.6929,-3.80522,-6.617,-3.80523,-5.32067,-8.90233,-5.32067,-6.56425,-9.89022,-6.56425
V13R,-0.0486667,1,-6.51222,-8.0344,-6.5122,-9.97983,-11.1101,-9.97983,-11.2927,-11.5075,-11.2927,-14.3402,-17.1618,-14.3402
V13N,0.8555,1,-7.36843,-8.73394,-7.36842,-10.4533,-11.5318,-10.4533,-11.7394,-12.1719,-11.7394,-11.4986,-14.1822,-11.4986
V13S,0.789333,1,-6.04386,-7.73801,-6.04385,-9.43261,-10.7397,-9.43261,-9.88481,-10.5508,-9.88481,-10.9446,-13.6124,-10.9446
V13T,0.95475,1,-4.8845,-6.93499,-4.8845,-8.13692,-9.81006,-8.13692,-8.28013,-9.36215,-8.28013,-8.762,-11.6866,-8.762
V13W,-0.038,1,-6.64205,-8.55644,-6.64204,-9.95455,-12.4231,-9.95455,-13.8382,-14.0593,-13.8382,-15.1934,-17.682,-15.1934
V13Y,-0.1105,1,-5.84046,-7.76812,-5.84045,-8.81323,-10.8495,-8.81323,-11.8148,-12.2403,-11.8148,-13.7966,-16.3473,-13.7966
V13M,0.792,1,-5.07288,-7.26825,-5.07287,-8.16439,-10.5031,-8.16439,-8.5347,-9.82917,-8.5347,-9.27627,-12.2024,-9.27627
V13L,0.938667,1,-2.26044,-4.85152,-2.26043,-4.44044,-7.36863,-4.44044,-7.11659,-8.23139,-7.11659,-8.30398,-11.1954,-8.30397
V13K,-0.0975,1,-7.04152,-8.83308,-7.04151,-9.83545,-10.9266,-9.83545,-11.6185,-11.9689,-11.6185,-14.3142,-17.2051,-14.3142
V13I,0.971667,1,-0.490631,-3.73891,-0.490629,-1.72172,-4.93014,-1.72172,-3.12935,-5.33556,-3.12935,-1.61553,-4.73055,-1.61552
V13H,-0.016,1,-7.3657,-8.96384,-7.36569,-11.1222,-12.4582,-11.1222,-13.6938,-13.7818,-13.6938,-14.6574,-17.1891,-14.6574
V13G,0.047,1,-6.68957,-8.2069,-6.68957,-9.8056,-10.8185,-9.8056,-10.3845,-10.7552,-10.3845,-11.6494,-13.5422,-11.6494
V13F,0.0445,1,-4.19565,-6.54258,-4.19564,-7.86742,-10.215,-7.86742,-9.83446,-10.7443,-9.83446,-10.5769,-13.4253,-10.5769
V13E,-0.105,1,-6.10634,-7.65013,-6.10633,-9.5647,-10.4911,-9.5647,-13.073,-13.2378,-13.073,-11.4022,-13.8648,-11.4022
V13D,-0.002,1,-7.23087,-8.50832,-7.23086,-10.6944,-11.412,-10.6944,-12.8484,-13.25,-12.8484,-11.6681,-14.1821,-11.6681
V13C,0.9695,1,-5.89224,-8.16624,-5.89224,-7.35227,-9.80131,-7.35227,-8.83198,-9.73969,-8.83198,-8.85231,-11.1331,-8.85231
V13A,0.97,1,-5.04342,-7.04171,-5.04342,-7.11915,-9.13215,-7.11915,-6.80997,-7.88127,-6.80996,-7.53921,-10.2162,-7.53921
V13Q,-0.0205,1,-7.19681,-8.67681,-7.1968,-10.5901,-11.7862,-10.5901,-14.2561,-14.4806,-14.2561,-13.6075,-16.2337,-13.6075
V13P,0.3115,1,-6.32812,-7.8614,-6.32811,-9.46534,-10.7619,-9.46534,-10.6159,-10.5211,-10.6159,-12.4907,-14.7987,-12.4907
L14W,0.973,1,-3.64202,-6.79658,-3.64202,-7.13224,-10.0604,-7.13224,-9.36598,-11.0675,-9.36597,-8.12948,-11.8946,-8.12948
L14Y,0.9485,1,-2.52908,-5.63088,-2.52908,-5.26059,-8.28826,-5.2606,-6.08844,-8.05522,-6.08844,-5.37398,-9.34738,-5.37398
L14Q,0.968,1,-2.41417,-5.48071,-2.41417,-2.95993,-6.4294,-2.95993,-4.42079,-6.90829,-4.42079,-1.47674,-5.3855,-1.47674
L14V,0.9555,1,0.681594,-2.27888,0.681594,1.34621,-2.44073,1.34621,0.394974,-2.60596,0.394977,1.25585,-2.65944,1.25585
L14A,0.95125,1,-1.84242,-5.0223,-1.84242,-1.18197,-4.73491,-1.18198,-2.50975,-4.75479,-2.50975,-0.776067,-5.06835,-0.776067
L14C,0.9565,1,-3.59963,-6.7059,-3.59963,-3.71344,-7.30578,-3.71344,-4.81785,-6.81698,-4.81785,-3.67922,-7.73592,-3.67922
L14D,0.9495,1,-2.64957,-5.7524,-2.64956,-5.12462,-8.237,-5.12463,-7.74873,-9.19967,-7.74873,-4.41845,-8.47897,-4.41846
L14E,0.965,1,-1.49345,-4.51972,-1.49345,-3.29339,-6.55866,-3.2934,-5.59494,-7.60109,-5.59494,-2.5799,-6.60424,-2.5799
L14F,0.948,1,-2.36588,-5.46826,-2.36588,-4.9906,-8.02467,-4.99061,-5.58047,-7.99062,-5.58047,-4.88751,-8.91652,-4.88751
L14G,0.9595,1,-3.50099,-6.59056,-3.50099,-4.99918,-8.35461,-4.99918,-7.31365,-8.50966,-7.31365,-4.01745,-8.13626,-4.01745
L14H,0.977,1,-2.89693,-5.96034,-2.89693,-4.24604,-7.4859,-4.24604,-5.76824,-7.62913,-5.76824,-3.70324,-7.58401,-3.70324
L14I,0.973333,1,0.709231,-2.2845,0.709231,0.486469,-3.09976,0.486471,0.18768,-3.28261,0.187679,0.475344,-3.07331,0.475345
L14K,0.959,1,-0.808536,-3.85289,-0.808536,-0.479228,-4.14723,-0.479228,-2.01219,-4.65026,-2.01218,-0.417456,-3.86483,-0.417454
L14M,0.964,1,-2.24156,-5.41914,-2.24156,-2.10718,-5.68099,-2.10718,-2.88125,-6.0253,-2.88125,-1.64759,-5.40933,-1.64759
L14N,0.969,1,-2.81146,-6.01196,-2.81146,-4.47558,-7.86227,-4.47558,-5.44198,-7.32886,-5.44197,-2.44982,-6.22896,-2.44982
L14P,0.045,1,-5.34001,-8.38479,-5.34001,-8.66086,-11.6938,-8.66086,-9.40138,-10.6696,-9.40137,-7.46282,-10.7664,-7.46283
L14R,0.957333,1,-1.42233,-4.43036,-1.42233,-1.8817,-5.34324,-1.8817,-3.3041,-5.76906,-3.30409,-1.65532,-5.06307,-1.65532
L14S,0.960167,1,-1.46461,-4.65779,-1.46461,-2.06205,-5.57496,-2.06205,-3.64551,-5.57111,-3.64551,-1.24279,-5.52151,-1.24278
L14T,0.96,1,0.382422,-2.7252,0.382421,-0.0101311,-3.66486,-0.0101337,-1.11848,-3.60983,-1.11848,1.07278,-3.01983,1.07279
E15K,0.7635,1,-0.273791,-4.08813,-0.273795,-1.14147,-3.83058,-1.14147,-5.86621,-8.02647,-5.86621,-7.2277,-10.5169,-7.2277
E15I,0.948667,1,-4.32217,-7.32688,-4.32218,-5.37524,-8.84381,-5.37524,-9.50144,-11.9413,-9.50144,-11.5008,-14.9712,-11.5008
E15R,0.773833,1,-0.927217,-4.73733,-0.927222,-2.21928,-4.9078,-2.21929,-7.80299,-9.8561,-7.80299,-9.79967,-12.8953,-9.79967
E15Q,0.94,1,-1.53635,-5.10103,-1.53635,-1.30284,-4.49382,-1.30285,-2.905,-5.82256,-2.905,-4.53972,-8.21197,-4.53972
E15P,0.30625,1,-4.99054,-7.55549,-4.99053,-9.43,-11.5279,-9.43001,-14.0774,-16.3481,-14.0774,-13.9449,-17.0914,-13.9449
E15N,0.9625,1,-1.46693,-4.97337,-1.46693,-3.09978,-5.58821,-3.09979,-7.1038,-9.67886,-7.1038,-7.65361,-10.9878,-7.65361
E15L,0.8715,1,-4.22903,-7.27302,-4.22903,-4.50708,-7.86679,-4.50708,-9.08386,-11.526,-9.08386,-10.6462,-13.8212,-10.6462
E15A,0.9415,1,-1.44767,-4.82739,-1.44767,-1.69149,-4.45709,-1.6915,-6.69739,-9.53799,-6.69739,-6.66902,-10.2559,-6.66902
E15C,0.9605,1,-4.58308,-7.63113,-4.58308,-6.07122,-8.89148,-6.07123,-10.9923,-13.4124,-10.9923,-12.2738,-15.5982,-12.2738
E15M,0.972,1,-4.51784,-7.65118,-4.51784,-4.00964,-7.34766,-4.00964,-8.78249,-11.3374,-8.78249,-10.7927,-13.8656,-10.7927
E15F,0.9755,1,-3.58583,-6.6125,-3.58583,-5.51294,-8.68083,-5.51295,-10.9315,-13.1841,-10.9315,-12.718,-16.0043,-12.718
E15G,0.97175,1,-1.10654,-4.51703,-1.10654,-3.60414,-6.06485,-3.60414,-7.71789,-10.7619,-7.71789,-7.6303,-11.2214,-7.6303
E15Y,0.982,1,-2.94341,-6.11501,-2.94341,-5.18304,-8.24154,-5.18305,-9.80995,-12.2461,-9.80996,-11.2339,-14.7144,-11.2339
E15H,0.959,1,-2.39877,-5.66221,-2.39877,-3.03222,-5.81132,-3.03223,-7.86933,-10.356,-7.86933,-9.10193,-12.4992,-9.10194
E15S,0.962667,1,-0.549909,-4.21029,-0.549911,-1.8443,-4.66282,-1.84431,-6.22097,-8.84914,-6.22097,-7.52272,-10.7073,-7.52272
E15T,0.94675,1,-2.32332,-5.75857,-2.32333,-3.4933,-6.36426,-3.49331,-6.30175,-8.42278,-6.30175,-8.53614,-11.7722,-8.53615
E15V,0.93775,1,-3.56553,-6.64137,-3.56553,-4.41855,-7.52577,-4.41855,-8.5009,-11.0952,-8.5009,-9.18177,-12.8827,-9.18177
E15W,0.919,1,-3.78915,-7.06965,-3.78915,-6.91922,-9.97671,-6.91922,-11.7749,-12.9399,-11.7749,-13.7811,-16.9225,-13.7811
E15D,0.9665,1,-0.497169,-3.91527,-0.497169,-2.32576,-4.87673,-2.32577,-3.87988,-7.07158,-3.87987,-3.70232,-7.34068,-3.70232
T16V,0.98725,1,1.87863,-0.979868,1.87863,0.669644,-2.05926,0.669639,-1.34606,-4.71078,-1.34606,-1.09593,-4.52041,-1.09593
T16S,0.968333,1,-0.0852449,-3.52019,-0.0852427,1.17129,-1.89562,1.17129,0.207885,-2.90873,0.207881,0.0890534,-3.20665,0.0890536
T16R,0.997667,1,0.470157,-2.58757,0.47016,-0.818362,-3.57655,-0.818362,-5.02411,-7.88639,-5.02411,-3.96397,-7.07272,-3.96397
T16P,0.96725,1,-1.76117,-5.41798,-1.76117,-4.34042,-6.67122,-4.34042,-2.6586,-6.32266,-2.65861,-1.52887,-5.15185,-1.52887
T16N,1.0095,1,-0.68452,-4.0475,-0.684521,0.461903,-2.69956,0.461914,-0.0138776,-3.45705,-0.0138712,-2.94152,-6.25076,-2.94151
T16M,1.025,1,-0.81317,-3.93074,-0.813171,-2.26096,-4.90752,-2.26095,-2.4259,-5.94443,-2.42591,-3.1576,-6.71619,-3.1576
T16L,0.9935,1,0.518223,-2.50287,0.51822,-2.16906,-4.60429,-2.16906,-2.81558,-5.76879,-2.81558,-3.50134,-7.1417,-3.50134
T16G,0.982,1,-1.30831,-4.57609,-1.3083,-3.72062,-6.42427,-3.72062,-1.59633,-5.57326,-1.59634,-3.58732,-6.91819,-3.58732
T16I,1.001,1,1.74977,-1.25591,1.74977,-0.491706,-3.00862,-0.491709,-2.71323,-5.8552,-2.71323,-2.90888,-6.4902,-2.90888
T16H,0.9705,1,-0.794352,-4.0059,-0.794351,-1.5593,-4.4221,-1.55931,-4.27733,-7.00039,-4.27733,-5.56713,-8.84687,-5.56713
T16W,0.806,1,-1.78827,-4.71496,-1.78827,-4.66185,-7.68579,-4.66186,-9.46114,-12.1692,-9.46113,-8.46547,-11.5883,-8.46547
T16F,0.9375,1,0.0569811,-2.96279,0.0569811,-3.22902,-6.03732,-3.22902,-5.24799,-7.93044,-5.24799,-6.54846,-9.75281,-6.54846
T16E,0.9285,1,0.0692878,-3.08874,0.0692887,-3.04724,-5.86719,-3.04724,-6.32553,-8.73839,-6.32554,-6.91124,-9.87951,-6.91124
T16D,0.98,1,-0.633706,-4.06023,-0.633705,-2.86835,-5.86026,-2.86834,-6.79948,-9.62143,-6.79948,-7.54509,-10.3494,-7.54509
T16C,0.9885,1,-1.2776,-4.29343,-1.2776,-0.657929,-3.5693,-0.657928,-3.64182,-7.1273,-3.64182,-2.63944,-5.00381,-2.63944
T16A,0.989,1,-0.129819,-2.96797,-0.129815,0.199986,-2.53279,0.199986,1.00096,-3.03462,1.00096,0.300507,-3.22363,0.300506
T16K,1.045,1,1.01313,-1.90068,1.01313,-0.66645,-3.22745,-0.666448,-4.82341,-7.32775,-4.82341,-3.87511,-7.33741,-3.87511
T16Y,0.964,1,0.039495,-2.97332,0.0394959,-2.44922,-5.54389,-2.44922,-6.13748,-8.92216,-6.13748,-6.75938,-9.76553,-6.75938
T16Q,0.984,1,-0.861332,-3.93117,-0.861331,-1.61302,-4.51674,-1.61302,-2.6065,-4.42432,-2.6065,-4.02533,-7.28969,-4.02533
L17H,0.9835,1,-0.665962,-4.31695,-0.665964,-5.49009,-8.54827,-5.49009,-5.66146,-8.23668,-5.66146,-5.96514,-9.30241,-5.96515
L17A,0.96775,1,-0.443328,-3.84671,-0.443328,-5.21595,-7.99943,-5.21594,-7.27053,-10.3143,-7.27053,-7.22356,-10.0472,-7.22357
L17D,0.9785,1,0.0661399,-3.27238,0.0661383,-7.27369,-10.2144,-7.27368,-11.2173,-13.2266,-11.2173,-10.4335,-13.092,-10.4335
L17E,0.9775,1,0.0385888,-3.26695,0.0385876,-6.86384,-9.59456,-6.86384,-9.44561,-11.4824,-9.44561,-8.73104,-11.7303,-8.73105
L17F,0.9705,1,-0.369585,-3.93086,-0.369587,-2.56832,-6.01758,-2.56832,-1.80865,-5.23238,-1.80865,-4.31017,-7.83254,-4.31018
L17G,0.967,1,-0.771869,-4.26453,-0.77187,-6.80359,-9.65803,-6.80358,-9.73012,-12.2519,-9.73012,-10.0255,-12.9707,-10.0255
L17I,1.00767,1,-0.043422,-3.41876,-0.0434215,-3.17769,-6.47877,-3.17769,-4.49873,-7.01888,-4.49873,-7.51682,-10.5397,-7.51683
L17K,1.034,1,-0.0212972,-3.2766,-0.0212982,-5.03745,-8.09741,-5.03744,-6.10981,-8.31946,-6.10982,-7.34551,-10.4116,-7.34551
L17M,0.988,1,-1.17708,-4.58783,-1.17708,-2.54977,-5.95144,-2.54977,-3.26362,-6.50341,-3.26362,-3.23904,-6.30198,-3.23904
L17C,0.9735,1,-2.00006,-5.44354,-2.00006,-6.19125,-9.23997,-6.19124,-7.72194,-10.4659,-7.72194,-9.56193,-12.7351,-9.56194
L17P,0.3895,1,-1.95633,-5.70508,-1.95633,-5.78921,-8.53285,-5.7892,-8.44283,-11.069,-8.44283,-9.41599,-12.6442,-9.416
L17N,1.006,1,-0.340918,-3.76991,-0.34092,-6.00044,-9.12146,-6.00043,-8.02429,-10.4441,-8.02429,-7.64783,-10.6764,-7.64784
L17W,0.955,1,-2.10058,-5.97821,-2.10059,-7.55454,-10.8414,-7.55454,-6.89361,-9.81825,-6.89361,-8.73463,-12.2718,-8.73463
L17V,1.00475,1,0.124474,-3.13251,0.124475,-3.87914,-6.89167,-3.87913,-5.01276,-7.769,-5.01275,-7.5987,-10.4963,-7.5987
L17T,0.97525,1,-0.0437927,-3.41012,-0.043793,-4.38788,-7.37775,-4.38788,-7.40571,-10.1517,-7.40571,-8.18259,-10.9443,-8.1826
L17Y,0.9655,1,-0.218589,-3.83228,-0.218591,-3.98498,-7.5433,-3.98498,-1.99394,-4.99679,-1.99394,-5.50803,-9.38303,-5.50803
L17R,0.962167,1,-0.145688,-3.43994,-0.145689,-5.03073,-8.09328,-5.03072,-5.88725,-8.37276,-5.88725,-6.20528,-9.19199,-6.20528
L17Q,0.9395,1,-0.815924,-4.23425,-0.815925,-5.08023,-7.99817,-5.08022,-6.58856,-9.0848,-6.58856,-6.06071,-8.99439,-6.06072
L17S,0.989833,1,0.0561948,-3.28354,0.0561941,-6.22531,-9.06964,-6.2253,-8.18148,-10.8033,-8.18148,-7.01755,-10.0607,-7.01756
P18I,0.997,1,-2.05048,-5.20471,-2.05048,-5.7627,-8.20304,-5.7627,-9.16993,-11.5118,-9.16994,-8.87168,-12.0472,-8.87168
P18A,0.9285,1,-1.18092,-4.58325,-1.18092,-2.83473,-5.7105,-2.83473,-5.59418,-8.35725,-5.59418,-4.25265,-7.42016,-4.25264
P18C,0.948,1,-4.31696,-7.35354,-4.31696,-7.80295,-10.746,-7.80294,-10.8723,-13.2831,-10.8723,-10.3762,-13.597,-10.3762
P18D,0.4855,1,-0.115202,-3.57993,-0.115198,-4.16178,-6.49841,-4.16177,-10.4943,-13.0002,-10.4943,-8.78525,-11.631,-8.78525
P18E,0.528,1,-0.0274484,-3.72059,-0.0274446,-3.86925,-5.83354,-3.86925,-9.4535,-11.8603,-9.4535,-8.72662,-11.8043,-8.72662
P18F,0.984,1,-2.47569,-5.62995,-2.47569,-5.20915,-8.05499,-5.20915,-9.83914,-12.1868,-9.83914,-10.1094,-13.3636,-10.1094
P18G,0.8985,1,-0.66843,-3.94301,-0.668426,-3.09278,-6.17248,-3.09278,-7.12541,-10.051,-7.12541,-6.80926,-10.1199,-6.80926
P18H,0.989,1,-2.20894,-5.47161,-2.20894,-4.14292,-7.44883,-4.14291,-7.94857,-10.2875,-7.94857,-6.7481,-10.1242,-6.7481
P18N,0.9555,1,-0.917027,-4.2398,-0.917024,-3.48523,-6.79649,-3.48522,-8.28233,-11.0996,-8.28234,-6.52866,-9.46892,-6.52866
P18K,0.973,1,-0.261993,-3.78656,-0.261992,-3.35428,-5.5929,-3.35428,-9.02148,-11.5339,-9.02148,-8.58256,-11.8252,-8.58255
P18M,0.981,1,-2.66376,-5.83387,-2.66375,-5.45844,-8.35024,-5.45844,-8.32533,-10.8085,-8.32533,-9.25949,-12.6036,-9.25949
P18Q,0.972,1,-1.49154,-4.97855,-1.49153,-4.43526,-7.15476,-4.43526,-5.80955,-7.91881,-5.80955,-5.97181,-9.31416,-5.9718
P18R,0.9165,1,-0.788461,-4.19826,-0.788459,-3.95704,-6.2601,-3.95704,-8.07338,-10.756,-8.07338,-7.31439,-10.6738,-7.31438
P18S,0.959,1,-0.663838,-4.04599,-0.663836,-2.90778,-5.98087,-2.90777,-5.39428,-8.90683,-5.39429,-4.49808,-7.86481,-4.49808
P18T,0.97225,1,-1.20942,-4.52453,-1.20941,-3.94367,-6.85643,-3.94366,-6.43625,-9.61684,-6.43625,-5.66134,-8.69169,-5.66134
P18V,0.98425,1,-1.77387,-5.00899,-1.77387,-5.06581,-7.54245,-5.06581,-8.00442,-10.499,-8.00442,-7.76374,-10.9118,-7.76374
P18W,0.603,1,-3.52382,-6.5504,-3.52383,-7.03777,-9.55128,-7.03776,-11.902,-13.9148,-11.902,-13.0058,-16.248,-13.0058
P18Y,1.004,1,-2.25142,-5.44695,-2.25142,-5.64832,-8.59402,-5.64832,-9.90703,-12.203,-9.90703,-9.5314,-12.8346,-9.53139
P18L,0.981,1,-1.63783,-4.67481,-1.63783,-5.035,-7.49534,-5.035,-7.53333,-9.76291,-7.53333,-7.78654,-11.2277,-7.78654
N19W,1.002,1,-2.16884,-5.70302,-2.16883,-6.04947,-8.53821,-6.04947,-11.1201,-13.085,-11.1201,-13.7238,-16.3053,-13.7238
N19V,1.007,1,-1.59764,-5.15037,-1.59764,-4.29701,-7.19288,-4.29701,-7.61137,-9.99344,-7.61137,-10.1586,-13.1682,-10.1586
N19T,1.00275,1,-0.745877,-4.20467,-0.745874,-2.34057,-5.48785,-2.34057,-5.64355,-8.18493,-5.64356,-6.66172,-10.1201,-6.66172
N19S,0.995667,1,-0.367258,-3.72281,-0.367257,-1.64262,-4.75374,-1.64262,-3.81612,-6.56777,-3.81612,-4.42464,-7.55842,-4.42463
N19R,1.01067,1,-0.51411,-3.83346,-0.514109,-2.42499,-5.62809,-2.42498,-5.9743,-8.23276,-5.97432,-9.35665,-12.5758,-9.35665
N19Q,0.992,1,-1.3326,-4.78167,-1.3326,-2.37618,-5.41588,-2.37618,-5.26337,-8.17323,-5.26338,-7.80274,-10.5404,-7.80274
N19K,1.0135,1,-0.171232,-3.57789,-0.171231,-1.35414,-4.62855,-1.35414,-5.40562,-7.76667,-5.40564,-8.18233,-11.6636,-8.18233
N19M,1,1,-2.15126,-5.46027,-2.15126,-4.32407,-7.23604,-4.32407,-8.19951,-10.8155,-8.19952,-10.0445,-12.8197,-10.0445
N19L,0.9925,1,-1.17976,-4.64249,-1.17976,-4.8793,-7.76964,-4.8793,-8.40311,-10.8278,-8.40312,-10.5507,-13.4738,-10.5507
N19I,1.002,1,-2.17798,-5.70195,-2.17798,-5.2835,-8.20609,-5.2835,-8.68784,-11.0447,-8.68784,-10.4825,-13.6233,-10.4825
N19H,1.0235,1,-1.03262,-4.45994,-1.03262,-1.26487,-4.11546,-1.26486,-4.35172,-6.9469,-4.35173,-7.07367,-10.1095,-7.07367
N19G,1.006,1,0.756828,-2.45227,0.756828,-1.44997,-4.99141,-1.44996,-5.74493,-8.35322,-5.74494,-5.77083,-8.37558,-5.77082
N19P,0.70075,1,-0.762722,-4.08137,-0.762722,-1.07673,-4.14018,-1.07673,-7.73534,-9.8898,-7.73534,-10.0175,-12.8426,-10.0174
N19F,1.0025,1,-1.01492,-4.52248,-1.01492,-3.98324,-6.54359,-3.98324,-8.92416,-11.2599,-8.92417,-10.2885,-12.9902,-10.2885
N19Y,1.0035,1,-0.843321,-4.35359,-0.84332,-3.66586,-6.30844,-3.66585,-7.86539,-10.2368,-7.8654,-9.10814,-12.2099,-9.10814
N19A,0.998,1,-0.836376,-4.20985,-0.836376,-1.85296,-4.87577,-1.85296,-5.43359,-8.13203,-5.4336,-6.22892,-8.64692,-6.22891
N19E,0.998,1,0.0427756,-3.48724,0.0427749,-2.19089,-5.11073,-2.1909,-7.54907,-9.99205,-7.54909,-9.89102,-11.9682,-9.89102
N19D,0.99,1,0.494004,-2.94202,0.494002,-1.66976,-4.82493,-1.66977,-5.35987,-7.63803,-5.35988,-5.82468,-8.59381,-5.82468
N19C,1.001,1,-3.37645,-6.69199,-3.37645,-6.54412,-9.07607,-6.54412,-9.49909,-11.4825,-9.4991,-10.8256,-13.8359,-10.8256
T20Y,0.965,1,-0.571306,-3.80201,-0.571306,-2.92174,-5.42395,-2.92174,-6.00892,-8.51657,-6.00891,-7.86865,-10.1168,-7.86865
T20W,0.913,1,-1.82743,-4.9566,-1.82743,-4.42452,-7.08771,-4.42452,-6.88418,-9.56682,-6.88417,-10.2397,-12.2582,-10.2397
T20V,1.001,1,-1.0054,-4.18267,-1.0054,0.403974,-1.97892,0.403973,-2.77121,-5.50733,-2.7712,-3.43215,-5.90949,-3.43215
T20R,0.976167,1,0.711889,-2.8251,0.711887,-3.19998,-5.66804,-3.19998,-4.18339,-6.53791,-4.18338,-7.18077,-9.0496,-7.18077
T20Q,0.971,1,-0.191894,-3.68524,-0.191895,-2.52664,-5.04736,-2.52663,-4.19221,-5.90353,-4.19221,-5.69455,-7.79467,-5.69455
T20P,0.94975,1,-2.04483,-5.15701,-2.04483,2.34532,-1.07525,2.34531,-5.55798,-8.70552,-5.55798,-6.94834,-9.07595,-6.94833
T20N,0.9255,1,0.536142,-2.77636,0.536141,-1.51247,-3.63056,-1.51248,-2.28086,-4.94627,-2.28086,-5.22221,-7.50629,-5.22221
T20M,0.968,1,-0.866915,-3.83035,-0.866914,-1.65226,-4.20151,-1.65226,-3.565,-6.18533,-3.565,-3.79959,-6.86544,-3.79959
T20L,0.964333,1,-0.756919,-3.88592,-0.756917,-1.18967,-3.86781,-1.18967,-4.5958,-7.19466,-4.5958,-5.66313,-7.99752,-5.66313
T20S,0.9805,1,0.280907,-3.09949,0.280906,1.25715,-2.03864,1.25715,1.05989,-2.52114,1.05989,-2.21573,-4.63674,-2.21573
T20I,0.974667,1,-1.46297,-4.63872,-1.46297,-1.31073,-3.69658,-1.31073,-5.13523,-7.88523,-5.13523,-5.56347,-7.90479,-5.56347
T20K,0.945,1,1.19948,-2.4341,1.19948,-3.09451,-5.37507,-3.09451,-3.32151,-4.95535,-3.32149,-7.23227,-9.16394,-7.23227
T20C,0.979,1,-2.03042,-5.19814,-2.03042,-1.61122,-4.24138,-1.61122,-1.51072,-5.11559,-1.51071,-5.62799,-7.9767,-5.62799
T20D,0.881,1,0.375686,-2.92158,0.375683,-2.43235,-4.67127,-2.43235,-5.17876,-8.02107,-5.17876,-7.16718,-9.44798,-7.16717
T20A,0.972,1,-0.0371621,-3.31926,-0.0371614,3.18735,0.0839342,3.18734,3.77513,-0.289608,3.77513,0.63015,-2.20763,0.630156
T20F,0.971,1,-1.08174,-4.14675,-1.08174,-2.53492,-5.10888,-2.53492,-5.28823,-7.7751,-5.28822,-6.71402,-8.98974,-6.71402
T20G,0.97175,1,1.77388,-1.6261,1.77387,0.0854745,-1.31177,0.0854726,-0.0872357,-3.46416,-0.0872228,-3.74049,-5.98895,-3.74049
T20H,0.9695,1,-0.373901,-3.78674,-0.373902,-2.9546,-5.56145,-2.9546,-4.95629,-7.32619,-4.95628,-7.34506,-9.55627,-7.34506
T20E,0.911,1,0.265262,-3.11378,0.265259,-2.51557,-4.78081,-2.51557,-6.0576,-8.76877,-6.0576,-6.65242,-8.92052,-6.65241
M21T,0.995,1,2.30541,-0.914992,2.3054,0.302656,-2.90674,0.30267,-3.36031,-5.43438,-3.36032,-0.936468,-4.9255,-0.936476
M21L,1.00233,1,1.1245,-2.20075,1.1245,0.702435,-2.58848,0.702431,-3.47121,-5.83366,-3.47121,-2.05852,-6.1875,-2.05851
M21S,0.995833,1,1.70973,-1.56838,1.70973,-1.00495,-4.19257,-1.00493,-6.37677,-8.43794,-6.37678,-3.10385,-6.7357,-3.10385
M21R,0.992333,1,1.63691,-1.65143,1.6369,0.578399,-3.046,0.578406,-7.07208,-8.89487,-7.07209,-3.68682,-7.29914,-3.68683
M21Q,0.993,1,0.912989,-2.4492,0.912988,-0.905684,-4.29772,-0.905681,-6.09032,-7.96616,-6.09033,-2.5928,-6.08957,-2.59279
M21P,0.11125,1,0.534999,-2.94513,0.535,-5.88826,-8.39519,-5.88827,-10.021,-11.8395,-10.021,-8.75446,-11.8656,-8.75446
M21N,1.013,1,0.943717,-2.31948,0.943715,-1.00493,-4.15293,-1.00493,-5.62041,-7.53521,-5.62042,-3.42897,-7.07037,-3.42897
M21K,1.0085,1,1.88363,-1.29718,1.88363,1.13332,-2.92901,1.13334,-6.32315,-8.31233,-6.32316,-4.72711,-8.13337,-4.72712
M21E,0.9695,1,1.40764,-2.08875,1.40764,-2.10991,-4.7254,-2.10991,-9.5068,-11.5292,-9.5068,-6.4784,-9.96864,-6.47839
M21H,0.9985,1,0.618551,-2.67508,0.618549,-0.975326,-4.86328,-0.975335,-7.75113,-9.58584,-7.75114,-4.1758,-7.61998,-4.1758
M21G,0.98975,1,2.26312,-0.721925,2.26312,-3.21977,-6.50075,-3.21977,-9.90491,-11.8206,-9.90492,-6.32241,-9.42632,-6.32241
M21F,0.9775,1,0.685647,-2.30148,0.685645,-2.09695,-5.09979,-2.09695,-6.10263,-8.2873,-6.10263,-5.26567,-9.09051,-5.26567
M21D,0.949,1,0.76638,-2.60158,0.766378,-2.99353,-5.34682,-2.99354,-10.1379,-11.9973,-10.138,-7.37736,-10.8407,-7.37736
M21C,0.995,1,-0.492734,-3.72769,-0.492737,-4.11873,-7.12388,-4.11873,-7.95462,-9.53571,-7.95462,-6.50983,-10.0012,-6.50983
M21A,0.98625,1,1.14598,-2.17842,1.14598,-1.22969,-4.40562,-1.22968,-7.34092,-9.47601,-7.34093,-4.02551,-7.50733,-4.02551
M21V,0.9205,1,1.5382,-1.75868,1.5382,0.277926,-2.71212,0.277927,-5.64836,-7.85743,-5.64836,-3.53128,-7.37648,-3.53128
M21Y,0.991,1,0.523618,-2.57653,0.523616,-2.14442,-5.3673,-2.14442,-7.9263,-9.85116,-7.9263,-6.11184,-9.67232,-6.11184
M21I,0.986667,1,1.1277,-2.15252,1.1277,-0.147566,-3.04395,-0.147569,-4.14576,-6.47639,-4.14576,-3.16681,-7.14275,-3.16681
M21W,0.995,1,-0.716046,-3.63783,-0.716047,-4.4464,-7.23876,-4.4464,-9.82721,-11.9303,-9.82722,-7.96033,-10.9206,-7.96033
F22S,1.00917,1,-1.50125,-4.79988,-1.50125,-5.24049,-8.02572,-5.24048,-9.14554,-9.897,-9.14554,-10.0082,-12.7483,-10.0082
F22C,0.9975,1,-0.704252,-4.05602,-0.704252,-2.96486,-6.51392,-2.96485,-6.41309,-8.15255,-6.41309,-7.6414,-10.6327,-7.6414
F22Y,0.984,1,0.188588,-3.46123,0.188586,-1.12729,-4.31317,-1.1273,-3.5705,-6.77571,-3.57051,-4.31366,-8.47795,-4.31368
F22W,0.956,1,-1.96356,-5.56616,-1.96356,-5.62205,-7.98357,-5.62206,-8.0101,-10.5646,-8.0101,-9.25824,-12.9785,-9.25824
F22V,0.9475,1,1.33705,-2.02352,1.33704,-3.78377,-6.95253,-3.78376,-6.13476,-8.52484,-6.13476,-6.52441,-9.18438,-6.5244
F22R,0.875,1,-2.39737,-5.68599,-2.39737,-8.08829,-10.9562,-8.0883,-12.1152,-13.0878,-12.1152,-14.3549,-16.7324,-14.3549
F22Q,0.9945,1,-2.81631,-6.14034,-2.81631,-7.08567,-9.99023,-7.08568,-10.9186,-12.1171,-10.9186,-11.375,-14.2019,-11.375
F22P,0.14825,1,-1.89635,-5.15879,-1.89635,-9.04763,-11.2214,-9.04763,-11.5439,-12.3382,-11.5439,-15.2507,-17.5118,-15.2507
F22N,0.995,1,-2.83594,-5.91858,-2.83594,-7.70094,-10.2807,-7.70095,-11.0615,-12.0376,-11.0615,-11.2456,-14.3018,-11.2456
F22M,0.982,1,-1.01317,-4.38171,-1.01317,-4.41461,-7.18096,-4.41461,-6.70962,-9.35004,-6.70962,-7.12655,-10.2998,-7.12655
F22L,0.881333,1,0.469659,-2.96502,0.469659,-3.86376,-6.60045,-3.86376,-4.97341,-7.76684,-4.97342,-6.73394,-9.93767,-6.73393
F22K,0.8385,1,-2.37026,-5.43531,-2.37026,-9.0292,-11.8193,-9.02921,-13.0266,-14.0514,-13.0266,-15.1492,-17.388,-15.1492
F22I,0.853667,1,0.609567,-2.70937,0.609566,-4.39142,-7.40963,-4.39141,-6.62259,-9.12729,-6.62259,-6.95001,-9.62425,-6.95
F22H,0.8895,1,-2.21839,-5.60028,-2.21839,-6.30668,-8.84721,-6.30669,-8.91572,-10.4794,-8.91572,-8.77021,-12.102,-8.77022
F22G,1.01625,1,-0.778867,-4.17827,-0.778869,-6.21921,-9.1659,-6.2192,-11.5884,-12.4366,-11.5884,-12.9782,-15.4035,-12.9782
F22E,0.4255,1,-3.28172,-6.6058,-3.28172,-9.14796,-11.6158,-9.14796,-12.6348,-13.4064,-12.6348,-14.1272,-16.6255,-14.1272
F22D,0.239,1,-3.60072,-6.80215,-3.60072,-9.05939,-11.104,-9.05939,-12.3822,-12.7328,-12.3822,-14.4727,-17.1041,-14.4727
F22A,1.0155,1,0.861922,-2.64108,0.861921,-2.64144,-6.00703,-2.64143,-8.3708,-9.95151,-8.3708,-9.17769,-11.5839,-9.17768
F22T,0.98675,1,-0.488213,-3.84114,-0.488213,-4.70748,-7.77307,-4.70747,-9.34871,-11.1594,-9.34871,-9.48367,-12.2591,-9.48367
R23Y,0.996,1,-1.81246,-5.08396,-1.81246,-5.71147,-8.85529,-5.71146,-8.12128,-10.3016,-8.12128,-9.82165,-11.7927,-9.82164
R23W,0.978,1,-3.38602,-6.5085,-3.38602,-6.7017,-9.81161,-6.70169,-8.64963,-10.9765,-8.64963,-10.1612,-12.3486,-10.1612
R23L,1.00483,1,-1.04139,-4.31263,-1.04139,-2.82167,-6.09837,-2.82167,-4.75186,-7.59119,-4.75186,-7.32161,-9.24512,-7.3216
R23F,0.9785,1,-1.90299,-5.26261,-1.90299,-6.22885,-9.34597,-6.22885,-8.50591,-10.7555,-8.50591,-10.2706,-12.2571,-10.2706
R23A,0.9835,1,-1.30789,-4.69445,-1.30789,-3.28522,-5.66924,-3.28523,-7.09811,-9.55418,-7.09811,-7.17189,-8.85024,-7.17189
R23C,0.9955,1,-2.66278,-6.19905,-2.66278,-5.54388,-8.55115,-5.54388,-7.03186,-9.90805,-7.03186,-7.11946,-9.14424,-7.11946
R23D,0.966,1,-1.5837,-5.0568,-1.5837,-4.77219,-7.59426,-4.77219,-7.41982,-9.42511,-7.41982,-8.97582,-10.4092,-8.97581
R23E,0.971,1,-0.336529,-3.72993,-0.336532,-3.01806,-6.12699,-3.01806,-6.81344,-9.18584,-6.81343,-7.74261,-9.33442,-7.7426
R23G,0.986,1,-1.10766,-4.47019,-1.10766,-4.00577,-6.39688,-4.00577,-7.73905,-10.1512,-7.73904,-8.10604,-10.2666,-8.10604
R23I,1.00767,1,-1.18688,-4.25132,-1.18688,-4.262,-7.57212,-4.26201,-6.90868,-9.75407,-6.90868,-8.29707,-10.1889,-8.29707
R23K,0.989,1,0.285569,-2.8086,0.285567,0.686978,-2.81717,0.686978,0.0935946,-2.69985,0.0935993,-1.37285,-3.16958,-1.37284
R23H,0.9865,1,-1.4288,-4.71093,-1.4288,-4.83372,-7.71814,-4.83372,-5.34216,-7.92242,-5.34216,-5.66166,-7.38226,-5.66166
R23M,0.989,1,-2.06432,-5.37572,-2.06432,-3.59953,-6.67401,-3.59953,-6.51766,-9.29767,-6.51765,-8.06152,-9.8986,-8.06151
R23N,0.903,1,-1.3195,-4.71527,-1.3195,-4.61228,-7.34679,-4.61228,-4.97225,-7.15128,-4.97225,-5.94225,-7.5674,-5.94225
R23P,0.96825,1,-4.24599,-7.83544,-4.24599,-7.96769,-10.4511,-7.9677,-10.8983,-13.1342,-10.8984,-10.9777,-13.2374,-10.9777
R23Q,0.9965,1,-1.09553,-4.44904,-1.09553,-1.7008,-4.90156,-1.7008,-4.19707,-7.11552,-4.19707,-5.03812,-6.72913,-5.03812
R23S,0.984833,1,-0.569337,-3.98363,-0.569339,-3.90008,-6.48937,-3.90008,-5.64681,-8.05108,-5.64681,-5.80101,-7.60585,-5.801
R23T,0.981,1,0.0427713,-3.19107,0.042768,-3.95972,-6.84439,-3.95972,-5.25373,-7.81533,-5.25373,-5.76919,-7.40164,-5.76918
R23V,0.9905,1,-0.966094,-4.15756,-0.966097,-4.2009,-7.30887,-4.2009,-6.70184,-9.39915,-6.70184,-7.39493,-9.14501,-7.39492
V24L,0.995333,1,-0.663072,-3.77036,-0.663075,-3.30102,-6.47625,-3.30103,-5.43787,-7.6663,-5.43787,-4.88129,-8.09315,-4.88128
V24Q,-0.0555,1,-6.11186,-9.4531,-6.11186,-11.0397,-13.1738,-11.0397,-13.1219,-13.9446,-13.1219,-12.9024,-15.4376,-12.9024
V24P,0.06975,1,-5.8266,-9.3311,-5.82659,-10.8979,-13.0145,-10.8979,-12.0487,-12.8484,-12.0487,-14.1136,-16.4661,-14.1136
V24N,0.0065,1,-7.00531,-10.2377,-7.00531,-11.5037,-13.4409,-11.5037,-11.493,-12.646,-11.493,-12.3808,-15.2858,-12.3808
V24M,0.917,1,-2.62087,-5.87668,-2.62087,-5.70555,-8.89702,-5.70556,-6.23088,-8.59856,-6.23088,-6.97031,-10.4113,-6.9703
V24R,0.0188333,1,-6.16734,-9.48964,-6.16735,-11.4961,-13.3306,-11.4961,-13.3377,-13.8076,-13.3377,-14.6929,-17.335,-14.6929
V24K,-0.0315,1,-5.63769,-9.1157,-5.63769,-11.676,-12.9842,-11.676,-13.0817,-13.6442,-13.0817,-14.5363,-17.0788,-14.5363
V24G,-0.04975,1,-4.66696,-7.68269,-4.66697,-9.01104,-11.3929,-9.01103,-9.80467,-11.2174,-9.80467,-10.8439,-13.3116,-10.8439
V24H,0.079,1,-6.24386,-9.57954,-6.24386,-11.9817,-14.3169,-11.9817,-14.2535,-14.8504,-14.2535,-14.5877,-17.4601,-14.5877
V24F,0.1165,1,-1.75461,-4.96644,-1.75461,-6.86567,-9.6843,-6.86568,-9.68095,-11.4663,-9.68094,-10.0667,-13.1608,-10.0667
V24S,0.609667,1,-5.17155,-8.57807,-5.17155,-8.62836,-11.4029,-8.62836,-9.06781,-10.717,-9.06781,-10.5218,-13.3427,-10.5218
V24E,0.092,1,-6.2643,-9.565,-6.2643,-11.4377,-13.4629,-11.4377,-11.5588,-12.2723,-11.5588,-11.9866,-14.6346,-11.9866
V24D,0.0325,1,-7.68825,-10.9857,-7.68825,-12.2223,-13.7844,-12.2223,-12.2757,-13.2692,-12.2757,-12.7067,-15.304,-12.7067
V24C,1.004,1,-3.19829,-6.29667,-3.19829,-5.20216,-8.27602,-5.20215,-5.95257,-8.55776,-5.95257,-7.81112,-10.7183,-7.81112
V24W,-0.075,1,-5.6761,-8.60929,-5.6761,-12.5749,-15.1322,-12.5749,-14.6772,-15.657,-14.6772,-16.1376,-18.7182,-16.1376
V24I,0.990667,1,-0.209417,-3.43637,-0.209419,-1.3215,-4.70958,-1.32151,-2.07462,-5.11461,-2.07461,-2.82762,-6.39588,-2.82762
V24Y,-0.2425,1,-3.80059,-6.80199,-3.80059,-9.57393,-12.3937,-9.57393,-12.9398,-13.9427,-12.9398,-13.8886,-16.9281,-13.8886
V24A,0.999,1,-2.16061,-5.494,-2.16061,-4.64357,-7.67206,-4.64357,-4.88382,-7.09602,-4.88382,-6.20993,-9.28811,-6.20993
V24T,1.0045,1,-3.28506,-6.80235,-3.28506,-5.52432,-8.4991,-5.52432,-6.6785,-8.83466,-6.6785,-7.20195,-10.4019,-7.20195
E25T,0.994,1,-0.309089,-3.82119,-0.309088,-2.92648,-6.01917,-2.92649,-3.93615,-7.45659,-3.93615,-5.0284,-7.81119,-5.02839
E25Y,1.0035,1,-2.89609,-6.44501,-2.89609,-5.0217,-7.83378,-5.0217,-7.07526,-10.3079,-7.07526,-10.4277,-13.097,-10.4277
E25W,0.98,1,-4.41045,-7.99766,-4.41045,-5.45914,-8.27023,-5.45914,-8.50544,-11.2349,-8.50544,-12.0708,-14.7966,-12.0708
E25V,0.9935,1,-1.1745,-4.71927,-1.1745,-3.34784,-6.30956,-3.34785,-4.74595,-8.01094,-4.74595,-7.30331,-10.1345,-7.30331
E25A,0.9885,1,-1.86763,-5.41546,-1.86763,-1.50496,-4.51107,-1.50497,-2.18302,-5.84116,-2.18302,-4.41944,-7.79961,-4.41943
E25C,0.996,1,-3.74054,-7.1554,-3.74054,-4.64853,-7.5298,-4.64854,-6.7523,-10.4296,-6.75231,-9.51749,-11.943,-9.51749
E25D,0.9825,1,-1.7366,-5.15109,-1.73659,-1.76144,-4.80451,-1.76145,-3.57717,-6.46956,-3.57717,-4.02319,-7.39106,-4.02319
E25F,0.9945,1,-3.1081,-6.5658,-3.1081,-5.63014,-8.36974,-5.63014,-7.61343,-10.5643,-7.61343,-10.5091,-13.0512,-10.5091
E25G,0.98925,1,-2.82085,-6.40251,-2.82084,-2.90324,-5.76249,-2.90325,-3.71468,-7.44016,-3.71468,-4.88656,-8.43707,-4.88656
E25R,1.00167,1,-0.43049,-3.98434,-0.430487,-1.09295,-4.07043,-1.09295,-2.39059,-6.19373,-2.3906,-4.68754,-7.74985,-4.68753
E25I,1.00333,1,-1.65674,-5.14255,-1.65674,-4.05222,-6.90815,-4.05222,-6.24315,-9.35849,-6.24315,-9.25298,-11.893,-9.25298
E25K,1.0115,1,-0.0126436,-3.57938,-0.0126429,-0.517271,-3.38656,-0.517274,-1.39171,-5.00916,-1.39171,-3.10406,-6.1212,-3.10406
E25L,0.986667,1,-1.70658,-4.91361,-1.70658,-2.39944,-5.18544,-2.39944,-2.82028,-5.9804,-2.82028,-6.97628,-10.1059,-6.97628
E25M,1.009,1,-2.42978,-5.61895,-2.42978,-2.72272,-5.57008,-2.72272,-3.81545,-7.27002,-3.81545,-7.81872,-10.8562,-7.81871
E25N,0.982,1,-1.63959,-5.10346,-1.63959,-2.94782,-5.99952,-2.94782,-3.31207,-6.71699,-3.31207,-4.46109,-7.58876,-4.46109
E25S,0.995,1,-1.34376,-4.94624,-1.34376,-2.17872,-5.18152,-2.17873,-2.61617,-6.24256,-2.61617,-4.03315,-7.40941,-4.03314
E25Q,0.994,1,-0.903188,-4.15436,-0.903188,-0.521969,-3.52502,-0.521971,-0.858358,-4.3824,-0.858361,-2.51698,-5.95443,-2.51697
E25P,0.60225,1,-3.86225,-7.35992,-3.86225,-5.41867,-8.798,-5.41868,-9.51607,-12.697,-9.51607,-10.66,-13.3256,-10.66
E25H,0.996,1,-1.96518,-5.52979,-1.96518,-3.47672,-6.6998,-3.47673,-4.49897,-8.01102,-4.49897,-5.98763,-8.81784,-5.98762
L26P,0.5985,1,-3.27215,-6.29797,-3.27215,-7.19744,-9.59984,-7.19743,-10.2231,-11.9457,-10.2231,-11.509,-14.0845,-11.509
L26A,0.70975,1,-1.59373,-4.56116,-1.59373,-4.13185,-6.71553,-4.13185,-5.97034,-8.12568,-5.97035,-12.0342,-14.1187,-12.0342
L26C,0.7505,1,-2.66509,-5.78939,-2.66509,-3.48194,-6.26463,-3.48194,-1.55173,-4.13072,-1.55173,-9.44534,-11.6877,-9.44534
L26D,0.68,1,0.0886344,-3.07709,0.0886338,-5.54588,-7.87709,-5.54588,-9.24261,-11.1434,-9.24261,-14.0628,-15.6244,-14.0628
L26E,0.616,1,-1.72136,-4.40222,-1.72136,-7.59987,-8.83383,-7.59987,-10.4178,-12.5483,-10.4178,-14.7231,-16.4202,-14.7231
L26F,0.8405,1,-1.08665,-4.40937,-1.08665,-5.39155,-7.99555,-5.39155,-5.48689,-8.16431,-5.48689,-7.73739,-10.4332,-7.73738
L26G,0.69625,1,-1.72586,-4.67764,-1.72586,-6.45855,-8.95981,-6.45854,-8.0957,-10.0445,-8.0957,-13.9672,-15.5742,-13.9672
L26I,0.699,1,-1.90505,-5.21884,-1.90505,-2.80956,-6.09362,-2.80956,-4.77943,-8.12547,-4.77943,-6.34963,-8.95441,-6.34963
L26K,0.56,1,-1.91971,-4.67127,-1.91971,-7.57684,-9.49665,-7.57683,-10.2432,-11.8752,-10.2432,-14.3269,-15.8884,-14.3269
L26M,0.826,1,-1.86076,-4.91793,-1.86076,-2.70751,-5.43684,-2.70751,-3.74806,-6.49231,-3.74806,-5.57431,-8.35688,-5.57431
L26N,0.6915,1,-1.69853,-4.71538,-1.69853,-7.16433,-9.2709,-7.16432,-9.00057,-11.4478,-9.00058,-13.3044,-15.2346,-13.3044
L26Y,0.65,1,-1.54222,-4.71014,-1.54222,-7.02948,-9.46007,-7.02948,-8.9282,-11.7168,-8.9282,-12.4906,-14.6605,-12.4906
L26W,0.429,1,-3.25553,-6.48148,-3.25553,-8.45087,-10.6017,-8.45087,-11.6619,-14.0451,-11.6619,-13.6645,-15.8413,-13.6645
L26Q,0.615,1,-2.87553,-5.53551,-2.87553,-6.82928,-8.84899,-6.82927,-9.12131,-11.1512,-9.12132,-11.9794,-14.0569,-11.9794
L26T,0.6545,1,0.159902,-3.16446,0.1599,-2.81741,-5.39419,-2.81741,-4.74863,-7.39365,-4.74863,-10.087,-12.5256,-10.087
L26S,0.657833,1,-1.20079,-4.24302,-1.20079,-5.33362,-7.63405,-5.33361,-7.60859,-9.64517,-7.6086,-12.5378,-14.4926,-12.5378
L26R,0.582833,1,-1.89662,-4.64069,-1.89661,-7.10309,-9.20098,-7.10308,-8.84441,-10.8012,-8.84442,-13.3783,-15.0082,-13.3783
L26H,0.6685,1,-2.40388,-5.37958,-2.40387,-7.61394,-10.1054,-7.61393,-9.88746,-11.9595,-9.88747,-13.217,-15.2571,-13.217
L26V,0.73875,1,-1.74376,-4.94893,-1.74376,-2.70124,-5.89212,-2.70124,-4.29495,-7.32072,-4.29495,-7.68359,-10.1453,-7.6836
E27Q,0.826,1,-1.48363,-4.70724,-1.48363,-3.59209,-6.68521,-3.5921,-3.62787,-6.94064,-3.62787,-3.54738,-7.03405,-3.54737
E27P,0.7235,1,-0.309575,-3.70246,-0.309574,-3.12439,-6.28633,-3.1244,-3.89807,-7.10762,-3.89806,-4.10699,-7.93677,-4.10698
E27I,0.835333,1,-2.18031,-5.61969,-2.18031,-5.38731,-8.289,-5.38731,-6.16145,-9.52294,-6.16145,-6.81597,-10.5413,-6.81596
E27V,0.86375,1,-1.69295,-5.16566,-1.69294,-4.60245,-7.61154,-4.60245,-5.03909,-8.47654,-5.03909,-5.03681,-8.82755,-5.0368
E27W,0.776,1,-4.70733,-7.96595,-4.70733,-7.9922,-10.7384,-7.9922,-9.60088,-12.7145,-9.60089,-9.98519,-13.6634,-9.98518
E27T,0.8405,1,-1.29064,-4.67005,-1.29064,-3.72025,-6.72968,-3.72026,-4.20157,-7.47178,-4.20157,-3.78648,-7.59078,-3.78647
E27S,0.840833,1,-0.386561,-3.76454,-0.386562,-2.54719,-5.73546,-2.5472,-3.7143,-6.96449,-3.7143,-3.56442,-7.25081,-3.56441
E27A,0.849,1,-0.481653,-3.92725,-0.481654,-2.24993,-5.6019,-2.24993,-3.01405,-6.38278,-3.01405,-2.88685,-6.43695,-2.88685
E27C,0.793,1,-4.27593,-7.71737,-4.27593,-6.69945,-9.60424,-6.69946,-7.77646,-11.2978,-7.77646,-9.02862,-12.4918,-9.02861
E27D,0.8535,1,-0.229745,-3.425,-0.229746,0.0372167,-3.30421,0.0372162,-0.625018,-3.98806,-0.625013,-1.29474,-4.73657,-1.29474
E27Y,0.8295,1,-3.08014,-6.42962,-3.08014,-6.92892,-9.64084,-6.92893,-7.45428,-10.5395,-7.45428,-8.3535,-11.6927,-8.3535
E27G,0.81225,1,-1.49636,-4.8669,-1.49636,-3.44373,-6.48663,-3.44373,-4.17721,-7.49269,-4.17721,-4.35846,-7.96703,-4.35845
E27H,0.799,1,-2.40707,-5.80856,-2.40707,-4.62649,-7.77177,-4.6265,-6.12771,-9.21087,-6.12772,-6.0524,-9.48901,-6.05239
E27R,0.819667,1,-1.41385,-4.84862,-1.41385,-5.26599,-8.22381,-5.266,-6.78617,-10.1091,-6.78618,-6.9638,-10.6037,-6.96379
E27K,0.8315,1,-0.45701,-3.95779,-0.45701,-3.97276,-7.0738,-3.97276,-4.99419,-8.3901,-4.99419,-5.30557,-8.8351,-5.30557
E27L,0.844,1,-1.5782,-4.92907,-1.5782,-4.84649,-7.75295,-4.84649,-5.47516,-8.78746,-5.47516,-6.33532,-9.88844,-6.33531
E27N,0.8335,1,-1.37933,-4.74608,-1.37933,-3.0958,-6.1892,-3.0958,-4.36012,-7.53577,-4.36012,-4.73524,-8.11525,-4.73524
E27M,0.852,1,-2.91287,-6.15468,-2.91287,-5.94468,-8.84843,-5.94468,-6.08312,-9.40594,-6.08312,-7.30122,-10.8826,-7.30122
E27F,0.8125,1,-2.95939,-6.33596,-2.95939,-6.98981,-9.73949,-6.98981,-7.29822,-10.4796,-7.29822,-8.10597,-11.7008,-8.10596
N28Y,0.726,1,-4.0088,-6.96861,-4.0088,-5.61185,-8.52656,-5.61185,-8.55031,-11.3198,-8.55031,-9.76251,-12.6251,-9.76251
N28W,0.736,1,-5.67166,-8.65994,-5.67166,-7.10007,-10.0107,-7.10007,-11.1802,-13.8285,-11.1802,-14.5918,-16.9043,-14.5917
N28V,0.848,1,-4.38565,-7.66253,-4.38564,-6.2981,-9.18265,-6.2981,-9.49505,-12.3081,-9.49506,-10.2476,-13.0889,-10.2476
N28T,0.78575,1,-1.65669,-4.91311,-1.65669,-2.15156,-5.44542,-2.15156,-4.9575,-7.75061,-4.95751,-5.99791,-9.17554,-5.99792
N28S,0.846,1,-1.19519,-4.36908,-1.19518,-0.426058,-3.95492,-0.42606,-3.01651,-6.30634,-3.01651,-3.97715,-7.26515,-3.97716
N28R,0.888,1,-3.30367,-6.3198,-3.30367,-4.26679,-7.44763,-4.26679,-8.98128,-11.0648,-8.98129,-10.1223,-12.705,-10.1223
N28Q,0.8445,1,-3.50504,-6.43653,-3.50504,-3.78708,-6.90548,-3.78709,-7.92125,-10.667,-7.92126,-8.15203,-10.3634,-8.15203
N28I,0.891333,1,-4.80133,-8.05266,-4.80133,-6.47678,-9.36559,-6.47678,-9.59864,-12.5532,-9.59865,-10.2954,-13.3358,-10.2954
N28L,0.842167,1,-3.91685,-6.99213,-3.91685,-5.29985,-8.18556,-5.29985,-9.3586,-12.1134,-9.3586,-11.2498,-14.037,-11.2498
N28K,0.9035,1,-2.63013,-5.59109,-2.63013,-3.6491,-6.88576,-3.6491,-8.5101,-10.8679,-8.5101,-8.68407,-11.4367,-8.68407
N28H,0.8525,1,-3.44325,-6.4577,-3.44325,-4.22855,-7.36553,-4.22856,-6.95392,-9.67266,-6.95392,-7.27415,-9.87948,-7.27415
N28G,0.83275,1,-2.20071,-5.4298,-2.2007,-1.9592,-5.19806,-1.95921,-4.95825,-7.99366,-4.95826,-5.74853,-8.65644,-5.74853
N28F,0.7225,1,-4.29062,-7.42735,-4.29061,-5.71334,-8.62741,-5.71335,-9.66196,-12.3975,-9.66197,-11.7954,-14.5664,-11.7954
N28D,0.8435,1,0.919105,-2.53519,0.919106,-0.282133,-3.17544,-0.282137,-2.64214,-4.91912,-2.64214,-5.79862,-8.64288,-5.79861
N28C,0.886,1,-4.76658,-7.75661,-4.76657,-5.51095,-8.37241,-5.51095,-6.246,-8.91156,-6.246,-8.57769,-11.423,-8.57769
N28A,0.8705,1,-2.98987,-6.01677,-2.98986,-2.80266,-6.06086,-2.80267,-7.70138,-10.3988,-7.70138,-8.48734,-11.1964,-8.48733
N28M,0.849,1,-5.10974,-8.17981,-5.10974,-6.33995,-9.22873,-6.33995,-9.44538,-12.2747,-9.44538,-11.3411,-13.9694,-11.3411
N28E,0.7545,1,-2.35006,-5.30667,-2.35006,-2.36758,-5.46093,-2.36758,-7.16902,-9.75967,-7.16903,-8.57096,-11.2624,-8.57095
N28P,0.8205,1,-3.99099,-7.47399,-3.99099,-2.97759,-6.44188,-2.97759,-10.0395,-12.6294,-10.0395,-10.2332,-12.9469,-10.2332
G29P,0.706,1,-4.3706,-7.42758,-4.3706,-7.68364,-9.85577,-7.68364,-11.4417,-13.776,-11.4417,-9.90748,-12.3788,-9.90748
G29W,1.001,1,-5.92194,-8.95181,-5.92194,-8.87673,-11.301,-8.87673,-10.5276,-12.9964,-10.5276,-11.6671,-15.1123,-11.6671
G29V,0.981,1,-4.65678,-7.63527,-4.65678,-7.59625,-9.77911,-7.59626,-8.82256,-11.4267,-8.82256,-9.13239,-12.6731,-9.13238
G29T,1.00575,1,-3.95939,-6.86553,-3.95939,-6.28134,-8.63499,-6.28134,-6.87216,-9.33882,-6.87216,-5.88993,-9.4942,-5.88993
G29S,0.9985,1,-3.01667,-6.12313,-3.01667,-4.76705,-7.22131,-4.76705,-4.48421,-7.75853,-4.4842,-3.33434,-7.04331,-3.33434
G29R,1.00667,1,-3.19751,-6.37702,-3.19751,-4.83382,-7.64379,-4.83382,-4.69329,-7.63428,-4.69329,-4.04306,-7.91047,-4.04306
G29Q,1.0005,1,-3.11163,-6.29384,-3.11164,-4.81849,-7.55504,-4.81849,-4.36695,-7.57411,-4.36695,-3.50173,-7.45707,-3.50173
G29N,0.9985,1,-1.75733,-5.11919,-1.75733,-3.09796,-5.95749,-3.09796,-3.36173,-6.96952,-3.36172,-3.235,-7.02182,-3.235
G29Y,0.977,1,-4.75188,-7.89492,-4.75188,-7.43799,-9.95015,-7.43799,-8.8978,-11.5179,-8.8978,-10.355,-13.9314,-10.355
G29M,1.002,1,-4.69365,-7.78072,-4.69365,-7.8111,-10.3987,-7.8111,-8.5442,-11.4298,-8.5442,-8.83168,-12.7493,-8.83168
G29K,1.011,1,-2.51287,-5.73801,-2.51287,-4.38785,-7.27554,-4.38785,-3.51283,-6.65677,-3.51282,-2.01186,-6.09331,-2.01186
G29I,0.970333,1,-5.01879,-7.93338,-5.01879,-8.47137,-10.8686,-8.47138,-10.3303,-12.7004,-10.3303,-10.7828,-14.5724,-10.7828
G29H,1.0085,1,-3.7095,-7.0274,-3.7095,-5.32444,-8.03019,-5.32444,-5.51722,-8.52229,-5.51721,-5.10144,-8.74406,-5.10144
G29F,1.001,1,-5.00352,-8.06871,-5.00352,-8.21969,-10.6809,-8.21969,-9.56141,-12.1388,-9.56141,-10.6893,-14.3957,-10.6893
G29E,1.001,1,-2.194,-5.24358,-2.194,-3.40508,-5.89393,-3.40508,-3.62582,-7.2243,-3.62582,-3.42849,-7.20988,-3.42848
G29D,0.994,1,-1.63465,-4.80721,-1.63465,-2.75633,-5.31508,-2.75633,-3.62687,-7.64402,-3.62687,-3.88265,-7.45353,-3.88264
G29C,1.0005,1,-5.39255,-8.54618,-5.39255,-7.50693,-10.263,-7.50694,-7.89638,-10.8235,-7.89639,-8.50764,-12.1798,-8.50764
G29A,0.9905,1,-3.8676,-6.97636,-3.86761,-5.12669,-7.50826,-5.12669,-5.54208,-9.11411,-5.54208,-4.55601,-8.1891,-4.55601
G29L,0.9985,1,-3.94636,-6.9389,-3.94636,-7.29534,-9.92919,-7.29534,-8.46166,-11.1449,-8.46166,-8.21976,-12.0317,-8.21976
H30G,0.9825,1,0.167945,-3.02933,0.167943,0.265795,-3.035,0.265799,-5.78278,-9.45705,-5.78278,-6.01248,-9.93547,-6.01247
H30F,1.002,1,-0.406257,-3.48261,-0.406257,-1.59035,-4.2226,-1.59036,-4.71187,-8.38281,-4.71188,-3.89937,-7.13787,-3.89937
H30K,0.9925,1,2.0248,-0.992688,2.0248,2.48081,-0.336379,2.48081,-1.81402,-5.69992,-1.814,-4.94389,-8.34575,-4.94389
H30A,0.99475,1,0.741623,-2.28911,0.741622,1.38761,-1.7309,1.38761,-4.37377,-7.98644,-4.37377,-3.70607,-7.47178,-3.70607
H30I,0.990333,1,0.296261,-2.74055,0.296261,0.385514,-2.56796,0.385513,-5.80657,-9.68571,-5.80657,-4.55796,-8.14204,-4.55795
H30E,0.9465,1,2.53533,-0.435521,2.53533,3.73997,0.856005,3.73997,-4.05894,-7.48701,-4.05894,-4.29077,-7.72085,-4.29077
H30Y,0.9865,1,-0.268725,-3.20075,-0.268726,-1.10543,-3.71513,-1.10543,-3.71893,-7.30653,-3.71894,-3.24842,-6.17493,-3.24842
H30C,1.001,1,-1.29067,-4.39312,-1.29067,-1.71653,-4.89902,-1.71653,-6.07063,-9.89267,-6.07064,-5.99191,-9.17299,-5.99191
H30M,1.001,1,-0.109326,-3.18143,-0.109327,-0.24668,-3.23789,-0.246681,-5.30659,-9.17327,-5.30659,-4.98388,-8.43541,-4.98388
H30L,0.984833,1,0.256276,-2.79537,0.256276,0.586919,-2.28822,0.586918,-5.08723,-8.86874,-5.08723,-4.43388,-7.92483,-4.43388
H30W,0.997,1,-1.7246,-4.6278,-1.7246,-3.1302,-5.23885,-3.1302,-7.38533,-11.2715,-7.38533,-7.14194,-9.86056,-7.14194
H30T,0.9845,1,1.65198,-1.55743,1.65198,1.36792,-1.71189,1.36792,-3.77759,-7.43555,-3.77759,-3.50819,-7.42831,-3.50818
H30S,0.983333,1,1.43181,-1.67828,1.43181,0.681274,-2.44869,0.681274,-4.0478,-7.57929,-4.0478,-4.01593,-7.83571,-4.01592
H30V,1.00475,1,0.714839,-2.30891,0.714838,1.14651,-1.86078,1.14651,-5.16558,-8.93351,-5.16559,-2.55621,-6.26873,-2.55621
H30R,0.993167,1,1.35036,-1.69888,1.35036,1.51797,-1.29443,1.51797,-2.23404,-5.70457,-2.23403,-5.64387,-9.09652,-5.64387
H30Q,0.987,1,1.48557,-1.6106,1.48557,2.34932,-0.531285,2.34931,-1.12469,-4.66184,-1.12469,-2.39401,-5.99903,-2.39401
H30P,0.96875,1,-0.991201,-4.13962,-0.991206,-2.38766,-5.67578,-2.38766,-7.79832,-10.9702,-7.79831,-6.59337,-9.98652,-6.59337
H30N,0.9855,1,0.756959,-2.46205,0.756958,0.981011,-2.12857,0.981011,-3.06371,-6.55552,-3.0637,-2.94321,-7.06157,-2.94321
H30D,0.938,1,1.29704,-1.67179,1.29704,1.71628,-1.33826,1.71628,-4.59652,-7.66714,-4.59653,-4.85177,-8.30677,-4.85176
V31L,0.997333,1,-0.397147,-3.53824,-0.397147,-0.155118,-3.73626,-0.155118,-1.04254,-4.57692,-1.04254,-2.39162,-5.88381,-2.39162
V31R,1.01117,1,0.157759,-2.87574,0.157761,-0.942454,-4.54903,-0.942455,-0.383724,-4.37595,-0.383727,-0.713159,-4.30168,-0.713155
V31Q,1.0025,1,-0.702373,-3.80642,-0.702374,-0.842413,-4.15498,-0.842415,0.698119,-3.0008,0.698121,-0.117563,-3.6404,-0.117566
V31P,0.992,1,-1.24363,-4.21823,-1.24363,-1.43629,-5.07798,-1.43629,-3.94356,-7.57376,-3.94356,-3.56364,-7.08801,-3.56365
V31N,1.015,1,-1.24907,-4.36181,-1.24907,-2.52531,-5.83393,-2.52532,-2.15499,-6.02052,-2.15499,-2.63899,-6.25068,-2.63899
V31M,0.998,1,-1.51935,-4.61895,-1.51936,-1.40401,-4.82717,-1.40401,-1.57819,-5.08784,-1.57819,-2.8909,-6.38803,-2.89091
V31S,1.00917,1,-0.50173,-3.63611,-0.501729,-1.47974,-5.01776,-1.47974,-0.958967,-4.64507,-0.958966,-1.92422,-5.35627,-1.92423
V31F,1.007,1,-1.51848,-4.62038,-1.51848,-2.60687,-5.8216,-2.60687,-3.33043,-6.91454,-3.33043,-5.28778,-8.66769,-5.28779
V31I,1.00433,1,-0.0367863,-3.25542,-0.0367866,-0.284838,-3.55195,-0.284838,-0.0418308,-3.48574,-0.0418334,-0.611004,-4.19467,-0.611001
V31H,1.0085,1,-1.73888,-4.85754,-1.73888,-2.48598,-5.81843,-2.48598,-2.36451,-6.16599,-2.36451,-2.94403,-6.36669,-2.94404
V31G,1.004,1,-2.41606,-5.37574,-2.41606,-4.22108,-7.57558,-4.22109,-4.6725,-8.27753,-4.67249,-5.05783,-8.65,-5.05784
V31E,0.9975,1,0.0644598,-3.00153,0.0644565,-0.0967083,-3.30307,-0.0967128,0.201877,-3.30283,0.201882,-1.06679,-4.95951,-1.0668
V31D,1.005,1,-1.40929,-4.49873,-1.40929,-2.2792,-5.43597,-2.2792,-3.27094,-6.85468,-3.27093,-4.03596,-7.84858,-4.03597
V31C,1.02,1,-3.28363,-6.41275,-3.28363,-3.78903,-7.37881,-3.78903,-3.53707,-7.18584,-3.53707,-4.81027,-8.27258,-4.81026
V31A,1.01325,1,-1.29363,-4.4336,-1.29363,-1.81005,-5.21727,-1.81005,-1.89533,-5.39954,-1.89533,-2.26833,-5.62775,-2.26833
V31K,1.0015,1,0.550277,-2.56791,0.550278,-0.899047,-4.33875,-0.89905,0.837117,-3.05639,0.837116,1.3493,-2.38299,1.3493
V31T,1.00825,1,0.566733,-2.68377,0.566735,0.257268,-3.06047,0.257267,0.603469,-2.86149,0.603467,-0.411382,-3.83384,-0.411383
V31Y,1.007,1,-1.47449,-4.52884,-1.4745,-2.44707,-5.5918,-2.44707,-3.9741,-7.48838,-3.9741,-5.42558,-8.92645,-5.42558
V31W,1.012,1,-2.46005,-5.36362,-2.46005,-2.90549,-6.29979,-2.90549,-5.89986,-9.71379,-5.89986,-7.69942,-11.4453,-7.69943
V32W,0.386,1,-2.79535,-6.11022,-2.79536,-4.75666,-7.81131,-4.75665,-11.4133,-13.2618,-11.4133,-13.7832,-16.7092,-13.7832
V32Y,0.94,1,-0.528538,-4.02319,-0.528543,-2.43012,-5.45141,-2.43011,-9.04078,-11.8469,-9.04078,-10.6029,-13.8701,-10.6029
V32T,0.997,1,-1.27557,-4.69544,-1.27558,-2.62142,-5.58696,-2.62142,-5.00511,-8.10684,-5.0051,-5.9647,-9.44548,-5.9647
V32S,0.9545,1,-1.30527,-4.91815,-1.30528,-4.22976,-7.30234,-4.22976,-7.69583,-10.6833,-7.69583,-9.67945,-12.8336,-9.67946
V32R,0.898667,1,-0.67689,-4.33667,-0.676892,-2.1201,-4.83704,-2.12009,-6.87777,-9.39518,-6.87778,-10.9025,-13.9769,-10.9026
V32Q,0.9965,1,-1.19194,-4.75108,-1.19194,-2.38589,-5.4869,-2.38589,-8.38175,-11.1092,-8.38175,-10.0176,-13.3009,-10.0176
V32N,0.991,1,-2.25025,-5.83314,-2.25026,-5.48298,-8.50083,-5.48297,-9.56215,-12.5212,-9.56215,-11.0275,-14.2155,-11.0275
V32M,0.988,1,-1.43119,-4.88319,-1.43119,-0.780747,-4.36991,-0.780738,-4.55478,-7.5463,-4.55478,-6.01142,-9.14242,-6.01143
V32L,1.01367,1,-0.225829,-3.74671,-0.225831,-0.483003,-4.38343,-0.482996,-3.0187,-5.77642,-3.01871,-3.56429,-6.59893,-3.5643
V32P,0.772,1,-4.13718,-7.36722,-4.13718,-7.3009,-10.0608,-7.30089,-9.4559,-11.8277,-9.45591,-10.4606,-13.7065,-10.4606
V32I,1.00333,1,-0.183692,-3.72015,-0.183693,-0.579362,-3.76325,-0.579359,-1.21398,-4.3678,-1.21398,-1.66936,-4.88039,-1.66936
V32H,0.9465,1,-1.353,-5.11404,-1.35301,-3.11028,-6.24964,-3.11027,-9.98065,-12.8248,-9.98065,-11.1777,-14.4697,-11.1777
V32G,0.913,1,-1.11136,-4.83943,-1.11136,-5.31967,-8.52374,-5.31967,-8.64964,-11.7712,-8.64965,-11.2765,-14.0812,-11.2765
V32F,0.9655,1,-0.64095,-4.18301,-0.640953,-2.72108,-6.15228,-2.72107,-6.3279,-9.08671,-6.32791,-7.9944,-11.1644,-7.99441
V32E,0.253,1,-0.865164,-4.40405,-0.86517,-3.6219,-6.99898,-3.6219,-8.74575,-11.2994,-8.74575,-11.1556,-14.0762,-11.1556
V32D,0.059,1,-2.34782,-5.6112,-2.34783,-6.71533,-9.95303,-6.71532,-11.0623,-13.775,-11.0623,-12.8265,-15.6164,-12.8265
V32C,0.97,1,-2.35151,-5.77571,-2.35152,-3.07947,-6.37464,-3.07947,-6.25172,-9.31794,-6.25172,-7.10629,-10.265,-7.1063
V32A,0.922,1,-0.612149,-4.26715,-0.612151,-2.13858,-5.36466,-2.13858,-4.20308,-7.48261,-4.20308,-6.08799,-9.45219,-6.08799
V32K,0.8735,1,-0.447714,-4.12449,-0.447718,-2.18268,-5.43148,-2.18268,-7.87985,-10.2177,-7.87985,-11.581,-14.6746,-11.5811
T33E,0.9715,1,0.311634,-3.15124,0.311633,-0.675799,-4.03937,-0.675807,-4.50516,-7.46626,-4.50515,-4.57237,-7.706,-4.57236
T33Y,0.9805,1,-0.812752,-4.07775,-0.812754,-1.49527,-5.04221,-1.49527,-2.77577,-6.11519,-2.77577,-2.80524,-5.92824,-2.80525
T33W,0.991,1,-2.04003,-5.26893,-2.04003,-1.85949,-5.27582,-1.85948,-4.33672,-7.63822,-4.33672,-4.5667,-8.05619,-4.5667
T33A,0.98675,1,-1.08209,-4.43477,-1.08209,-1.90261,-5.19409,-1.9026,-1.98871,-5.12405,-1.98871,-2.42907,-5.8118,-2.42908
T33C,1.007,1,-2.86232,-6.12285,-2.86232,-3.91571,-7.57956,-3.91571,-3.54548,-6.4253,-3.54548,-4.13222,-7.75798,-4.13222
T33D,0.9815,1,-0.815718,-4.28449,-0.81572,-1.9962,-5.26817,-1.99621,-5.02143,-8.07545,-5.02143,-5.08888,-8.18598,-5.08887
T33F,0.9995,1,-0.967637,-4.35001,-0.967638,-1.62559,-5.62925,-1.62559,-2.26446,-5.6532,-2.26445,-2.27795,-5.50674,-2.27795
T33S,0.988,1,-0.36596,-3.87722,-0.365961,-1.25107,-4.75086,-1.25106,-1.78691,-4.8757,-1.78691,-2.02356,-5.54186,-2.02356
T33H,1.012,1,-0.996599,-4.3226,-0.996601,-2.52715,-5.94214,-2.52715,-2.66009,-5.8756,-2.66009,-1.69697,-4.7323,-1.69697
T33I,1.016,1,-0.872749,-4.22219,-0.872749,-1.1327,-4.64961,-1.13269,0.0154235,-3.17229,0.0154283,0.365323,-2.80087,0.365324
T33K,1.006,1,0.326158,-3.23666,0.326156,-0.73528,-4.26695,-0.73527,-0.864142,-3.99587,-0.864141,-2.47818,-5.65905,-2.47819
T33L,0.999167,1,-0.543176,-3.75036,-0.543175,0.0237831,-4.02897,0.0237905,3.2306,-0.140738,3.23061,3.38439,-0.0738025,3.38439
T33M,0.998,1,-1.5471,-4.7845,-1.5471,-0.613892,-4.81978,-0.613885,0.35749,-3.00291,0.357497,1.08564,-1.84031,1.08565
T33N,1.0095,1,-0.873666,-4.19737,-0.873667,-1.38878,-4.8991,-1.38878,-1.11713,-4.31361,-1.11713,-1.14022,-4.63042,-1.14023
T33P,0.8025,1,-1.50665,-4.3231,-1.50666,-2.13612,-5.38271,-2.13612,-1.6592,-4.51321,-1.6592,-5.15814,-8.13394,-5.15814
T33Q,1.0045,1,-0.679449,-4.06999,-0.679451,-0.958209,-4.6026,-0.958205,-1.43778,-4.58417,-1.43778,-1.41278,-4.73323,-1.41278
T33G,0.98225,1,-1.68548,-4.97617,-1.68548,-3.82119,-7.3573,-3.82118,-4.62172,-7.35191,-4.62172,-4.73124,-7.81773,-4.73124
T33R,1.002,1,0.0373468,-3.46876,0.0373454,-1.07516,-4.52754,-1.07515,-0.446269,-4.07506,-0.446269,-1.91617,-5.09269,-1.91618
T33V,1.00875,1,-0.910377,-4.2382,-0.910378,-1.22636,-4.72889,-1.22636,0.565829,-2.66009,0.565827,0.239015,-2.85336,0.239016
A34K,-0.0685,1,-2.44641,-5.88533,-2.44641,-7.99982,-10.0597,-7.99983,-10.9893,-12.8885,-10.9893,-13.5031,-16.1868,-13.5031
A34P,0.9735,1,-2.45699,-5.93199,-2.45699,-7.23433,-9.08228,-7.23433,-7.76142,-10.5092,-7.76142,-10.346,-13.2463,-10.346
A34N,0.803,1,-2.74387,-6.3519,-2.74386,-7.75892,-9.90901,-7.75892,-7.97329,-10.6598,-7.97329,-11.2898,-14.0452,-11.2898
A34M,0.822,1,-2.1013,-5.86579,-2.1013,-5.87756,-8.73624,-5.87756,-7.47907,-10.5884,-7.47908,-11.7133,-14.4769,-11.7133
A34L,0.760167,1,-1.07829,-4.8804,-1.07829,-5.74787,-8.41754,-5.74787,-7.38291,-10.312,-7.38291,-12.7729,-15.399,-12.7729
A34S,1.00683,1,-1.37643,-4.9002,-1.37643,-3.67337,-5.91841,-3.67337,-3.61769,-6.85289,-3.61769,-3.47126,-6.99068,-3.47126
A34I,0.709,1,-1.71661,-5.59462,-1.7166,-5.77894,-8.48879,-5.77895,-7.95684,-10.9611,-7.95685,-11.6819,-14.3488,-11.6819
A34H,0.296,1,-2.86393,-6.47966,-2.86392,-8.40751,-10.8712,-8.40751,-11.1109,-13.36,-11.1109,-14.2633,-16.8048,-14.2633
A34G,1.01275,1,-0.59793,-4.22419,-0.597931,-2.93131,-5.69829,-2.9313,-2.88169,-6.26232,-2.88169,-4.01567,-7.16838,-4.01568
A34F,0.3525,1,-1.53761,-5.44155,-1.5376,-7.62376,-10.3293,-7.62376,-9.70065,-12.4885,-9.70065,-14.2769,-16.8926,-14.2769
A34E,0.038,1,-2.38001,-5.92157,-2.38,-8.41842,-10.5685,-8.41841,-8.65834,-10.8136,-8.65834,-11.8217,-14.8671,-11.8217
A34D,-0.0955,1,-2.7859,-6.31301,-2.78589,-9.45276,-11.5066,-9.45276,-8.38853,-10.7507,-8.38853,-10.9602,-13.7695,-10.9602
A34C,1.001,1,-1.69335,-5.26427,-1.69335,-1.82763,-4.71544,-1.82763,-2.75741,-6.1505,-2.75742,-5.27604,-8.42671,-5.27604
A34T,0.98775,1,-1.467,-4.97756,-1.467,-2.8794,-5.32777,-2.8794,-3.34682,-6.57118,-3.34682,-5.46473,-8.436,-5.46473
A34V,0.93875,1,-0.767968,-4.40973,-0.767968,-3.31884,-6.03206,-3.31884,-4.81301,-7.94224,-4.81301,-7.18246,-10.0189,-7.18246
A34W,-0.155,1,-4.31058,-8.19986,-4.31057,-10.7143,-13.2523,-10.7143,-13.0369,-15.4506,-13.0369,-16.8347,-19.4944,-16.8347
A34Y,0.2055,1,-2.07218,-5.72376,-2.07218,-8.34555,-11.075,-8.34554,-11.364,-13.8125,-11.364,-14.8744,-17.3909,-14.8744
A34R,0.0035,1,-2.53426,-6.03692,-2.53426,-7.79499,-9.90649,-7.795,-9.7375,-11.9599,-9.7375,-13.3458,-16.342,-13.3458
A34Q,0.3235,1,-2.79914,-6.22264,-2.79914,-7.84401,-10.1317,-7.84401,-10.5131,-12.7909,-10.5131,-13.4143,-15.9545,-13.4143
H35D,0.661,1,-0.307954,-4.03287,-0.307956,-5.17249,-6.78706,-5.17247,-7.48264,-10.2227,-7.48264,-8.84372,-11.1345,-8.84372
H35E,0.609,1,0.0591664,-3.79515,0.0591643,-4.43513,-5.96573,-4.43511,-7.70764,-10.6741,-7.70764,-9.32951,-11.3461,-9.32951
H35F,1.0305,1,-0.672981,-4.43794,-0.672983,-2.44137,-4.21767,-2.44135,-5.00117,-7.81851,-5.00117,-5.07764,-7.717,-5.07764
H35G,0.9875,1,-0.902534,-4.38762,-0.902535,-3.07918,-5.03625,-3.07916,-6.33988,-9.50213,-6.33988,-7.43102,-9.55597,-7.43102
H35I,0.987333,1,-0.695662,-4.43867,-0.695663,-3.5813,-5.44621,-3.58128,-7.27076,-10.1116,-7.27076,-6.62277,-8.49852,-6.62277
H35K,0.985,1,0.679799,-3.13866,0.679796,-1.0377,-2.97028,-1.03768,-6.1516,-9.35986,-6.15159,-7.49266,-9.68792,-7.49265
H35V,0.98975,1,-0.580052,-4.35561,-0.580054,-3.24863,-5.15302,-3.24862,-6.69962,-9.43876,-6.69963,-5.59411,-7.74249,-5.5941
H35N,0.987,1,-0.180976,-3.84121,-0.180978,-2.28012,-4.40394,-2.2801,-2.39252,-5.53825,-2.39252,-4.23034,-6.97667,-4.23033
H35P,0.97875,1,1.06189,-2.46489,1.06189,-3.97371,-5.47591,-3.9737,-7.3197,-10.0795,-7.3197,-8.53363,-10.0211,-8.53363
H35Q,0.9895,1,-0.570285,-4.24732,-0.570287,-2.19134,-4.06981,-2.19132,-3.34267,-6.50327,-3.34267,-5.24243,-7.85076,-5.24243
H35R,1.0085,1,0.406956,-3.32685,0.406953,-0.979054,-2.7965,-0.979033,-4.11833,-7.30503,-4.11832,-4.85277,-7.55911,-4.85277
H35S,0.9765,1,0.0338659,-3.57931,0.0338652,-2.41959,-4.3431,-2.41958,-4.60103,-7.62963,-4.60104,-4.54477,-7.01507,-4.54476
H35T,0.9995,1,-0.175294,-3.94626,-0.175295,-3.05788,-5.0585,-3.05786,-5.903,-8.9432,-5.903,-3.17607,-5.33871,-3.17606
H35M,0.99,1,-1.09371,-4.75906,-1.09371,-2.95874,-4.93141,-2.95873,-6.47356,-9.52275,-6.47357,-6.66455,-8.80383,-6.66455
H35L,0.999667,1,-0.164727,-3.76932,-0.164729,-2.18377,-4.10431,-2.18375,-6.05131,-8.77251,-6.05132,-6.61666,-8.81421,-6.61666
H35A,0.9735,1,-0.436647,-3.94102,-0.436649,-2.19676,-3.96171,-2.19676,-5.84528,-8.86372,-5.84528,-5.8971,-8.18079,-5.8971
H35W,0.978,1,-1.69165,-5.34267,-1.69165,-2.66897,-4.13378,-2.66895,-7.05006,-9.88884,-7.05006,-8.48405,-10.7917,-8.48405
H35Y,1.007,1,-0.700353,-4.3623,-0.700355,-1.89697,-3.62298,-1.89696,-3.39719,-6.19166,-3.3972,-3.03528,-6.04307,-3.03527
H35C,0.99,1,-2.4067,-5.88071,-2.40671,-4.93665,-6.81364,-4.93664,-7.49822,-10.439,-7.49823,-6.57006,-9.08079,-6.57006
I36V,1.0025,1,-0.125205,-3.43703,-0.125205,0.15268,-3.5653,0.152671,-0.833675,-3.67344,-0.833673,-2.95227,-5.24157,-2.95226
I36T,0.99225,1,-0.978103,-3.98218,-0.978105,-2.17179,-4.5141,-2.17181,-5.41511,-8.08781,-5.41511,-1.45333,-5.87759,-1.45334
I36S,0.986,1,-1.50044,-4.18044,-1.50044,-3.18449,-5.16322,-3.1845,-6.46413,-9.04416,-6.46412,-5.73217,-10.1581,-5.73216
I36R,0.9555,1,-2.16078,-4.66878,-2.16078,-3.74602,-5.49602,-3.74601,-7.90252,-9.86557,-7.90251,-12.4678,-15.8989,-12.4678
I36Q,0.904,1,-2.91534,-5.49566,-2.91534,-3.96174,-6.04877,-3.96175,-8.66375,-10.9789,-8.66375,-10.391,-14.234,-10.391
I36P,0.97575,1,-1.01803,-3.79379,-1.01803,-6.09738,-7.56338,-6.09737,-6.89641,-8.89789,-6.8964,-6.41785,-9.82659,-6.41784
I36N,0.961,1,-2.63251,-5.2451,-2.63251,-4.64174,-6.3828,-4.64175,-8.36503,-10.6025,-8.36502,-7.51913,-11.6752,-7.51912
I36M,0.981,1,-1.59293,-4.79424,-1.59293,-1.13878,-3.47225,-1.13878,-5.13085,-7.86807,-5.13085,-5.48544,-9.05848,-5.48543
I36L,1.00333,1,0.564132,-3.07138,0.564132,-0.283938,-3.49422,-0.283941,-3.26752,-6.07491,-3.26752,-5.29132,-8.11678,-5.29131
I36H,0.6745,1,-2.04753,-4.78221,-2.04753,-3.58881,-5.33751,-3.58881,-9.19658,-11.4265,-9.19658,-11.8262,-15.3951,-11.8262
I36G,0.9245,1,-1.83011,-4.28323,-1.83012,-4.69234,-5.89782,-4.69235,-6.56673,-8.75385,-6.56672,-8.31788,-12.3796,-8.31786
I36F,0.533,1,-0.882687,-4.219,-0.882687,-1.76685,-4.60961,-1.76684,-6.97746,-9.68913,-6.97746,-9.56443,-12.6389,-9.56442
I36E,0.9335,1,-2.49344,-4.77152,-2.49344,-6.98475,-8.45734,-6.98476,-10.1132,-11.9393,-10.1132,-12.0172,-15.3332,-12.0172
I36D,0.2915,1,-2.77704,-5.19089,-2.77704,-8.6508,-9.63974,-8.65081,-11.0624,-12.8788,-11.0624,-11.9454,-15.9422,-11.9454
I36C,0.9985,1,-2.30025,-5.38476,-2.30025,-2.5869,-5.94141,-2.58693,-5.18301,-7.78161,-5.183,-6.70664,-10.0541,-6.70663
I36A,0.9495,1,-1.04766,-3.82769,-1.04766,-2.19613,-4.32871,-2.19615,-2.51887,-5.18631,-2.51886,-3.19964,-7.35365,-3.19962
I36K,0.9745,1,-2.32004,-4.82444,-2.32004,-3.26684,-5.30509,-3.26684,-7.72222,-9.70593,-7.72221,-11.8866,-15.0766,-11.8866
I36W,0.319,1,-3.23407,-6.03099,-3.23407,-5.87769,-7.55577,-5.87768,-10.4628,-12.8325,-10.4628,-15.0237,-18.1142,-15.0237
I36Y,0.454,1,-1.82855,-4.48764,-1.82855,-2.59439,-5.19426,-2.59438,-8.60752,-10.7681,-8.60752,-12.2745,-15.5751,-12.2745
S37A,0.93775,1,-0.567557,-4.09295,-0.567557,-2.55188,-5.93691,-2.55188,-1.06721,-4.1334,-1.06721,-2.14636,-5.78906,-2.14636
S37F,0.1745,1,-1.41504,-5.07229,-1.41504,-7.39194,-10.8869,-7.39194,-8.24596,-11.0078,-8.24595,-10.2277,-13.0357,-10.2277
S37G,0.91675,1,-0.815741,-4.50691,-0.815742,-4.10213,-7.55311,-4.10213,-4.14476,-7.00073,-4.14476,-6.12671,-9.15042,-6.1267
S37H,0.8365,1,-1.33912,-4.70847,-1.33912,-5.96754,-9.2937,-5.96754,-7.2878,-10.2335,-7.2878,-9.88792,-12.6321,-9.88791
S37I,0.801333,1,-0.94157,-4.72791,-0.941569,-5.84518,-9.38079,-5.84518,-7.41964,-10.6977,-7.41964,-10.6141,-13.5332,-10.6141
S37K,0.9425,1,-0.140858,-3.78291,-0.140857,-4.21306,-7.6582,-4.21305,-5.86576,-9.02695,-5.86577,-10.0471,-12.9439,-10.0471
S37L,0.54,1,-0.504018,-4.35761,-0.504018,-6.10372,-9.63327,-6.10372,-7.64069,-10.7196,-7.64069,-10.0048,-12.9575,-10.0048
S37M,0.842,1,-1.88752,-5.61698,-1.88752,-6.17286,-9.77969,-6.17286,-7.00068,-10.0626,-7.00068,-11.0769,-14.013,-11.0769
S37N,0.987,1,-0.964813,-4.62041,-0.964813,-4.25958,-7.71853,-4.25957,-6.31419,-9.59986,-6.31419,-8.04426,-10.9349,-8.04425
S37P,0.30975,1,-0.435441,-3.93184,-0.435443,-3.4479,-7.25996,-3.4479,-5.00277,-7.93541,-5.00276,-7.92687,-10.6885,-7.92686
S37Q,0.7935,1,-1.38509,-5.01707,-1.38509,-5.46162,-8.76071,-5.46161,-6.66954,-9.81002,-6.66954,-9.96479,-12.7783,-9.96479
S37R,0.9795,1,-0.458036,-3.95049,-0.458035,-4.48483,-7.65069,-4.48481,-4.91494,-7.98557,-4.91494,-9.07242,-12.1063,-9.07241
S37T,0.929,1,-0.515918,-4.15174,-0.515918,-1.18478,-4.61586,-1.18478,-3.88846,-7.27157,-3.88846,-6.02854,-9.29804,-6.02854
S37V,0.76775,1,-0.769455,-4.4728,-0.769454,-4.8064,-8.16001,-4.80641,-5.70405,-8.91603,-5.70405,-8.32219,-11.2932,-8.32219
S37W,0.609,1,-2.74119,-6.16312,-2.74119,-8.39041,-11.9325,-8.3904,-9.01172,-11.7592,-9.01172,-11.6893,-14.4689,-11.6893
S37Y,0.528,1,-1.38766,-4.92981,-1.38766,-6.93279,-10.3337,-6.93279,-8.17248,-11.0718,-8.17248,-10.1964,-12.7306,-10.1964
S37E,0.235,1,-0.439001,-4.1367,-0.438998,-6.62463,-10.1464,-6.62463,-8.94109,-11.7376,-8.94109,-11.117,-13.9926,-11.117
S37D,0.658,1,-0.6068,-4.40539,-0.6068,-7.07399,-10.5143,-7.07399,-9.28991,-12.231,-9.28991,-10.779,-13.809,-10.779
S37C,0.983,1,-2.82119,-6.00437,-2.82119,-5.75486,-8.99502,-5.75486,-6.36191,-9.38469,-6.36191,-7.08896,-9.87484,-7.08896
G38W,0.808,1,-2.0203,-5.88135,-2.0203,-9.19965,-12.5528,-9.19965,-10.7527,-13.4281,-10.7527,-14.1915,-16.3787,-14.1915
G38A,0.83775,1,-0.48746,-3.97648,-0.487459,-5.09945,-9.07919,-5.09944,-6.60189,-9.11392,-6.60189,-8.77457,-11.164,-8.77457
G38C,0.5055,1,-2.90118,-6.46778,-2.90119,-7.77819,-11.4462,-7.77818,-10.0574,-11.9664,-10.0574,-11.9542,-14.0811,-11.9542
G38D,0.2025,1,0.328464,-3.2495,0.328467,-5.51467,-8.89251,-5.51467,-8.81463,-11.0938,-8.81463,-12.0415,-13.9864,-12.0415
G38E,0.507,1,0.540091,-3.10692,0.540096,-6.37768,-9.64294,-6.37767,-9.05662,-11.2915,-9.05662,-12.2961,-14.3596,-12.2961
G38F,0.8025,1,-1.63072,-5.2305,-1.63072,-8.74414,-11.8143,-8.74414,-11.818,-14.0176,-11.818,-15.701,-17.2099,-15.701
G38H,0.779,1,-0.572144,-4.28198,-0.57214,-5.84714,-9.44392,-5.84713,-10.298,-12.8977,-10.298,-12.8196,-14.419,-12.8196
G38I,0.359,1,-1.90218,-5.37553,-1.90218,-8.91275,-12.1381,-8.91274,-11.2747,-13.057,-11.2747,-15.1321,-16.7806,-15.1321
G38K,0.348,1,0.436781,-3.24177,0.436783,-4.61815,-8.65915,-4.61814,-8.21262,-10.692,-8.21263,-11.8809,-13.3383,-11.8809
G38L,0.322833,1,-1.13702,-4.67952,-1.13702,-7.82596,-11.0462,-7.82595,-10.7451,-12.7209,-10.7451,-14.3544,-16.0426,-14.3544
G38M,0.625,1,-1.86219,-5.60375,-1.86219,-7.72042,-11.3214,-7.72041,-10.3585,-12.7331,-10.3585,-13.6447,-15.4601,-13.6447
G38N,0.6505,1,-0.190155,-3.85478,-0.190154,-4.01072,-8.00514,-4.0107,-8.94371,-11.5012,-8.94371,-10.7617,-12.7476,-10.7617
G38P,0.30725,1,-0.150637,-3.92454,-0.150635,-7.50836,-11.1079,-7.50835,-8.78132,-11.1105,-8.78131,-14.3278,-15.9416,-14.3278
G38Q,0.6075,1,-0.434086,-4.16622,-0.434084,-5.98915,-9.8773,-5.98913,-9.67166,-12.2695,-9.67166,-12.1692,-13.984,-12.1692
G38R,0.366167,1,0.288813,-3.40834,0.288815,-4.35465,-8.52731,-4.35463,-7.10207,-9.61043,-7.10208,-10.5499,-12.4968,-10.5499
G38S,0.427333,1,0.201451,-3.40252,0.201453,-4.50821,-8.62388,-4.5082,-7.05416,-9.78293,-7.05416,-8.98635,-11.085,-8.98634
G38T,0.503,1,-0.55738,-4.21074,-0.557379,-6.30887,-9.72744,-6.30886,-9.35442,-11.5553,-9.35442,-11.8002,-13.6078,-11.8002
G38Y,0.8815,1,-1.21261,-4.78934,-1.21261,-8.18938,-11.6994,-8.18937,-11.757,-14.1666,-11.757,-14.8379,-16.5927,-14.8379
G38V,0.601,1,-1.39367,-4.91861,-1.39367,-8.00815,-11.1428,-8.00814,-9.43328,-11.1149,-9.43328,-12.4256,-14.2926,-12.4256
K39W,0.566,1,-0.853029,-4.9135,-0.853028,-4.65437,-8.16486,-4.65437,-11.8597,-14.6372,-11.8597,-15.8077,-18.4161,-15.8077
K39V,0.895,1,0.101141,-3.91706,0.10114,-1.88182,-5.24421,-1.88182,-8.76514,-11.5383,-8.76514,-11.4116,-13.9062,-11.4116
K39I,0.850667,1,0.157418,-3.9582,0.157417,-2.08822,-5.54851,-2.08823,-8.72386,-11.4139,-8.72386,-11.8438,-14.2165,-11.8438
K39C,0.833,1,-2.44279,-6.1485,-2.44279,-4.26403,-7.46047,-4.26403,-11.3745,-14.2187,-11.3744,-14.3577,-16.8148,-14.3577
K39D,0.6695,1,-0.140588,-3.69194,-0.140587,-5.77593,-8.79499,-5.77593,-11.1684,-14.0238,-11.1684,-13.1647,-15.8694,-13.1647
K39E,0.742,1,0.0702345,-3.42236,0.0702381,-4.82859,-7.78237,-4.82859,-9.79485,-12.7174,-9.79485,-11.4197,-14.2598,-11.4197
K39F,0.5785,1,-0.0535829,-4.13509,-0.0535831,-3.80059,-7.10373,-3.80059,-10.6897,-13.4425,-10.6897,-15.8815,-18.0716,-15.8815
K39G,0.79425,1,-0.393214,-3.88692,-0.393214,-4.42043,-7.33123,-4.42042,-8.34333,-11.1407,-8.34333,-10.7671,-13.26,-10.7671
K39H,0.863,1,-1.04758,-4.52949,-1.04758,-3.4276,-6.33104,-3.42761,-7.70282,-10.6354,-7.70282,-10.8873,-13.2055,-10.8873
K39A,0.867,1,-0.102656,-3.76592,-0.102655,-1.82211,-4.90489,-1.82212,-7.40652,-10.3755,-7.40652,-10.6396,-13.27,-10.6396
K39L,0.8745,1,0.588799,-3.56081,0.588797,-2.27245,-5.63211,-2.27246,-8.74035,-11.6224,-8.74035,-12.1762,-14.8559,-12.1762
K39N,0.8345,1,-0.407175,-3.82024,-0.407173,-3.1322,-5.95721,-3.13221,-6.50431,-9.75642,-6.50431,-8.21246,-10.9389,-8.21246
K39P,0.866,1,-0.889728,-4.17505,-0.889729,-4.31408,-7.29256,-4.31407,-8.27042,-11.1572,-8.27041,-12.5101,-14.5104,-12.5101
K39Q,0.839,1,-1.00325,-4.48282,-1.00325,-3.12078,-5.97686,-3.12078,-6.54886,-9.87984,-6.54885,-8.26815,-11.083,-8.26815
K39R,0.961333,1,-0.261407,-3.62661,-0.261406,-0.0417387,-2.82086,-0.041738,-2.31171,-5.14125,-2.31171,-4.91955,-7.54646,-4.91956
K39S,0.871833,1,-0.126995,-3.48482,-0.126993,-2.97871,-5.96025,-2.97871,-6.96077,-10.1058,-6.96077,-9.43257,-11.8994,-9.43257
K39T,0.87075,1,-0.502973,-4.03999,-0.502973,-2.56724,-5.68475,-2.56725,-6.8408,-9.88036,-6.84079,-8.28463,-10.3897,-8.28464
K39M,0.792,1,-0.52879,-4.52263,-0.528791,-2.89656,-6.16563,-2.89657,-7.96264,-10.9574,-7.96264,-10.4845,-13.0094,-10.4845
K39Y,0.3025,1,-0.615056,-4.45765,-0.615055,-3.75223,-7.09017,-3.75223,-10.3863,-13.0955,-10.3863,-14.521,-16.89,-14.521
M40C,0.9215,1,-1.46266,-4.81664,-1.46266,-8.26152,-10.0133,-8.26152,-9.14097,-12.3531,-9.14097,-12.5535,-14.3339,-12.5535
M40D,0.072,1,1.5494,-1.81458,1.5494,-11.1985,-13.6337,-11.1985,-11.951,-14.8119,-11.951,-13.9046,-14.7339,-13.9046
M40Y,0.174,1,0.581092,-2.86414,0.581091,-7.04265,-9.58384,-7.04265,-8.17292,-11.497,-8.17292,-13.5231,-15.444,-13.5231
M40E,0.17,1,1.42168,-1.8159,1.42168,-9.99614,-12.6859,-9.99614,-9.44415,-12.0818,-9.44415,-11.9422,-13.5809,-11.9421
M40F,0.358,1,0.377023,-3.11068,0.377023,-5.59225,-7.69338,-5.59224,-5.69149,-9.30656,-5.6915,-10.1595,-12.2176,-10.1595
M40G,0.34225,1,1.3678,-1.99343,1.3678,-9.74971,-12.1276,-9.74972,-9.84597,-12.8299,-9.84597,-11.3114,-11.9522,-11.3114
M40H,0.313,1,0.557758,-2.82379,0.557758,-8.38754,-11.0998,-8.38754,-8.871,-12.3242,-8.871,-12.531,-14.3328,-12.531
M40I,0.95,1,0.80338,-2.74449,0.803379,-4.58341,-6.63973,-4.58341,-3.1452,-7.15469,-3.14519,-3.78607,-7.78417,-3.78606
M40A,0.798,1,1.05549,-2.25802,1.0555,-7.38018,-9.29572,-7.38018,-6.80581,-10.3946,-6.8058,-9.5341,-11.2175,-9.5341
M40L,0.899667,1,1.06751,-2.44303,1.06751,-1.36406,-3.678,-1.36405,-2.81352,-6.6393,-2.81352,-5.74211,-8.36358,-5.7421
M40K,0.206,1,1.36828,-2.06367,1.36828,-7.1739,-10.2305,-7.17391,-7.408,-10.9047,-7.408,-11.9835,-13.4988,-11.9835
M40P,0.302,1,0.621617,-2.95894,0.621617,-8.97985,-11.1912,-8.97985,-9.87131,-12.9376,-9.87131,-12.6415,-13.9184,-12.6415
M40Q,0.488,1,0.455665,-2.86761,0.455667,-7.21905,-10.0053,-7.21905,-6.47061,-9.83819,-6.47061,-10.3362,-12.1318,-10.3362
M40R,0.240833,1,1.08718,-2.30698,1.08718,-6.46332,-9.5395,-6.46333,-6.91656,-10.272,-6.91656,-12.4225,-14.0666,-12.4225
M40S,0.602333,1,1.39986,-1.92181,1.39986,-7.97435,-10.1517,-7.97435,-7.62335,-10.9843,-7.62334,-9.3298,-10.4671,-9.32981
M40T,0.79575,1,1.08192,-2.31612,1.08192,-6.91715,-8.97268,-6.91716,-5.97522,-9.35197,-5.97522,-8.61143,-10.4377,-8.61144
M40V,0.93025,1,0.935216,-2.53735,0.935216,-5.96856,-7.88993,-5.96856,-5.15511,-8.97554,-5.15511,-6.70009,-9.24962,-6.70008
M40W,0.146,1,-0.558338,-3.98071,-0.558338,-7.94989,-10.5881,-7.94989,-8.78066,-12.3273,-8.78066,-13.8741,-15.6181,-13.8741
M40N,0.414,1,1.41209,-2.0529,1.41209,-8.81367,-11.3933,-8.81368,-8.81355,-12.0802,-8.81355,-10.5226,-12.36,-10.5226
R41V,0.907,1,0.258782,-2.93702,0.258784,-6.83479,-9.2846,-6.83479,-9.78729,-11.9704,-9.7873,-11.5675,-12.869,-11.5675
R41T,0.8595,1,-0.264412,-3.66357,-0.264412,-6.68563,-9.24574,-6.68562,-8.02799,-10.8604,-8.02801,-10.3394,-12.0257,-10.3394
R41S,0.854167,1,0.211965,-3.31357,0.211963,-6.38697,-8.57101,-6.38696,-7.88147,-10.5037,-7.88149,-9.57348,-11.1657,-9.57349
R41Q,0.88,1,-0.74822,-4.17104,-0.74822,-6.11856,-8.43459,-6.11856,-7.08426,-10.0021,-7.08427,-9.12857,-10.9925,-9.12858
R41P,0.2745,1,0.544889,-2.81038,0.544887,-8.13237,-9.74776,-8.13238,-11.0426,-13.1135,-11.0426,-12.4207,-13.6548,-12.4207
R41N,0.856,1,0.329132,-3.31456,0.329129,-6.305,-8.1535,-6.30499,-7.98583,-10.6038,-7.98584,-10.555,-12.0955,-10.555
R41M,0.879,1,-0.857513,-4.14879,-0.857511,-4.7548,-7.94862,-4.7548,-8.96832,-11.7053,-8.96833,-11.3889,-12.781,-11.3889
R41L,0.926333,1,0.482382,-2.81746,0.482385,-4.67868,-7.38334,-4.67867,-9.01018,-11.5195,-9.01019,-11.2424,-12.3914,-11.2424
R41G,0.6675,1,0.238646,-3.27653,0.238645,-8.00004,-10.0078,-8.00004,-8.62499,-10.883,-8.625,-10.091,-11.6873,-10.091
R41I,0.916333,1,-0.0244856,-3.20141,-0.0244832,-6.56633,-9.16827,-6.56633,-9.68244,-11.7879,-9.68244,-11.471,-12.6552,-11.471
R41H,0.9355,1,-0.549273,-4.11132,-0.549275,-5.29876,-7.65281,-5.29875,-6.69308,-9.48006,-6.69309,-8.90733,-10.9085,-8.90734
R41F,0.914,1,-0.350168,-3.71213,-0.350166,-5.62357,-8.10507,-5.62357,-11.0881,-13.141,-11.0881,-13.6567,-14.7148,-13.6567
R41E,0.765,1,-0.0542817,-3.56596,-0.0542831,-8.97719,-10.9052,-8.97719,-10.8589,-13.125,-10.8589,-13.2369,-14.8106,-13.2369
R41D,0.4945,1,0.453961,-3.17836,0.453957,-9.42686,-10.9253,-9.42685,-12.1936,-14.4425,-12.1936,-14.1389,-15.2899,-14.1389
R41W,0.864,1,-1.75354,-5.23607,-1.75354,-6.56951,-8.99547,-6.56951,-10.098,-12.6812,-10.0979,-11.7279,-13.1222,-11.7279
R41A,0.84275,1,0.347881,-2.91675,0.347882,-6.52343,-8.62752,-6.52343,-9.68028,-12.1492,-9.68029,-11.329,-12.6459,-11.329
R41K,0.9295,1,0.181705,-3.23666,0.181705,-3.17386,-5.66323,-3.17386,-3.06187,-5.91161,-3.06187,-6.07537,-8.26432,-6.07537
R41C,0.8465,1,-2.2803,-5.62239,-2.2803,-7.55338,-9.81842,-7.55338,-9.6674,-12.3817,-9.66741,-10.514,-12.1236,-10.514
R41Y,0.9,1,-0.50994,-3.95898,-0.50994,-5.98447,-8.36171,-5.98446,-10.2284,-12.5373,-10.2284,-12.4121,-13.6989,-12.4121
K42V,0.88,1,-1.06725,-4.6145,-1.06725,-4.0468,-7.47443,-4.0468,-0.72597,-4.9065,-0.725968,-5.66338,-8.18965,-5.66336
K42W,0.907,1,-3.0447,-6.73053,-3.0447,-4.12392,-8.12489,-4.12392,-5.49589,-9.8668,-5.49591,-12.529,-14.5912,-12.5289
K42Y,0.905,1,-1.80936,-5.37157,-1.80936,-4.30742,-7.92199,-4.30743,-4.43292,-8.76764,-4.43293,-9.68265,-12.1623,-9.68263
K42A,0.91525,1,-0.511194,-3.96039,-0.511195,-2.16329,-4.67483,-2.16329,-3.03355,-7.0307,-3.03355,-5.90468,-8.72745,-5.90466
K42C,0.899,1,-3.29951,-6.8858,-3.29951,-4.81949,-7.91796,-4.81949,-5.77474,-9.83135,-5.77474,-11.4506,-13.8291,-11.4505
K42D,0.843,1,0.224895,-3.2676,0.224895,-6.03821,-8.6056,-6.03822,-5.77396,-9.54262,-5.77396,-10.2549,-12.6852,-10.2549
K42F,0.908,1,-1.87487,-5.39665,-1.87487,-4.6295,-8.24422,-4.62951,-3.50249,-7.40312,-3.50251,-8.24393,-10.3551,-8.2439
K42G,0.916,1,-0.205316,-3.67379,-0.205315,-3.26916,-5.94715,-3.26917,-5.29149,-8.78064,-5.29149,-8.71025,-11.478,-8.71023
K42H,0.917,1,-1.63137,-5.0294,-1.63137,-2.925,-6.25555,-2.92501,-3.92439,-7.65499,-3.92439,-7.38953,-10.0702,-7.38951
K42E,0.888,1,0.254401,-3.20247,0.254399,-5.73933,-8.38487,-5.73933,-5.22513,-9.12705,-5.22513,-8.22987,-10.622,-8.22986
K42L,0.892667,1,-0.844357,-4.38269,-0.844358,-3.44348,-6.88091,-3.44349,-0.363157,-4.33581,-0.363167,-4.76743,-7.24636,-4.76739
K42I,0.884333,1,-1.35924,-4.91571,-1.35924,-4.40013,-7.87909,-4.40013,-0.349814,-4.39648,-0.349812,-5.24362,-7.66518,-5.24359
K42S,0.910667,1,-0.34807,-3.7791,-0.34807,-1.65206,-4.13714,-1.65206,-2.66513,-6.50319,-2.66513,-6.9201,-9.56574,-6.92008
K42R,0.973333,1,-0.442193,-3.82493,-0.442193,1.04667,-2.13943,1.04667,-1.1681,-4.79119,-1.1681,-4.34525,-5.82374,-4.34524
K42Q,0.922,1,-0.884959,-4.35263,-0.88496,-2.02365,-4.83973,-2.02365,-2.25797,-5.965,-2.25797,-1.83897,-5.01705,-1.83894
K42T,0.8965,1,-0.807444,-4.33216,-0.807444,-2.75807,-5.76022,-2.75807,-0.33949,-4.25144,-0.339487,-5.17495,-8.05701,-5.17493
K42N,0.893,1,-0.392864,-3.81435,-0.392863,-3.00448,-5.68465,-3.00448,-2.90066,-6.60065,-2.90067,-6.48593,-9.27649,-6.48592
K42M,0.927,1,-1.74969,-5.26412,-1.74969,-3.78358,-6.85304,-3.78358,-0.770595,-4.80399,-0.770598,-1.8449,-5.33923,-1.84485
K42P,0.33025,1,-0.34765,-3.6377,-0.347652,-5.56021,-7.31573,-5.56022,-3.938,-7.91946,-3.938,-8.77218,-11.0572,-8.77217
N43P,0.386,1,0.0143032,-3.34888,0.0143044,-2.55268,-5.20849,-2.5527,-7.98705,-11.1149,-7.98704,-7.70143,-10.546,-7.70144
N43Y,0.992,1,-2.08976,-5.37949,-2.08976,0.637704,-2.23355,0.637696,-3.14567,-5.70305,-3.14567,-2.92722,-5.59101,-2.92723
N43W,0.899,1,-3.83892,-7.14235,-3.83892,-0.494426,-3.22568,-0.494447,-7.43857,-10.1502,-7.43857,-9.16224,-11.2246,-9.16224
N43V,0.78775,1,-1.85177,-5.21497,-1.85177,-0.700839,-3.51391,-0.700865,-5.06979,-7.51382,-5.06978,-7.12551,-10.1584,-7.12551
N43T,0.77,1,-0.737656,-4.07161,-0.737657,0.166059,-2.67081,0.166046,-4.27287,-6.88813,-4.27287,-5.54433,-8.55413,-5.54434
N43S,0.91,1,-0.0320692,-3.35211,-0.0320697,1.28697,-1.97313,1.28697,-3.00156,-5.78276,-3.00155,-3.34999,-6.26169,-3.35
N43R,0.862167,1,0.0168636,-3.13204,0.0168633,0.890671,-2.56146,0.89067,-3.46083,-6.38773,-3.46081,-5.73612,-8.07668,-5.73614
N43Q,0.6625,1,-0.606633,-3.82611,-0.606631,-0.615339,-4.04714,-0.615343,-2.07627,-4.65958,-2.07626,-5.14483,-7.91375,-5.14484
N43M,0.808,1,-2.64183,-5.88412,-2.64183,0.129081,-3.09142,0.12906,-5.74033,-8.74252,-5.74032,-7.46683,-9.94427,-7.46684
N43K,0.9085,1,0.379994,-2.77128,0.379995,0.418228,-3.16163,0.418228,-4.14232,-7.03545,-4.14231,-6.69993,-9.6856,-6.69994
N43A,0.90825,1,-0.677173,-3.92134,-0.677171,-0.165149,-3.30655,-0.165165,-5.02996,-7.63661,-5.02995,-5.84284,-9.09808,-5.84285
N43I,0.643667,1,-2.52825,-5.90962,-2.52825,-0.623656,-3.45258,-0.623684,-5.34063,-8.19467,-5.34062,-7.41485,-10.3529,-7.41486
N43H,0.9915,1,-1.02545,-4.26292,-1.02545,0.131607,-3.1551,0.131604,0.291431,-1.81921,0.291434,-1.04621,-3.41772,-1.04624
N43G,0.847,1,0.191832,-3.20193,0.191831,-0.604483,-3.46952,-0.604497,-5.90098,-8.93226,-5.90098,-6.71293,-9.54613,-6.71294
N43F,0.9675,1,-2.78741,-6.16894,-2.78741,1.93133,-0.612884,1.93131,-3.91557,-6.30898,-3.91557,-3.59619,-5.81214,-3.5962
N43E,0.6355,1,0.673892,-2.38183,0.673895,-1.95133,-5.20582,-1.95133,-6.02499,-8.31111,-6.02499,-9.60841,-12.5682,-9.60841
N43D,0.591,1,0.841352,-2.24009,0.841353,-1.97356,-5.28362,-1.97357,-5.10895,-7.51878,-5.10895,-8.21299,-11.639,-8.21299
N43C,0.9435,1,-3.51189,-6.93611,-3.51189,-1.02705,-3.84251,-1.02708,-5.9743,-8.61558,-5.9743,-7.72355,-10.4653,-7.72356
N43L,0.845,1,-1.95893,-5.24417,-1.95893,0.619855,-2.39717,0.619829,-5.0659,-8.02262,-5.0659,-6.7355,-9.10857,-6.73551
Y44N,1.0045,1,0.799799,-2.55101,0.799797,-1.88964,-4.64368,-1.88963,-2.93255,-5.86345,-2.93255,-5.40248,-9.04621,-5.40248
Y44P,0.76675,1,1.5214,-1.88519,1.5214,-3.78106,-6.0265,-3.78105,-7.68653,-11.2829,-7.68652,-9.831,-11.7994,-9.83101
Y44T,0.8715,1,0.498053,-2.79555,0.498054,-1.52661,-3.81756,-1.5266,-4.02737,-7.65014,-4.02736,-8.63955,-11.0568,-8.63954
Y44R,0.927,1,0.508184,-2.54039,0.508186,0.286751,-2.17366,0.286765,-2.43814,-5.69449,-2.43813,-4.74268,-6.63862,-4.74268
Y44S,0.967833,1,0.638334,-2.56375,0.638333,-1.45393,-3.72415,-1.45392,-3.42797,-6.72857,-3.42796,-6.49712,-9.61672,-6.49712
Y44M,0.908,1,0.403341,-2.99404,0.403343,-1.4149,-4.30274,-1.41489,-2.70712,-5.87257,-2.70713,-7.46937,-9.94576,-7.46937
Y44Q,1.0515,1,0.154969,-3.07799,0.154968,-1.49189,-3.87513,-1.49188,-4.54133,-7.77441,-4.54132,-7.34785,-10.4738,-7.34785
Y44L,0.920833,1,1.79098,-1.76964,1.79099,0.255939,-2.93946,0.255947,-2.55328,-6.5157,-2.55328,-6.27487,-8.66419,-6.27487
Y44F,1.12,1,0.403848,-3.02607,0.403849,0.186191,-3.03145,0.18619,0.522803,-3.1637,0.522809,-0.651125,-4.3119,-0.651123
Y44I,0.948667,1,1.22002,-2.34198,1.22002,-1.91176,-4.37584,-1.91175,-3.92441,-7.85508,-3.92441,-7.87738,-9.99794,-7.87738
Y44H,0.961,1,-0.140955,-3.3307,-0.140956,-1.05442,-3.77773,-1.05442,-2.73816,-5.73188,-2.73815,-4.15399,-7.80105,-4.154
Y44G,0.812,1,0.63116,-2.51914,0.631162,-3.87315,-6.36352,-3.87314,-5.12122,-8.85089,-5.12122,-9.45104,-12.3422,-9.45105
Y44E,0.728,1,0.950988,-2.24508,0.950986,-2.90734,-4.74615,-2.90733,-6.8095,-10.474,-6.80949,-10.3724,-13.2189,-10.3724
Y44D,0.62,1,1.40968,-1.96759,1.40967,-3.03377,-5.27526,-3.03376,-6.54008,-10.0788,-6.54007,-8.87523,-11.83,-8.87523
Y44C,0.8785,1,-1.74877,-5.04914,-1.74877,-3.45781,-5.70088,-3.4578,-5.25635,-9.13329,-5.25635,-7.66793,-10.6549,-7.66793
Y44A,0.7525,1,1.20085,-2.19842,1.20085,-2.04768,-4.35586,-2.04767,-4.33724,-7.93741,-4.33724,-7.68124,-10.3271,-7.68124
Y44K,1.0215,1,0.668127,-2.45389,0.668128,-0.115308,-2.97902,-0.115297,-3.669,-7.04964,-3.66899,-6.20587,-8.58056,-6.20587
Y44W,0.965,1,-1.25531,-4.38635,-1.25531,-1.80845,-2.94947,-1.80845,-4.63632,-8.18864,-4.63632,-7.0136,-9.69082,-7.0136
Y44V,0.768,1,1.10852,-2.38937,1.10853,-1.94152,-4.10575,-1.94151,-4.25749,-8.01099,-4.25749,-7.9124,-10.0564,-7.9124
I45C,0.7165,1,-1.52868,-4.84509,-1.52868,-6.27644,-8.90331,-6.27645,-8.8507,-10.7823,-8.8507,-11.6879,-13.2303,-11.6879
I45Y,0.8075,1,-0.189789,-3.76175,-0.189787,-6.04738,-8.82988,-6.04738,-9.25029,-11.3391,-9.2503,-12.5448,-14.1814,-12.5448
I45W,0.713,1,-1.87161,-5.54668,-1.87161,-6.81297,-10.0333,-6.81297,-10.3315,-11.8597,-10.3315,-14.3322,-16.4261,-14.3322
I45V,0.80525,1,0.228444,-3.05425,0.228445,-1.29661,-4.65328,-1.29661,-3.02092,-5.44237,-3.02092,-4.24614,-6.82187,-4.24613
I45T,0.7505,1,0.83661,-2.55064,0.836612,-4.583,-7.6273,-4.583,-7.39138,-9.67539,-7.39139,-9.47213,-11.4025,-9.47212
I45S,0.783333,1,1.54471,-1.85669,1.54471,-6.51371,-8.96626,-6.51371,-8.52021,-10.5809,-8.52021,-12.1555,-13.3894,-12.1555
I45R,0.7175,1,1.37239,-2.02293,1.37239,-6.3409,-8.95038,-6.3409,-10.1866,-12.1248,-10.1867,-13.1203,-14.2191,-13.1203
I45Q,0.78,1,1.06137,-2.44482,1.06137,-5.912,-8.81783,-5.91201,-9.29624,-11.5857,-9.29624,-12.802,-14.3562,-12.802
I45P,0.7715,1,1.17374,-2.20421,1.17374,-6.52762,-9.13754,-6.52762,-10.432,-12.0926,-10.432,-13.2221,-14.4173,-13.2221
I45N,0.8495,1,1.02054,-2.37702,1.02054,-7.22286,-9.69816,-7.22286,-8.90873,-10.6821,-8.90873,-10.3849,-11.1266,-10.3849
I45A,0.66975,1,1.17101,-2.34375,1.17102,-5.13587,-8.05282,-5.13587,-7.97342,-10.0431,-7.97343,-11.5987,-13.5474,-11.5987
I45L,0.768833,1,0.951149,-2.62329,0.95115,-0.59177,-4.0424,-0.591772,-3.79607,-6.1261,-3.79608,-7.65703,-9.94555,-7.65702
I45K,0.74,1,1.61222,-1.7726,1.61222,-6.25384,-8.85932,-6.25384,-10.4805,-12.4724,-10.4806,-14.1563,-15.4011,-14.1563
I45H,0.758,1,0.319673,-3.11522,0.319675,-7.2633,-9.71302,-7.2633,-9.9582,-11.9452,-9.9582,-13.481,-15.0491,-13.481
I45G,0.7065,1,1.19702,-2.21583,1.19702,-7.70144,-9.71784,-7.70144,-10.3296,-12.1077,-10.3296,-13.1473,-14.57,-13.1473
I45F,0.79,1,-0.141449,-3.54741,-0.141448,-3.23341,-6.4475,-3.23341,-5.74706,-7.9808,-5.74707,-9.9487,-12.097,-9.9487
I45E,0.7565,1,1.98872,-1.51357,1.98872,-6.91905,-9.53452,-6.91905,-10.925,-12.8543,-10.925,-14.142,-15.6233,-14.1419
I45D,0.685,1,1.69213,-1.69652,1.69213,-7.88036,-10.047,-7.88037,-11.3971,-13.0503,-11.3971,-14.9015,-16.3063,-14.9015
I45M,0.608,1,-0.286888,-3.76975,-0.286887,-2.88952,-6.16407,-2.88952,-3.93013,-6.77373,-3.93015,-6.43268,-7.91397,-6.43266
R46V,0.653,1,-2.34025,-5.73349,-2.34025,-3.02591,-6.69311,-3.02591,-10.3755,-12.2305,-10.3755,-11.3145,-13.8094,-11.3145
R46T,0.72725,1,-0.417564,-3.80048,-0.417564,-1.20681,-4.47784,-1.2068,-7.20965,-9.62573,-7.20965,-8.15388,-11.0525,-8.15388
R46S,0.756167,1,0.264687,-3.14841,0.264686,-0.827628,-3.83941,-0.827614,-6.79036,-9.09466,-6.79036,-7.60199,-10.5249,-7.60199
R46Q,0.738,1,-0.337622,-3.74637,-0.337622,-1.37221,-5.01189,-1.3722,-6.80553,-9.41905,-6.80554,-6.50464,-9.43679,-6.50463
R46P,0.47075,1,0.906253,-2.29762,0.906253,-1.01454,-4.09295,-1.01452,-8.60989,-10.1956,-8.60989,-9.97561,-12.6675,-9.9756
R46N,0.742,1,0.337357,-2.99386,0.337356,-1.01923,-3.94505,-1.01922,-7.1882,-9.53669,-7.1882,-8.28096,-11.3442,-8.28096
R46M,0.732,1,-2.98117,-6.22375,-2.98117,-2.6442,-6.41297,-2.64419,-9.45237,-11.8643,-9.45237,-10.2066,-12.9353,-10.2066
R46K,0.893,1,0.798318,-2.54555,0.79832,-0.570286,-3.83139,-0.570284,-3.24316,-5.67371,-3.24316,-2.85115,-6.37097,-2.85116
R46F,0.663,1,-2.98696,-6.36898,-2.98696,-1.86317,-6.10023,-1.86317,-10.3327,-12.3223,-10.3327,-12.6354,-15.1393,-12.6354
R46H,0.7875,1,-1.0556,-4.41312,-1.05561,-1.84535,-5.46157,-1.84534,-5.43984,-7.80813,-5.43984,-7.19883,-10.1355,-7.19883
R46G,0.77525,1,-0.00830984,-3.37615,-0.00831366,-1.20932,-3.93942,-1.20931,-8.50783,-10.4221,-8.50783,-8.78872,-11.7898,-8.78873
R46E,0.5285,1,0.963522,-2.41293,0.963523,-1.74008,-5.01173,-1.74006,-10.0621,-12.097,-10.0621,-10.6393,-13.4415,-10.6394
R46D,0.4175,1,1.06284,-2.11606,1.06284,-1.09304,-3.98222,-1.09302,-10.4268,-12.1837,-10.4268,-11.9267,-14.3889,-11.9267
R46A,0.75725,1,-0.943614,-4.30284,-0.943615,-1.46769,-4.82651,-1.46768,-8.96349,-11.0592,-8.96349,-9.10663,-11.9308,-9.10662
R46C,0.7645,1,-3.32099,-7.04331,-3.32099,-3.04577,-6.95226,-3.04576,-9.0882,-11.4663,-9.0882,-9.63799,-12.357,-9.63799
R46W,0.178,1,-4.00732,-7.4799,-4.00732,-3.51165,-7.06846,-3.51165,-7.4346,-10.3048,-7.43462,-11.05,-13.6706,-11.05
R46I,0.724333,1,-3.19721,-6.62133,-3.19721,-3.69441,-7.53707,-3.69441,-10.7992,-12.6689,-10.7992,-11.7366,-14.129,-11.7367
R46Y,0.7415,1,-2.46192,-5.79224,-2.46192,-2.625,-6.74857,-2.625,-9.30961,-11.6401,-9.30961,-11.2232,-13.5172,-11.2232
R46L,0.672167,1,-2.45278,-5.78588,-2.45278,-1.44678,-5.3134,-1.44677,-9.90917,-11.9157,-9.90917,-10.7515,-13.2407,-10.7515
I47D,0.0235,1,0.103416,-4.24447,0.103411,-9.95238,-10.8625,-9.95238,-12.8134,-14.4205,-12.8134,-10.8195,-13.9215,-10.8195
I47C,0.96,1,-1.91886,-5.59709,-1.91886,-4.36124,-6.66899,-4.36124,-6.47667,-9.04387,-6.47668,-8.56003,-11.9207,-8.56004
I47W,0.258,1,-2.12307,-6.13527,-2.12307,-6.90917,-8.57056,-6.90917,-11.6812,-13.5186,-11.6812,-14.1182,-16.7032,-14.1182
I47V,0.94975,1,0.190706,-3.30622,0.190706,-1.84697,-4.4994,-1.84697,-2.0659,-5.08138,-2.0659,-1.67396,-5.48421,-1.67396
I47T,0.97275,1,-0.270974,-4.36813,-0.270978,-4.78436,-6.93282,-4.78436,-7.54832,-10.3144,-7.54833,-6.23119,-9.39641,-6.2312
I47S,0.926333,1,-0.061399,-4.1343,-0.0614023,-6.13537,-8.00245,-6.13537,-8.78495,-11.1106,-8.78496,-9.56192,-12.5908,-9.56192
I47R,0.194667,1,-0.629555,-4.55217,-0.629559,-8.85295,-9.99208,-8.85294,-10.7003,-12.513,-10.7003,-11.2818,-14.5482,-11.2818
I47Q,0.42,1,-0.531753,-4.67034,-0.531757,-8.41626,-9.98391,-8.41626,-11.2137,-13.7212,-11.2137,-10.6595,-13.513,-10.6595
I47P,0.83675,1,0.994286,-2.7246,0.994281,-3.15414,-4.78531,-3.15414,-9.60334,-11.951,-9.60334,-10.4517,-13.7591,-10.4517
I47N,0.765,1,-0.240859,-4.42545,-0.240862,-9.34895,-10.7037,-9.34894,-10.4413,-12.7339,-10.4413,-8.94402,-12.1439,-8.94402
I47Y,0.133,1,-1.00467,-4.72444,-1.00467,-5.19228,-7.04446,-5.19227,-9.80885,-12.0541,-9.80886,-11.1907,-14.2179,-11.1907
I47A,0.9345,1,0.367279,-3.32609,0.367276,-3.47866,-5.78126,-3.47865,-6.38686,-9.37382,-6.38687,-8.17911,-11.5526,-8.17912
I47M,0.892,1,-0.482697,-4.50744,-0.482699,-2.8365,-5.34035,-2.83649,-5.07993,-8.20773,-5.07994,-6.62259,-9.78239,-6.62259
I47L,0.971833,1,1.246,-2.65438,1.246,-0.12829,-2.85334,-0.128286,-3.29262,-6.73034,-3.29263,-5.41368,-8.48997,-5.41368
I47K,0.242,1,0.110657,-3.90485,0.110653,-9.10273,-10.2706,-9.10273,-10.9088,-12.6248,-10.9088,-11.3455,-14.6546,-11.3455
I47H,0.3835,1,-1.3357,-5.37121,-1.3357,-7.92343,-9.36501,-7.92343,-10.8977,-12.1713,-10.8977,-11.1756,-14.5066,-11.1756
I47G,0.75175,1,-0.253356,-4.06344,-0.25336,-7.21678,-8.60795,-7.21677,-9.286,-11.3803,-9.286,-10.7094,-13.4209,-10.7094
I47F,0.4765,1,-0.582275,-4.17113,-0.582276,-1.83143,-4.37568,-1.83142,-7.05667,-10.165,-7.05668,-9.05317,-12.1635,-9.05317
I47E,0.1275,1,0.30811,-4.02896,0.308105,-9.40137,-10.4967,-9.40137,-12.3928,-14.1895,-12.3928,-11.301,-14.3251,-11.301
L48W,0.917,1,-2.78618,-6.14241,-2.78619,-3.21701,-6.33247,-3.217,-8.77616,-10.524,-8.77615,-10.381,-13.8167,-10.381
L48Y,0.9005,1,-0.540073,-3.66947,-0.540072,-2.08058,-5.30194,-2.08057,-6.60172,-7.94435,-6.60171,-8.54815,-11.9822,-8.54815
L48T,0.90475,1,0.821231,-2.56844,0.82123,-0.00340414,-3.64944,-0.00340939,-3.44759,-4.88098,-3.4476,-6.0215,-9.49862,-6.0215
L48S,0.9215,1,1.58364,-1.97782,1.58364,1.10273,-2.69789,1.10272,-4.31958,-5.62257,-4.31958,-7.34068,-10.5549,-7.34067
L48R,0.930167,1,1.49395,-1.94906,1.49395,0.99846,-2.46903,0.998455,-5.96702,-7.33018,-5.96702,-7.911,-11.2747,-7.911
L48Q,0.946,1,1.47233,-2.02689,1.47233,1.26476,-2.40655,1.26476,-4.51114,-6.33647,-4.51115,-6.92322,-10.3172,-6.92322
L48P,0.37275,1,0.865993,-2.56138,0.865991,-4.73201,-7.84342,-4.73202,-8.13216,-9.62212,-8.13216,-9.18445,-12.4655,-9.18446
L48N,0.9345,1,1.44507,-2.21481,1.44507,0.714946,-3.00308,0.714942,-4.33279,-6.02664,-4.3328,-7.66342,-10.904,-7.66341
L48I,0.897,1,-0.698784,-3.84474,-0.698782,-1.262,-4.56208,-1.262,-3.10165,-6.00417,-3.10165,-3.36228,-6.97521,-3.36228
L48K,0.9155,1,2.88286,-0.658132,2.88286,1.76885,-1.849,1.76884,-5.37321,-6.57956,-5.37321,-9.38449,-12.7689,-9.38448
L48A,0.891,1,1.06457,-2.40154,1.06457,1.48741,-1.96229,1.4874,-4.21388,-5.91586,-4.21388,-7.1304,-10.4445,-7.1304
L48H,0.925,1,0.461826,-2.86027,0.461826,-0.126467,-3.66084,-0.126467,-5.58878,-7.13799,-5.58878,-8.22422,-11.4726,-8.22422
L48G,0.89825,1,0.768514,-2.94506,0.76851,-0.0520463,-3.62572,-0.0520542,-5.64386,-6.62259,-5.64386,-8.484,-11.4421,-8.48399
L48F,0.917,1,-0.832593,-4.06008,-0.832593,-1.46279,-4.68181,-1.46279,-5.07542,-6.85166,-5.07542,-6.19897,-9.48838,-6.19897
L48E,0.8665,1,2.3359,-1.21956,2.3359,1.93622,-1.73564,1.93622,-6.20495,-7.44909,-6.20496,-10.1617,-13.0551,-10.1617
L48D,0.8495,1,1.28729,-2.2781,1.28729,-0.010016,-3.66222,-0.0100191,-6.82927,-8.29306,-6.82928,-10.5355,-13.2027,-10.5355
L48V,0.43825,1,0.0396986,-3.1482,0.0396986,-0.246121,-3.49287,-0.246125,-2.83631,-5.22288,-2.83631,-3.74462,-7.2557,-3.74462
L48M,0.959,1,-0.635512,-4.02445,-0.635512,-0.596505,-4.23852,-0.596504,-3.03759,-5.32814,-3.03758,-3.19306,-6.7675,-3.19307
L48C,0.9365,1,-1.87854,-5.29505,-1.87854,-2.07942,-5.35768,-2.07942,-5.50219,-7.13971,-5.50219,-8.18293,-11.7467,-8.18292
T49L,0.917,1,-0.407496,-3.74795,-0.407495,-1.63027,-4.50387,-1.63027,-0.923706,-4.73587,-0.9237,-2.77233,-5.4591,-2.77233
T49R,0.930167,1,-0.171619,-3.7008,-0.171619,-1.49029,-4.55459,-1.49029,-3.09581,-6.61841,-3.09581,-4.87258,-8.03377,-4.87257
T49W,0.952,1,-3.93859,-7.34555,-3.93859,-7.3662,-9.80751,-7.3662,-7.67673,-11.1058,-7.67673,-10.283,-13.3938,-10.283
T49V,0.916,1,1.35148,-1.91325,1.35147,0.797759,-2.27456,0.797758,0.449868,-2.93875,0.449873,-0.589883,-2.68312,-0.589876
T49A,0.93125,1,0.633891,-2.82406,0.633889,0.410772,-2.67847,0.410773,1.00225,-3.09126,1.00225,-0.363456,-3.14295,-0.363452
T49C,0.923,1,-2.47931,-5.71116,-2.47931,-4.05063,-6.85054,-4.05063,-3.424,-7.34774,-3.42399,-5.89409,-8.79112,-5.89408
T49D,0.9025,1,0.494351,-3.17445,0.494351,-1.67749,-4.41912,-1.67749,-3.68223,-7.34873,-3.68223,-4.84239,-7.914,-4.84239
T49E,0.9305,1,1.62633,-1.89934,1.62633,1.372,-1.83916,1.372,-0.213982,-3.83562,-0.213985,-3.03439,-5.70617,-3.03439
T49F,0.914,1,-2.25576,-5.66786,-2.25576,-5.25418,-7.88458,-5.25417,-4.91556,-8.54651,-4.91556,-6.50205,-9.19962,-6.50205
T49G,0.932,1,-1.41457,-4.83023,-1.41457,-3.25746,-6.30097,-3.25746,-3.07542,-6.77752,-3.07542,-4.02974,-7.12307,-4.02974
T49H,0.923,1,-1.29802,-4.66336,-1.29802,-3.31094,-6.16508,-3.31094,-2.83205,-6.64731,-2.83205,-4.82426,-7.95385,-4.82426
T49I,0.926,1,0.326361,-2.97345,0.32636,-0.683267,-3.56233,-0.683268,-0.835037,-4.33849,-0.835027,-2.30522,-4.85241,-2.30521
T49K,0.944,1,1.17477,-2.40525,1.17477,0.509339,-2.87712,0.50934,-1.17538,-4.69944,-1.17539,-4.55931,-7.51965,-4.55931
T49M,0.969,1,-1.68429,-5.00422,-1.68429,-3.17148,-6.06458,-3.17148,-2.22394,-6.13509,-2.22393,-2.71419,-6.12599,-2.71419
T49N,0.91,1,0.0137172,-3.3474,0.0137177,-2.14756,-5.02066,-2.14756,-1.63667,-5.27436,-1.63667,-2.93175,-6.1652,-2.93175
T49P,0.937,1,1.95407,-1.52212,1.95407,1.68063,-1.66645,1.68063,3.22528,-1.15369,3.22529,1.44466,-1.51081,1.44466
T49Q,0.916,1,-0.351398,-3.74031,-0.351398,-0.694782,-3.88266,-0.69478,-0.129122,-3.95743,-0.129121,-1.71557,-4.64675,-1.71558
T49S,0.9295,1,0.191818,-3.21288,0.191818,-0.912693,-3.99352,-0.912691,-0.540784,-4.534,-0.540782,-1.31,-4.62376,-1.31
T49Y,0.907,1,-1.93424,-5.33842,-1.93424,-5.05977,-7.69182,-5.05977,-5.24687,-8.70867,-5.24687,-7.39122,-10.3821,-7.39122
G50L,0.8775,1,-5.19324,-8.20657,-5.19324,-8.05784,-10.3171,-8.05783,-10.1467,-10.4245,-10.1467,-9.92932,-12.9264,-9.92932
G50V,0.8895,1,-6.47029,-9.3591,-6.47029,-10.2696,-12.2553,-10.2696,-11.1944,-11.4169,-11.1944,-9.94543,-12.836,-9.94543
G50W,0.882,1,-7.04316,-9.98026,-7.04316,-9.39089,-11.404,-9.39088,-11.0541,-11.3632,-11.0541,-11.203,-14.3021,-11.203
G50Y,0.891,1,-5.64807,-8.58736,-5.64806,-8.09589,-10.2238,-8.09589,-9.88185,-10.0939,-9.88185,-9.93896,-13.1068,-9.93895
G50T,0.8995,1,-5.08887,-7.90454,-5.08886,-8.43343,-10.7188,-8.43342,-8.53748,-8.75394,-8.53748,-7.7174,-10.6405,-7.7174
G50S,0.903,1,-4.06689,-7.23023,-4.06689,-6.04081,-8.47864,-6.04081,-5.56323,-5.78395,-5.56323,-6.05179,-9.09005,-6.0518
G50R,0.9025,1,-3.87404,-6.80606,-3.87404,-5.8557,-8.32131,-5.8557,-6.42211,-6.50145,-6.4221,-7.85537,-10.9189,-7.85536
G50P,0.8855,1,-6.05217,-8.67625,-6.05217,-9.52688,-11.6346,-9.52688,-11.648,-12.107,-11.648,-10.8852,-13.4746,-10.8851
G50N,0.884,1,-2.45342,-5.61498,-2.45342,-3.04039,-5.53119,-3.04039,-3.42816,-3.40782,-3.42816,-3.94667,-6.35432,-3.94667
G50M,0.893,1,-6.26629,-9.42343,-6.26629,-8.29712,-10.6199,-8.29712,-10.2313,-10.5089,-10.2313,-9.97488,-13.1929,-9.97488
G50Q,0.8925,1,-4.59849,-7.59244,-4.59849,-5.7454,-7.99046,-5.7454,-6.69333,-6.55268,-6.69333,-5.7532,-8.97428,-5.75319
G50I,0.877,1,-6.72578,-9.59386,-6.72577,-11.4986,-13.6964,-11.4986,-12.5578,-12.9992,-12.5578,-12.1538,-14.7851,-12.1538
G50H,0.9015,1,-4.31787,-7.36865,-4.31786,-5.54141,-7.81878,-5.54141,-6.05234,-5.99059,-6.05233,-7.39763,-10.6019,-7.39763
G50F,0.8925,1,-5.83077,-8.89703,-5.83077,-8.50384,-10.7558,-8.50384,-11.1578,-11.5975,-11.1578,-10.9924,-14.1284,-10.9924
G50E,0.902,1,-3.60333,-6.67309,-3.60333,-5.07305,-7.51586,-5.07305,-5.55271,-5.63524,-5.55271,-2.65352,-6.20756,-2.65353
G50D,0.9125,1,-2.61574,-5.69436,-2.61573,-3.28552,-5.65197,-3.28551,-4.21699,-4.3553,-4.21699,-2.11171,-5.53362,-2.11171
G50C,0.89,1,-6.73864,-9.92719,-6.73864,-8.56248,-11.1502,-8.56248,-8.95203,-9.05069,-8.95203,-10.0763,-12.8633,-10.0763
G50A,0.921,1,-4.98311,-8.01313,-4.98311,-6.56397,-8.81851,-6.56397,-6.94779,-6.99144,-6.94778,-6.62503,-9.83515,-6.62503
G50K,0.897,1,-3.51495,-6.49051,-3.51495,-5.50405,-7.79139,-5.50405,-5.94324,-6.10455,-5.94324,-6.63049,-9.84347,-6.63049
D51N,0.8435,1,-2.73846,-5.62033,-2.73846,-3.88863,-6.88607,-3.88863,-4.9907,-7.31408,-4.9907,-7.54123,-10.0597,-7.54123
D51G,0.724,1,-3.14917,-6.00455,-3.14917,-4.56983,-7.48748,-4.56984,-8.92218,-11.1471,-8.92218,-10.5661,-12.9997,-10.5661
D51H,0.8115,1,-3.78565,-6.76582,-3.78565,-4.87393,-8.11435,-4.87394,-8.60809,-10.6731,-8.60809,-9.85121,-12.2657,-9.85121
D51I,0.426,1,-5.22108,-7.83168,-5.22108,-7.04186,-10.0196,-7.04187,-10.6029,-12.4069,-10.6029,-14.1655,-15.9023,-14.1655
D51K,0.318,1,-2.06574,-5.35047,-2.06574,-4.78104,-7.95716,-4.78105,-10.3861,-12.3503,-10.3861,-13.1607,-15.2112,-13.1607
D51M,0.629,1,-3.07177,-6.03329,-3.07177,-3.72923,-7.13262,-3.72923,-10.4714,-12.1229,-10.4714,-12.9718,-14.9284,-12.9718
D51P,0.02825,1,-6.54432,-9.04712,-6.54432,-10.0953,-12.4922,-10.0953,-13.351,-15.1237,-13.351,-17.2194,-19.3912,-17.2194
D51S,0.922333,1,-2.11303,-4.8836,-2.11303,-3.28092,-6.41324,-3.28094,-7.96306,-10.0293,-7.96306,-9.82299,-12.0142,-9.82299
D51R,0.313167,1,-3.23756,-6.21055,-3.23756,-5.57117,-8.83814,-5.57118,-11.5169,-13.172,-11.5169,-13.8185,-15.7742,-13.8185
D51T,0.6335,1,-2.37514,-5.13796,-2.37514,-3.38331,-6.38184,-3.38332,-8.47654,-10.3524,-8.47653,-10.9778,-13.1867,-10.9778
D51V,0.61675,1,-4.56926,-7.18483,-4.56926,-5.47971,-8.20733,-5.47972,-9.73553,-11.5376,-9.73552,-11.3668,-13.6808,-11.3668
D51W,0.197,1,-6.31985,-8.8914,-6.31984,-8.33646,-11.5524,-8.33646,-13.7911,-15.3849,-13.7911,-15.4413,-17.4997,-15.4413
D51Y,0.525,1,-4.80132,-7.59473,-4.80132,-6.92071,-9.96418,-6.92071,-10.1917,-12.2727,-10.1917,-11.7174,-14.1087,-11.7174
D51F,0.468,1,-5.72891,-8.2283,-5.7289,-8.06742,-11.329,-8.06743,-12.0925,-13.867,-12.0925,-14.2956,-16.4049,-14.2956
D51Q,0.6995,1,-0.971454,-4.40121,-0.971456,-1.59869,-4.96363,-1.5987,-8.61588,-10.539,-8.61588,-10.5304,-12.8782,-10.5304
D51E,0.893,1,-0.815683,-4.23508,-0.815685,-0.884128,-4.17594,-0.884133,-5.27561,-8.15562,-5.2756,-5.66369,-8.71881,-5.66368
D51L,0.331667,1,-4.26227,-6.92828,-4.26227,-6.10696,-9.50934,-6.10697,-10.849,-12.5485,-10.849,-14.2521,-15.9787,-14.2521
D51A,0.825,1,-2.59925,-5.45957,-2.59925,-2.68249,-6.0293,-2.6825,-9.01981,-10.9599,-9.0198,-9.92554,-12.4618,-9.92555
D51C,0.8415,1,-5.04218,-7.5366,-5.04218,-5.91582,-9.21576,-5.91583,-10.7275,-12.7131,-10.7274,-11.8562,-14.0353,-11.8562
K52D,0.942,1,-1.44357,-4.97528,-1.44357,-3.13959,-5.96749,-3.13959,-4.35864,-7.60312,-4.35864,-4.57501,-7.96354,-4.57501
K52E,0.949,1,0.247362,-3.25891,0.247364,-0.583686,-3.51011,-0.583685,-2.21226,-5.84438,-2.21226,-3.28113,-6.25574,-3.28114
K52A,0.951,1,-1.53768,-5.06906,-1.53768,-1.6792,-4.84295,-1.6792,-2.35174,-5.99051,-2.35174,-3.00899,-6.76522,-3.00899
K52V,0.95775,1,-0.863111,-4.36047,-0.863111,-1.24978,-4.39808,-1.24978,-2.75476,-6.26687,-2.75476,-4.089,-7.248,-4.08899
K52T,0.97125,1,-0.356156,-3.99143,-0.356154,0.0415111,-3.08916,0.0415081,-1.74436,-5.34498,-1.74436,-2.96795,-6.1644,-2.96794
K52R,0.966333,1,-0.44371,-4.08346,-0.443708,0.0866371,-3.61071,0.0866381,-0.0770974,-4.09944,-0.0771008,-1.14547,-4.77032,-1.14547
K52W,0.97,1,-3.32279,-7.17679,-3.32278,-3.28513,-6.79614,-3.28513,-6.75428,-10.5309,-6.75428,-8.43315,-11.989,-8.43314
K52Q,0.9525,1,-0.999867,-4.54277,-0.999866,-0.321073,-3.62396,-0.321073,-1.88521,-5.63445,-1.88522,-2.16356,-5.59092,-2.16356
K52S,0.9645,1,-1.08439,-4.70373,-1.08438,-0.827066,-3.91348,-0.827071,-2.70859,-6.28525,-2.7086,-3.08826,-6.53677,-3.08826
K52N,0.9735,1,-1.71067,-5.22613,-1.71067,-2.23332,-5.23128,-2.23332,-3.20103,-6.70674,-3.20103,-2.88131,-6.30478,-2.88131
K52F,0.955,1,-2.53825,-6.01636,-2.53825,-3.13282,-6.37796,-3.13281,-5.47058,-8.94344,-5.47058,-6.80827,-10.3805,-6.80827
K52P,0.96625,1,-1.39229,-4.74103,-1.39229,-2.36421,-5.69462,-2.36422,-3.44759,-7.02236,-3.44759,-5.80053,-9.64574,-5.80053
K52H,0.963,1,-2.07713,-5.76265,-2.07713,-1.5887,-4.95224,-1.5887,-3.27835,-7.3426,-3.27835,-3.33211,-6.82787,-3.3321
K52I,0.966,1,-1.10953,-4.58446,-1.10953,-1.49909,-4.75784,-1.49909,-3.70559,-7.14427,-3.70559,-5.4241,-8.51972,-5.4241
K52G,0.972,1,-2.87103,-6.42077,-2.87103,-3.13599,-6.30959,-3.13599,-4.49671,-8.20913,-4.49671,-5.56631,-9.41301,-5.56632
K52Y,0.9545,1,-2.11668,-5.64585,-2.11668,-2.78347,-6.03464,-2.78347,-5.50483,-9.12289,-5.50483,-6.4337,-9.87143,-6.43369
K52L,0.957333,1,-1.08393,-4.56759,-1.08393,-1.56007,-4.879,-1.56006,-3.26066,-6.80161,-3.26066,-5.02569,-8.58065,-5.02569
K52M,0.979,1,-1.76574,-5.45446,-1.76574,-2.29096,-5.5035,-2.29096,-3.64958,-7.26967,-3.64958,-5.34406,-8.90593,-5.34405
K52C,0.9615,1,-3.72007,-7.30773,-3.72006,-2.98981,-6.35244,-2.98981,-5.83056,-9.69359,-5.83057,-7.18108,-10.8833,-7.18108
V53Y,0.165,1,-4.31688,-7.14022,-4.31688,-10.2865,-11.7068,-10.2865,-12.7945,-13.6691,-12.7945,-14.7956,-17.0999,-14.7956
V53N,0.188,1,-7.12359,-9.46609,-7.12359,-11.8369,-12.4867,-11.8369,-13.0585,-13.8016,-13.0585,-12.3079,-14.9139,-12.3079
V53W,0.286,1,-6.28225,-8.95736,-6.28226,-11.9014,-13.0458,-11.9014,-15.5272,-15.8636,-15.5272,-17.2735,-19.5586,-17.2735
V53T,0.949,1,-4.26936,-7.01009,-4.26936,-5.47222,-7.56556,-5.47222,-8.51127,-10.205,-8.51127,-8.7202,-11.4577,-8.7202
V53S,0.691667,1,-5.67264,-8.21829,-5.67264,-8.36699,-9.63901,-8.36698,-11.0508,-11.9184,-11.0508,-11.6095,-14.1417,-11.6095
V53R,0.243167,1,-5.56611,-8.16542,-5.56611,-9.31629,-10.1622,-9.31629,-13.3984,-13.8139,-13.3983,-12.9788,-15.5665,-12.9788
V53Q,0.1515,1,-6.25543,-8.89772,-6.25543,-10.3948,-11.5337,-10.3948,-14.9907,-15.7619,-14.9907,-13.5537,-16.0838,-13.5537
V53P,0.47475,1,-6.07808,-8.46531,-6.07808,-10.5353,-11.5668,-10.5353,-13.1494,-13.5795,-13.1494,-11.9324,-14.9126,-11.9324
V53M,0.755,1,-3.63121,-6.51522,-3.63121,-6.46632,-8.54671,-6.46632,-8.37558,-10.4794,-8.37557,-9.2548,-11.9873,-9.2548
V53F,0.2105,1,-3.58852,-6.41189,-3.58852,-8.72628,-10.3941,-8.72627,-10.4328,-12.0501,-10.4328,-11.6398,-14.2346,-11.6398
V53K,0.024,1,-5.21167,-8.0185,-5.21167,-10.1106,-10.943,-10.1106,-13.0151,-13.3966,-13.0151,-12.9949,-15.496,-12.9949
V53I,0.904,1,-1.36062,-4.44192,-1.36062,-3.20485,-5.5628,-3.20485,-4.22373,-6.72739,-4.22372,-3.25433,-6.00987,-3.25433
V53H,-0.007,1,-6.51226,-9.25917,-6.51226,-11.7512,-12.6375,-11.7512,-14.5512,-15.1712,-14.5512,-14.7452,-17.0397,-14.7452
V53G,0.75125,1,-4.56758,-7.07642,-4.56758,-5.06174,-6.39875,-5.06173,-10.2881,-11.1669,-10.288,-11.947,-14.5261,-11.947
V53E,0.1835,1,-6.00859,-8.45953,-6.00859,-10.4149,-11.2829,-10.4149,-12.4983,-12.6207,-12.4983,-11.7632,-14.3448,-11.7632
V53D,0.058,1,-6.84469,-9.11873,-6.8447,-11.8694,-12.0061,-11.8694,-12.4649,-12.6402,-12.4649,-11.5316,-14.1883,-11.5316
V53C,0.949,1,-3.40965,-6.43912,-3.40966,-4.69985,-6.98503,-4.69984,-8.91449,-10.4285,-8.91448,-10.0929,-12.6749,-10.0929
V53L,0.952167,1,-1.85542,-4.72781,-1.85542,-4.57183,-6.74824,-4.57182,-6.8767,-9.20533,-6.87669,-7.27549,-10.0998,-7.27549
V53A,0.95875,1,-2.1933,-5.15969,-2.1933,-3.49659,-5.36079,-3.49659,-5.4894,-7.02426,-5.4894,-7.68577,-10.239,-7.68577
T54I,0.945,1,-0.448812,-3.98087,-0.448812,0.455282,-3.48266,0.455279,-1.38517,-5.16733,-1.38517,-2.20786,-5.68567,-2.20786
T54L,0.951833,1,-0.266695,-3.80392,-0.266695,0.32636,-3.42713,0.326359,-0.793728,-4.63519,-0.793736,-2.81239,-6.26262,-2.81239
T54M,0.963,1,-1.11908,-4.82992,-1.11908,-1.0734,-4.9062,-1.0734,-1.30596,-5.05261,-1.30596,-2.61715,-6.35066,-2.61715
T54P,0.27675,1,-2.42322,-5.67814,-2.42322,-5.5974,-8.5198,-5.59741,-8.03438,-11.1113,-8.03439,-10.5886,-13.5265,-10.5886
T54H,0.9705,1,-1.49506,-4.94512,-1.49506,-2.15856,-5.34434,-2.15856,-2.18931,-5.41031,-2.18931,-4.70899,-7.75578,-4.709
T54R,0.977833,1,-0.00227737,-3.6744,-0.00227737,0.402911,-3.39931,0.402912,-0.18482,-3.19733,-0.184819,-2.64253,-6.11421,-2.64253
T54Q,0.964,1,-0.723545,-4.32102,-0.723545,-1.40564,-4.84202,-1.40564,-0.932842,-3.954,-0.932845,-3.44824,-6.81615,-3.44824
T54N,0.94,1,-0.530751,-4.10849,-0.53075,-1.91813,-5.19737,-1.91813,0.149128,-3.25363,0.149129,-2.98139,-6.48778,-2.98138
T54G,0.8985,1,-1.5604,-5.18025,-1.5604,-3.36653,-5.94649,-3.36653,-2.87671,-5.48168,-2.8767,-4.8852,-8.29051,-4.8852
T54K,0.934,1,0.511906,-3.29713,0.511907,-0.152872,-3.7303,-0.152871,0.839568,-2.10597,0.83957,-2.48742,-6.0321,-2.48742
T54E,0.9465,1,0.378795,-3.18245,0.378795,-1.04202,-4.16345,-1.04202,-1.25882,-4.02226,-1.25882,-4.41458,-7.80227,-4.41458
T54D,0.939,1,-0.22994,-3.88606,-0.229939,-2.3896,-5.35872,-2.3896,-1.57953,-4.77427,-1.57953,-4.28688,-7.76108,-4.28688
T54C,0.9655,1,-3.09096,-6.64259,-3.09096,-2.92018,-6.08045,-2.92019,-4.00848,-7.54826,-4.00848,-6.49633,-9.83862,-6.49633
T54A,0.9935,1,-0.88677,-4.56708,-0.886769,-1.54505,-4.48593,-1.54506,-1.61147,-4.97042,-1.61147,-3.33323,-6.63227,-3.33323
T54W,0.95,1,-1.7555,-5.47993,-1.75549,-1.82848,-5.06594,-1.82848,-4.48126,-7.94935,-4.48126,-6.31428,-9.49826,-6.31429
T54Y,0.942,1,-1.15743,-4.61824,-1.15742,-1.30754,-4.64337,-1.30754,-3.46852,-6.94216,-3.46852,-5.08905,-7.851,-5.08906
T54V,0.97075,1,-0.312697,-3.83521,-0.312697,0.207395,-3.58921,0.207393,-1.00736,-4.83859,-1.00737,-1.70071,-5.06624,-1.70071
T54F,0.955,1,-1.34979,-4.8689,-1.34979,-1.40737,-4.75524,-1.40738,-3.39814,-7.00095,-3.39814,-4.94087,-7.8495,-4.94087
T54S,0.976833,1,-0.194769,-3.91914,-0.19477,-1.23829,-4.14729,-1.23829,-0.452337,-3.72318,-0.452334,-2.13047,-5.45834,-2.13047
V55Y,0.6015,1,-2.68426,-5.77988,-2.68425,-7.60229,-10.0829,-7.6023,-9.40361,-12.4996,-9.40361,-11.7522,-14.9511,-11.7522
V55A,0.9915,1,-0.726587,-4.01025,-0.726585,-1.4608,-4.91506,-1.46079,-5.01129,-7.92312,-5.01129,-6.19184,-8.92761,-6.19184
V55W,0.042,1,-4.55016,-7.91869,-4.55016,-9.49738,-11.9776,-9.49739,-11.5715,-14.4336,-11.5715,-14.4049,-17.2245,-14.4049
V55D,0.059,1,-6.54591,-9.48944,-6.5459,-11.8695,-12.9213,-11.8695,-12.5517,-14.7498,-12.5517,-13.3546,-16.2311,-13.3546
V55C,0.978,1,-1.92414,-5.31739,-1.92414,-4.31671,-7.63185,-4.31671,-6.80315,-9.87671,-6.80316,-4.70691,-7.41319,-4.70691
V55T,0.982,1,-3.19934,-6.33818,-3.19934,-5.66458,-8.30678,-5.66458,-5.89504,-9.06398,-5.89504,-7.16955,-10.0809,-7.16956
V55S,0.855833,1,-4.1396,-7.2895,-4.1396,-7.28909,-9.79855,-7.28909,-9.2079,-11.9361,-9.20791,-10.7069,-13.2724,-10.7069
V55R,0.0015,1,-5.92438,-8.91333,-5.92437,-9.98099,-11.5426,-9.98099,-11.3279,-13.7528,-11.3279,-13.5801,-16.6697,-13.5801
V55P,0.09925,1,-5.54253,-8.50768,-5.54253,-9.88027,-11.6036,-9.88028,-10.3459,-13.0876,-10.3459,-12.3156,-15.6857,-12.3156
V55N,0.483,1,-6.48317,-9.41938,-6.48317,-11.1903,-12.5339,-11.1903,-11.4467,-14.057,-11.4467,-12.5815,-15.3536,-12.5815
V55M,0.958,1,-2.36949,-5.72902,-2.36949,-4.46544,-7.50052,-4.46544,-4.31608,-7.62066,-4.31607,-5.42497,-8.62565,-5.42497
V55Q,0.3555,1,-5.94061,-9.1668,-5.94061,-10.3474,-12.0703,-10.3474,-10.9927,-13.7937,-10.9927,-13.8215,-16.5335,-13.8214
V55K,-0.0245,1,-5.9379,-9.07318,-5.9379,-10.5975,-11.9346,-10.5975,-10.4293,-13.0196,-10.4293,-14.2467,-17.1698,-14.2467
V55I,0.916,1,-1.14656,-4.30601,-1.14655,-1.00211,-4.7337,-1.00211,-0.990859,-4.37136,-0.990854,-2.44789,-5.49342,-2.44788
V55H,0.1605,1,-6.02978,-9.18243,-6.02978,-10.9586,-12.5074,-10.9586,-12.1029,-14.92,-12.1029,-14.0501,-17.0955,-14.0501
V55G,0.40375,1,-1.86383,-5.11056,-1.86382,-4.99056,-7.74459,-4.99056,-9.75024,-12.2236,-9.75024,-12.0487,-14.496,-12.0487
V55F,0.895,1,-1.26065,-4.43357,-1.26065,-5.09055,-8.00068,-5.09055,-6.55022,-9.97368,-6.55022,-8.50968,-11.8101,-8.50968
V55E,0.031,1,-5.83898,-8.82396,-5.83898,-10.7418,-12.2199,-10.7418,-10.5611,-12.7433,-10.5611,-12.8506,-15.4502,-12.8506
V55L,0.958,1,-1.18629,-4.34841,-1.18629,-2.22256,-5.50072,-2.22256,-2.31865,-5.78473,-2.31864,-1.69184,-5.08896,-1.69183
E56L,0.959833,1,-0.575517,-3.94215,-0.575518,0.617752,-3.53635,0.617762,-3.60962,-6.69512,-3.60961,-6.36869,-9.07694,-6.36869
E56F,0.9395,1,-1.46363,-4.67929,-1.46363,-0.709581,-4.62834,-0.709571,-6.1163,-9.20726,-6.11629,-9.07982,-11.7642,-9.07982
E56G,0.96625,1,-1.66749,-4.89947,-1.66749,-2.33023,-5.45579,-2.33022,-1.93069,-5.29838,-1.93069,-6.33617,-9.04808,-6.33618
E56H,0.987,1,-0.924592,-4.29347,-0.924591,-0.461744,-4.26781,-0.461738,-4.02687,-6.82441,-4.02687,-5.33833,-7.93527,-5.33833
E56I,0.947333,1,-0.797902,-4.33602,-0.797902,0.264962,-3.63924,0.264973,-4.87259,-8.02129,-4.87258,-6.02924,-8.82953,-6.02924
E56K,0.9745,1,0.622449,-2.90407,0.622446,-0.288216,-4.1194,-0.288212,-2.479,-5.49731,-2.479,-6.31457,-9.1121,-6.31458
E56M,0.958,1,-1.2511,-4.74567,-1.2511,-0.903976,-4.86049,-0.903969,-3.39477,-6.27679,-3.39476,-5.70018,-8.38207,-5.70018
E56W,0.955,1,-1.87778,-5.19441,-1.87778,-1.56527,-5.30792,-1.56526,-7.64739,-10.8071,-7.64739,-10.2515,-13.1402,-10.2515
E56P,0.10625,1,-2.72037,-5.23297,-2.72038,-6.5257,-9.66712,-6.5257,-9.7763,-13.54,-9.77629,-12.5835,-14.9742,-12.5835
E56Q,0.9915,1,-0.591248,-4.15973,-0.59125,-0.227647,-4.1549,-0.227646,-0.619174,-3.79118,-0.619172,-2.51476,-5.40438,-2.51476
E56R,0.963667,1,0.518039,-2.91012,0.518036,-0.400528,-4.28903,-0.400524,-3.25003,-6.35131,-3.25003,-6.18396,-8.76981,-6.18396
E56S,0.963,1,0.0381861,-3.62902,0.0381832,-0.277886,-4.11617,-0.277882,-1.53774,-4.66964,-1.53773,-4.22491,-6.9453,-4.22492
E56T,0.96975,1,0.370281,-3.26046,0.37028,0.272916,-3.56428,0.272923,-3.52193,-6.75261,-3.52193,-4.60687,-7.3367,-4.60687
E56V,0.9795,1,-0.642136,-4.16558,-0.642135,0.269413,-3.35516,0.269422,-3.50348,-6.54006,-3.50348,-4.14163,-7.15962,-4.14163
E56C,0.967,1,-2.86843,-6.37127,-2.86843,-2.17263,-5.5591,-2.17262,-4.95118,-8.29244,-4.95118,-8.61981,-11.034,-8.61981
E56Y,0.9715,1,-0.935666,-4.21357,-0.935664,-0.568529,-4.31465,-0.568519,-5.44626,-8.50376,-5.44625,-8.04908,-10.928,-8.04909
E56N,0.982,1,-0.407116,-4.0237,-0.407119,-1.30853,-5.1908,-1.30853,-3.41418,-5.98548,-3.41418,-5.53814,-8.51057,-5.53815
E56A,0.987,1,-1.01469,-4.38629,-1.0147,-0.494407,-3.983,-0.494402,-0.953398,-4.39958,-0.953397,-4.11262,-7.18346,-4.11263
E56D,0.979,1,-0.816176,-4.35183,-0.816179,-1.10525,-4.22373,-1.10525,-2.33953,-5.6191,-2.33953,-4.34901,-8.00805,-4.34901
L57F,0.887,1,-0.226021,-3.29712,-0.226013,0.0278013,-4.39269,0.0278068,-2.08853,-6.09328,-2.08853,-5.4867,-8.57112,-5.4867
L57C,0.938,1,-0.51053,-4.15507,-0.51053,-3.21507,-6.96488,-3.21507,-5.97381,-9.77215,-5.97381,-8.12266,-11.183,-8.12266
L57A,0.9325,1,0.525566,-3.36722,0.525561,-2.12427,-5.71461,-2.12427,-4.80771,-8.52095,-4.80771,-8.58323,-11.4912,-8.58323
L57D,0.269,1,-3.40014,-7.09431,-3.40015,-6.36907,-9.46447,-6.36906,-10.7293,-15.0153,-10.7293,-13.3983,-16.0609,-13.3983
L57E,0.8235,1,-3.097,-6.9098,-3.09701,-3.98999,-7.42152,-3.98998,-8.12138,-12.0468,-8.12139,-11.3117,-14.02,-11.3117
L57W,0.957,1,-3.53853,-6.90354,-3.53853,-5.43348,-8.93294,-5.43348,-7.96373,-12.1753,-7.96373,-11.1559,-14.1727,-11.1559
L57V,0.9625,1,1.24727,-2.15211,1.24726,-1.24315,-4.81283,-1.24315,-2.97967,-6.53131,-2.97967,-4.23801,-7.24176,-4.23801
L57T,0.9435,1,-0.808408,-4.55723,-0.808413,-2.4573,-6.0629,-2.4573,-4.46518,-8.30636,-4.46519,-7.26798,-10.4483,-7.26797
L57S,0.908167,1,-1.44015,-5.32561,-1.44015,-3.30745,-6.96789,-3.30744,-6.28343,-10.1779,-6.28344,-9.26923,-12.1063,-9.26923
L57Y,0.9315,1,-0.848957,-4.01499,-0.848949,-3.07504,-6.84229,-3.07503,-6.08664,-10.387,-6.08665,-8.92042,-12.0438,-8.92042
L57Q,0.95,1,-3.59583,-7.5136,-3.59583,-3.20736,-6.68966,-3.20736,-5.95181,-9.90409,-5.95182,-8.48484,-11.4141,-8.48484
L57R,0.950333,1,-3.75117,-7.50971,-3.75118,-4.36306,-7.76831,-4.36306,-6.96764,-10.4637,-6.96764,-11.0699,-14.1029,-11.0699
L57I,0.938333,1,0.447531,-2.95762,0.44753,-0.869492,-4.71078,-0.869489,-2.15023,-6.05589,-2.15023,-3.03962,-6.26858,-3.03962
L57K,0.914,1,-3.46829,-7.28904,-3.4683,-3.99395,-7.2995,-3.99395,-6.69501,-10.2651,-6.69502,-11.2118,-14.1251,-11.2119
L57H,0.8955,1,-3.43276,-7.11765,-3.43276,-5.28505,-8.64432,-5.28505,-7.9543,-12.1728,-7.95431,-10.4274,-13.4237,-10.4274
L57N,0.8875,1,-3.04757,-6.77153,-3.04757,-5.50012,-8.7198,-5.50012,-8.26308,-12.4263,-8.26309,-10.9676,-13.7736,-10.9676
L57P,0.9405,1,-2.94488,-6.50907,-2.94489,-5.93685,-8.87575,-5.93685,-4.62404,-8.35704,-4.62404,-10.3465,-12.7692,-10.3465
L57M,0.968,1,-1.24187,-4.66748,-1.24187,0.232629,-3.92536,0.232621,0.484149,-3.45563,0.484158,-0.260212,-3.91154,-0.260211
L57G,0.93825,1,0.0771558,-4.14392,0.077143,-3.21349,-6.65734,-3.21348,-8.15095,-11.7572,-8.15096,-11.444,-13.9443,-11.444
T58Y,0.912,1,-0.781814,-4.34052,-0.781816,-2.7869,-5.83591,-2.7869,-4.72885,-6.82366,-4.72884,-10.1044,-12.794,-10.1044
T58H,0.9305,1,-0.894472,-4.42128,-0.894473,-3.06845,-6.19838,-3.06845,-3.10953,-4.60131,-3.10952,-9.13419,-11.9832,-9.1342
T58A,0.9095,1,-0.386308,-3.7847,-0.386309,0.600211,-2.95296,0.600208,-0.666559,-2.56921,-0.666557,-5.28473,-8.19477,-5.28474
T58C,0.758,1,-2.39617,-5.76271,-2.39617,-1.33763,-5.1444,-1.33764,-3.06653,-4.69793,-3.06652,-6.65812,-9.66926,-6.65814
T58D,0.8815,1,0.129654,-3.56422,0.129652,-0.962974,-4.67243,-0.962978,-6.40368,-8.68194,-6.40367,-10.9243,-13.3629,-10.9244
T58E,0.909,1,0.210325,-3.31545,0.210325,-1.31764,-4.63406,-1.31764,-6.97494,-9.31595,-6.97494,-11.8019,-13.7476,-11.8019
T58F,0.8225,1,-1.21706,-4.79564,-1.21706,-3.09144,-6.00142,-3.09145,-4.62793,-7.04719,-4.62792,-10.0448,-12.6442,-10.0448
T58G,0.863,1,-0.862893,-4.45055,-0.862894,-2.4278,-5.55893,-2.4278,-3.50798,-5.58788,-3.50798,-8.07112,-10.9044,-8.07113
T58W,0.916,1,-2.71159,-6.05717,-2.71159,-5.31597,-8.11992,-5.31597,-5.7396,-7.48407,-5.73958,-11.8864,-14.6368,-11.8864
T58L,0.842167,1,-0.167611,-3.69741,-0.167611,-1.16737,-4.94958,-1.16738,-4.86694,-7.17828,-4.86693,-9.12118,-11.5954,-9.12119
T58V,0.951,1,-0.253716,-3.75117,-0.253715,-1.73469,-5.02037,-1.7347,-4.98719,-7.44603,-4.98719,-9.71564,-12.1925,-9.71564
T58I,0.942,1,-0.307121,-3.91746,-0.307121,-2.0736,-5.3964,-2.07361,-6.0113,-8.74789,-6.01129,-9.84271,-12.3545,-9.84272
T58S,0.789667,1,0.16551,-3.45696,0.165507,1.81917,-1.99039,1.81918,3.40071,0.706375,3.40072,1.46336,-1.88997,1.46335
T58R,0.902667,1,-0.0738311,-3.46703,-0.0738323,-3.52292,-6.51539,-3.52292,-4.37533,-5.75581,-4.37533,-8.56115,-11.25,-8.56114
T58K,0.9045,1,0.398328,-3.12504,0.398327,-2.73404,-5.89148,-2.73405,-4.86038,-6.87296,-4.86037,-9.99813,-12.1779,-9.99812
T58P,0.82475,1,-0.659218,-4.30366,-0.659218,-4.77118,-7.63081,-4.77118,-4.82001,-6.75586,-4.82,-9.21101,-11.9716,-9.21101
T58M,0.848,1,-1.17029,-4.73472,-1.17029,-2.26266,-5.81083,-2.26266,-4.84483,-7.12394,-4.84482,-8.0142,-10.4521,-8.0142
T58N,0.952,1,0.182592,-3.51226,0.182589,-1.28006,-5.12253,-1.28006,-2.80596,-4.62854,-2.80595,-6.518,-9.37546,-6.51801
T58Q,0.969,1,-0.69605,-4.0774,-0.696051,-2.57748,-5.70173,-2.57749,-5.97252,-7.61693,-5.97251,-10.4481,-12.7147,-10.4482
P59Y,0.9395,1,-1.55207,-4.81633,-1.55208,-5.04384,-8.47088,-5.04386,-8.4332,-11.4472,-8.43321,-10.1199,-12.8378,-10.1199
P59W,0.95,1,-2.6803,-5.90721,-2.6803,-6.32849,-10.0123,-6.32851,-11.3522,-14.4226,-11.3522,-12.661,-15.415,-12.661
P59V,0.8995,1,-2.01988,-4.91189,-2.01988,-4.16514,-7.57949,-4.16516,-7.0205,-10.4426,-7.02051,-7.82062,-10.8373,-7.82063
P59T,0.965,1,-1.43153,-4.65822,-1.43153,-2.71002,-6.06991,-2.71003,-5.80523,-9.25817,-5.80523,-5.57465,-8.04571,-5.57466
P59S,0.948333,1,-0.190604,-3.7691,-0.190604,-0.640833,-3.86859,-0.640842,-4.98716,-8.07167,-4.98717,-4.83217,-7.56339,-4.83217
P59R,0.943833,1,-0.115967,-3.49403,-0.115966,-3.25912,-6.93061,-3.25914,-5.47009,-8.33519,-5.47009,-6.61796,-8.67799,-6.61796
P59Q,0.971,1,-1.03755,-4.47018,-1.03755,-3.19535,-7.07857,-3.19536,-3.58882,-6.7758,-3.58883,-6.34332,-9.26428,-6.34332
P59M,0.977,1,-2.84332,-5.73137,-2.84332,-5.26209,-8.73452,-5.26211,-6.76976,-10.2348,-6.76977,-8.58881,-11.3645,-8.58881
P59K,0.931,1,0.220065,-3.34352,0.220067,-2.8765,-6.37019,-2.87652,-6.43837,-9.21468,-6.43838,-8.04581,-10.7583,-8.04581
P59H,0.9315,1,-1.10567,-4.5285,-1.10567,-3.69388,-7.44543,-3.69389,-6.09769,-9.0896,-6.0977,-7.43422,-10.1945,-7.43423
P59G,0.9455,1,0.0424871,-3.66409,0.042485,-1.23819,-4.44166,-1.2382,-6.35822,-9.05621,-6.35823,-8.08899,-10.9632,-8.08899
P59F,0.95,1,-2.25779,-5.31739,-2.25779,-5.46306,-8.53699,-5.46308,-8.8133,-11.9733,-8.81331,-10.6921,-13.2813,-10.6921
P59E,0.9245,1,0.369308,-3.3156,0.369308,-1.83728,-5.51516,-1.83729,-5.66191,-8.61758,-5.66192,-7.93033,-10.9632,-7.93033
P59N,0.943,1,-0.374347,-3.85127,-0.374349,-2.85214,-6.73341,-2.85215,-5.83525,-8.63161,-5.83526,-7.82482,-10.1931,-7.82482
P59L,0.957667,1,-1.98126,-4.84023,-1.98126,-4.55268,-7.62001,-4.5527,-6.32144,-9.7464,-6.32145,-7.08814,-9.82151,-7.08815
P59C,0.9425,1,-2.83572,-6.18618,-2.83572,-4.83701,-8.29263,-4.83702,-9.16231,-12.049,-9.16232,-9.22267,-11.9339,-9.22267
P59A,0.97425,1,-0.923104,-4.14522,-0.923103,-0.653283,-4.03292,-0.653291,-4.42166,-7.75405,-4.42167,-4.5522,-7.81216,-4.55221
P59D,0.946,1,0.449172,-3.22945,0.449172,-1.7653,-5.60623,-1.7653,-6.31435,-8.95482,-6.31436,-9.24045,-12.1721,-9.24045
P59I,0.915667,1,-2.55124,-5.48015,-2.55124,-4.9707,-8.31989,-4.97073,-7.98595,-11.3793,-7.98596,-9.33689,-12.1607,-9.33689
Y60R,0.884,1,1.15513,-2.50438,1.15513,-3.66961,-5.98345,-3.66961,-8.55033,-10.4563,-8.55033,-11.0202,-13.3445,-11.0202
Y60A,0.93825,1,1.45878,-2.22944,1.45878,-2.5855,-5.17728,-2.58549,-8.32882,-10.7122,-8.32882,-10.7725,-13.3596,-10.7725
Y60C,0.9535,1,-1.79221,-5.16055,-1.79221,-4.65305,-7.22243,-4.65305,-6.68052,-9.24374,-6.68052,-7.84722,-10.4623,-7.84723
Y60D,0.905,1,2.00229,-1.84134,2.00229,-4.83442,-6.99494,-4.83442,-8.55891,-10.9595,-8.55891,-10.4956,-13.096,-10.4956
Y60E,0.931,1,2.58806,-1.32293,2.58806,-4.26126,-6.66016,-4.26125,-9.32348,-11.7854,-9.32348,-11.9727,-14.5623,-11.9726
Y60F,0.942,1,-0.429667,-3.86878,-0.429668,-1.67969,-4.74841,-1.67969,-1.33673,-4.09386,-1.33674,-3.98234,-6.57688,-3.98235
Y60G,0.883,1,0.940095,-2.84336,0.940094,-3.50457,-5.79823,-3.50457,-8.05543,-10.583,-8.05543,-12.2509,-14.7843,-12.2509
Y60S,0.9215,1,1.69573,-1.96504,1.69572,-3.13441,-5.47061,-3.13441,-7.44024,-9.84336,-7.44025,-9.42947,-12.1007,-9.42947
Y60H,0.964,1,0.0725336,-3.51129,0.0725322,-3.53934,-6.20984,-3.53934,-4.25017,-6.66827,-4.25017,-6.05655,-8.79772,-6.05655
Y60T,0.92325,1,0.99001,-2.5954,0.990008,-3.50988,-5.83949,-3.50988,-8.03615,-10.2565,-8.03615,-10.5479,-13.1314,-10.5479
Y60L,0.956167,1,0.402011,-3.04118,0.402012,-4.32243,-6.76512,-4.32243,-6.4405,-8.94226,-6.4405,-8.74075,-11.2489,-8.74076
Y60M,0.95,1,-0.545864,-4.03209,-0.545865,-4.86443,-7.3531,-4.86443,-7.59485,-9.98501,-7.59485,-10.5052,-13.1861,-10.5052
Y60N,0.894,1,0.904559,-2.76821,0.904557,-4.12123,-6.29832,-4.12122,-6.61919,-8.97843,-6.61919,-8.96871,-11.7731,-8.96871
Y60P,0.84775,1,0.151578,-3.43729,0.151577,-3.4677,-5.70209,-3.4677,-9.84056,-12.3959,-9.84055,-12.5768,-14.8324,-12.5768
Y60Q,0.9275,1,0.892673,-2.86732,0.892673,-4.23748,-6.61425,-4.23747,-8.06844,-10.4133,-8.06844,-10.5274,-13.3489,-10.5274
Y60I,0.962667,1,0.48651,-2.92362,0.486511,-4.00252,-6.73699,-4.00252,-8.32514,-10.6703,-8.32514,-9.64305,-12.0319,-9.64305
Y60K,0.905,1,1.78613,-2.01312,1.78613,-4.2079,-6.41098,-4.2079,-9.0267,-11.1787,-9.0267,-11.8268,-13.9189,-11.8268
Y60W,0.936,1,-1.78028,-5.37702,-1.78028,-5.07471,-8.0844,-5.07472,-5.198,-7.76077,-5.198,-8.68486,-11.1759,-8.68486
Y60V,0.96225,1,0.898193,-2.588,0.898194,-3.29928,-6.05978,-3.29928,-8.29701,-10.6761,-8.29702,-10.0647,-12.3856,-10.0647
D61Y,0.9435,1,-2.04952,-5.33295,-2.04952,-6.71274,-9.3869,-6.71273,-10.9618,-13.1321,-10.9618,-11.4501,-14.5865,-11.4501
D61V,0.794,1,-1.79259,-5.38936,-1.79259,-6.01495,-9.1574,-6.01494,-10.5362,-12.4181,-10.5362,-11.5427,-14.21,-11.5427
D61T,0.96575,1,-1.23477,-4.80154,-1.23477,-5.44915,-8.93886,-5.44914,-9.45029,-11.3669,-9.45029,-11.8315,-14.1024,-11.8315
D61S,0.962167,1,-0.781283,-4.1437,-0.781282,-3.70757,-7.04737,-3.70756,-7.65881,-9.87084,-7.65881,-10.0385,-12.3525,-10.0385
D61R,0.637167,1,-0.802646,-4.29221,-0.802643,-5.40221,-8.15484,-5.4022,-9.99684,-11.3196,-9.99684,-13.915,-16.491,-13.915
D61Q,0.826,1,-1.34936,-4.86565,-1.34936,-5.12524,-8.20902,-5.12524,-8.44536,-10.718,-8.44535,-11.8545,-14.2721,-11.8545
D61P,0.74425,1,-0.881806,-4.64067,-0.881804,-6.32055,-9.34022,-6.32056,-13.3883,-15.499,-13.3883,-16.4181,-19.0235,-16.4181
D61N,0.9745,1,-0.804414,-3.92562,-0.804413,-1.01175,-3.72414,-1.01175,-4.36813,-6.33823,-4.36812,-6.52387,-9.21632,-6.52388
D61M,0.9,1,-2.32332,-5.90839,-2.32331,-7.30664,-10.4999,-7.30663,-11.737,-13.5638,-11.737,-14.2702,-16.7085,-14.2702
D61W,0.908,1,-3.65057,-6.81847,-3.65057,-10.0645,-13.0825,-10.0645,-14.5352,-16.5206,-14.5352,-16.2707,-18.8296,-16.2707
D61K,0.482,1,-0.665574,-4.25728,-0.665571,-5.29351,-8.56862,-5.29351,-9.25667,-10.8763,-9.25667,-12.4844,-14.9722,-12.4844
D61L,0.819,1,-1.60971,-5.11112,-1.6097,-6.78326,-10.0515,-6.78325,-11.6487,-13.751,-11.6487,-14.4354,-16.9391,-14.4354
D61C,0.9535,1,-3.57123,-6.96888,-3.57122,-7.06147,-9.62224,-7.06146,-8.52119,-11.4431,-8.52119,-12.5287,-15.0662,-12.5287
D61E,0.8745,1,-0.634986,-4.30624,-0.634985,-4.3075,-7.08661,-4.30749,-4.50346,-7.50574,-4.50346,-7.41841,-9.73808,-7.41842
D61A,0.96225,1,-1.44548,-5.07899,-1.44548,-5.3495,-8.78924,-5.3495,-8.39217,-10.1535,-8.39217,-9.85186,-12.2122,-9.85186
D61G,0.9535,1,-0.934572,-4.48047,-0.934572,-5.77009,-9.19772,-5.77009,-9.21107,-11.2156,-9.21108,-8.88047,-11.3785,-8.88046
D61H,0.9255,1,-1.59136,-4.7987,-1.59136,-4.53122,-7.5307,-4.53122,-8.89714,-11.1989,-8.89714,-10.5238,-13.4004,-10.5238
D61I,0.755,1,-1.98268,-5.45459,-1.98268,-6.59691,-9.72586,-6.59691,-12.1273,-14.0274,-12.1273,-14.2782,-16.994,-14.2782
D61F,0.934,1,-2.30918,-5.556,-2.30918,-7.42214,-10.5279,-7.42214,-13.1007,-15.2759,-13.1007,-14.6187,-17.3985,-14.6187
L62A,0.95125,1,-0.159845,-3.50191,-0.159845,-2.67914,-5.71549,-2.67914,-5.0768,-8.13872,-5.0768,-8.84793,-10.9788,-8.84793
L62C,0.962,1,-2.98686,-6.16736,-2.98687,-5.01401,-7.72584,-5.014,-6.07664,-9.4288,-6.07664,-10.5225,-12.7195,-10.5226
L62D,0.9665,1,0.123645,-3.22821,0.123644,-5.06532,-7.82542,-5.0653,-7.20815,-9.99534,-7.20815,-10.8401,-13.0171,-10.8402
L62E,0.9585,1,0.389389,-3.08029,0.38939,-3.73537,-6.67512,-3.73536,-5.5216,-7.87846,-5.52161,-9.9324,-12.3767,-9.93242
L62F,0.9665,1,-0.889904,-4.25174,-0.889903,-3.63459,-6.43698,-3.63459,-5.11046,-8.21575,-5.11046,-8.16743,-10.7168,-8.16743
L62G,0.94525,1,0.243249,-2.80157,0.243249,-5.79314,-8.66741,-5.79313,-6.8612,-10.0833,-6.8612,-11.9476,-13.8456,-11.9476
L62H,0.9665,1,-1.25627,-4.65487,-1.25627,-4.23077,-7.03781,-4.23076,-5.97428,-8.96042,-5.97428,-9.48716,-11.8164,-9.48718
L62K,0.9535,1,0.387555,-3.16064,0.387556,-3.65186,-6.48557,-3.65185,-4.52295,-7.51426,-4.52296,-10.1958,-12.3899,-10.1958
L62M,0.963,1,-1.1255,-4.48503,-1.1255,-2.07254,-4.9726,-2.07254,-3.42418,-6.60357,-3.42417,-5.16619,-7.83064,-5.16619
L62N,0.941,1,-0.487744,-3.72191,-0.487745,-4.91126,-7.69492,-4.91125,-6.44582,-9.74543,-6.44582,-9.64288,-11.7869,-9.64289
L62Q,0.974,1,-0.7444,-4.14077,-0.7444,-3.83786,-6.68044,-3.83785,-4.14496,-7.16962,-4.14497,-8.43452,-10.9575,-8.43454
L62R,0.956667,1,0.0244236,-3.49329,0.0244238,-3.51004,-6.35658,-3.51003,-2.9864,-5.81454,-2.9864,-9.82488,-11.9745,-9.82489
L62S,0.954333,1,-0.0994205,-3.42752,-0.099421,-3.03682,-5.99159,-3.03682,-5.3566,-8.61671,-5.35661,-9.00402,-11.08,-9.00403
L62T,0.9735,1,-0.274312,-3.60716,-0.274313,-1.76422,-4.65002,-1.76422,-4.8111,-8.10201,-4.8111,-7.89013,-10.1834,-7.89014
L62V,0.9695,1,-0.193927,-3.57273,-0.193928,-0.0651832,-2.791,-0.0651858,-4.979,-8.06918,-4.979,-6.63261,-8.79847,-6.6326
L62I,0.972667,1,-0.230948,-3.67886,-0.230948,1.20088,-1.42512,1.20087,-4.18295,-7.28959,-4.18295,-5.64692,-8.01163,-5.64692
L62P,0.975,1,1.0315,-2.49219,1.0315,-0.292087,-3.07471,-0.292079,-5.2672,-8.42006,-5.2672,-8.55096,-10.9396,-8.55096
L62Y,0.959,1,-0.956125,-4.35034,-0.956126,-4.08047,-6.78618,-4.08047,-7.04659,-10.0751,-7.04659,-10.859,-13.2061,-10.859
L62W,0.948,1,-2.48143,-5.90969,-2.48143,-5.79322,-8.39775,-5.79322,-8.61968,-11.7968,-8.61968,-12.2872,-14.1462,-12.2872
S63A,0.75,1,-0.454312,-3.80276,-0.454311,-2.46169,-5.69411,-2.46169,-3.35756,-6.88255,-3.35756,-3.26126,-6.75823,-3.26126
S63E,0.7805,1,0.498051,-2.90079,0.498051,-2.4888,-6.30305,-2.4888,-2.98954,-6.74396,-2.98954,-3.66701,-7.82883,-3.66701
S63F,0.831,1,-1.66519,-5.18783,-1.66519,-5.69069,-8.65579,-5.6907,-5.88571,-9.24167,-5.88571,-9.35885,-12.8797,-9.35885
S63G,0.84875,1,-0.226013,-3.78203,-0.226012,-3.0851,-6.24095,-3.0851,-2.8024,-6.37914,-2.8024,-3.09894,-6.57661,-3.09894
S63H,0.835,1,-1.40765,-4.83365,-1.40765,-4.87597,-8.11946,-4.87596,-3.25825,-6.86656,-3.25825,-6.78392,-10.2539,-6.78393
S63I,0.805333,1,-1.08145,-4.57424,-1.08145,-5.26809,-8.77096,-5.26808,-6.43518,-9.82368,-6.43518,-7.82862,-11.2418,-7.82862
S63K,0.8105,1,0.539241,-2.85716,0.53924,-2.18276,-6.11498,-2.18275,-3.1109,-6.57003,-3.1109,-4.03894,-7.46722,-4.03894
S63L,0.793667,1,-0.758859,-4.25146,-0.758857,-4.05952,-7.34287,-4.05952,-5.92356,-9.41551,-5.92356,-7.72564,-11.3791,-7.72563
S63M,0.794,1,-1.68228,-5.03238,-1.68228,-4.13512,-7.43522,-4.13511,-5.4795,-9.0319,-5.4795,-6.58151,-10.0395,-6.58151
S63N,0.8445,1,-0.693609,-4.04695,-0.693609,-2.76782,-5.9821,-2.76781,-0.858366,-4.45223,-0.858365,-3.32753,-6.97313,-3.32753
S63Q,0.794,1,-0.5993,-4.00095,-0.599299,-3.2637,-7.00609,-3.26369,-3.96118,-7.56373,-3.96118,-4.95374,-8.52532,-4.95374
S63R,0.836333,1,0.0308964,-3.35191,0.0308969,-2.52463,-6.29602,-2.52462,-3.79951,-7.22136,-3.7995,-5.68211,-9.16284,-5.68211
S63C,0.833,1,-3.50006,-6.93633,-3.50006,-5.66995,-8.56572,-5.66994,-5.50033,-8.85385,-5.50033,-7.14594,-10.3671,-7.14594
S63T,0.789,1,-0.513262,-3.99471,-0.51326,-0.525591,-4.31579,-0.525589,0.889659,-3.00275,0.889655,0.246334,-3.06675,0.246335
S63V,0.78575,1,-0.732301,-4.2022,-0.732299,-5.01878,-8.39525,-5.01878,-6.0304,-9.44173,-6.0304,-6.94456,-10.4029,-6.94457
S63W,0.84,1,-2.98043,-6.46987,-2.98043,-7.8242,-11.0277,-7.8242,-7.50312,-10.8259,-7.50313,-11.645,-15.0964,-11.645
S63Y,0.8355,1,-1.61474,-5.0545,-1.61474,-5.96761,-9.04309,-5.96761,-4.94467,-8.39036,-4.94466,-9.28048,-12.7944,-9.28049
S63P,0.65125,1,-0.334949,-3.96444,-0.334948,-5.99069,-9.12159,-5.99068,-9.5735,-12.8096,-9.57349,-8.77065,-12.1071,-8.77065
S63D,0.7875,1,-0.189179,-3.53707,-0.189178,-3.40338,-6.69877,-3.40337,-1.5426,-5.37058,-1.54259,-4.71149,-8.73896,-4.71149
K64Y,0.7075,1,-2.02527,-5.47909,-2.02527,-5.42398,-8.60567,-5.42399,-8.39247,-11.3255,-8.39246,-9.53319,-13.2874,-9.53319
K64T,0.83025,1,0.275362,-3.60289,0.275357,-3.35284,-6.23646,-3.35284,-5.9689,-8.65672,-5.9689,-7.36688,-10.7215,-7.36688
K64A,0.76625,1,-0.973094,-4.58102,-0.973094,-1.71379,-4.93085,-1.71378,-6.63243,-9.36012,-6.63242,-7.48668,-10.8714,-7.48668
K64C,0.6705,1,-3.50089,-6.98064,-3.50089,-5.19565,-8.43942,-5.19565,-6.74095,-9.9268,-6.74095,-8.19118,-12.3967,-8.19118
K64D,0.3255,1,-0.715233,-4.4675,-0.715232,-3.18196,-6.00947,-3.18196,-9.34597,-11.7217,-9.34596,-10.8032,-14.0174,-10.8032
K64E,0.5475,1,-0.49039,-4.09583,-0.490389,-2.34577,-5.48037,-2.34578,-7.43958,-9.89747,-7.43957,-8.4443,-11.6299,-8.44431
K64G,0.691,1,-0.686875,-4.21125,-0.686874,-3.87895,-6.72722,-3.87895,-6.58351,-9.30599,-6.5835,-7.60897,-10.8336,-7.60897
K64H,0.7675,1,-1.76321,-5.08598,-1.76321,-3.76215,-6.82085,-3.76216,-4.74089,-8.10569,-4.74088,-6.43836,-10.1928,-6.43836
K64V,0.819,1,-1.62069,-5.18844,-1.62069,-4.57216,-7.65412,-4.57216,-7.60666,-10.1523,-7.60666,-8.44919,-11.9571,-8.44919
K64I,0.833667,1,-1.80173,-5.35113,-1.80173,-4.70412,-8.01851,-4.70412,-7.93827,-10.5304,-7.93827,-8.91217,-12.4621,-8.91217
K64M,0.843,1,-2.02986,-5.56931,-2.02986,-4.08015,-7.35897,-4.08014,-6.81798,-9.62395,-6.81797,-7.91503,-11.2026,-7.91503
K64N,0.8475,1,-0.569894,-4.08327,-0.569895,-2.39012,-5.42053,-2.39012,-5.48908,-8.14929,-5.48907,-6.76657,-10.0899,-6.76657
K64P,0.35175,1,-1.31015,-5.18452,-1.31015,-9.68255,-12.061,-9.68255,-10.7512,-13.7056,-10.7512,-10.6049,-14.7046,-10.6048
K64Q,0.8615,1,-1.13055,-4.53411,-1.13055,-1.56537,-4.97985,-1.56537,-4.4865,-7.42665,-4.48649,-5.6229,-9.02756,-5.62291
K64R,0.829833,1,-0.423323,-3.76146,-0.423322,-1.07933,-4.16888,-1.07932,-0.615977,-3.92367,-0.61597,-0.165354,-3.758,-0.165353
K64S,0.688,1,-0.239655,-3.89923,-0.239656,-2.39143,-5.39152,-2.39143,-5.79674,-8.49165,-5.79674,-6.89558,-10.2735,-6.89559
K64L,0.796667,1,-1.26721,-4.82766,-1.26721,-2.71414,-6.23109,-2.71414,-6.66136,-9.46729,-6.66136,-7.51322,-10.8825,-7.51322
K64F,0.7255,1,-2.1086,-5.67976,-2.1086,-5.53383,-8.72241,-5.53384,-9.25562,-11.9935,-9.25562,-10.1118,-13.7231,-10.1118
K64W,0.773,1,-3.48364,-7.08308,-3.48364,-7.43837,-10.4903,-7.43837,-9.28623,-12.2793,-9.28622,-9.95799,-13.8518,-9.95799
G65W,0.174,1,-3.3436,-6.83736,-3.3436,-8.20676,-12.0085,-8.20676,-12.3487,-14.8407,-12.3487,-13.0316,-15.5538,-13.0316
G65V,0.93425,1,-0.281198,-3.45889,-0.281194,-6.54033,-10.4167,-6.54034,-9.1254,-11.5817,-9.12539,-11.592,-13.9679,-11.592
G65T,0.68675,1,-0.615226,-4.08246,-0.615224,-5.52484,-8.99056,-5.52485,-10.1136,-12.4139,-10.1136,-11.902,-14.1512,-11.902
G65S,0.905333,1,-0.428794,-3.83706,-0.428794,-3.39289,-6.70719,-3.39289,-6.67362,-9.36072,-6.67361,-8.20808,-10.9942,-8.20808
G65R,0.00133333,1,-0.104276,-3.33676,-0.104277,-6.00253,-9.6635,-6.00253,-10.9935,-13.4344,-10.9935,-12.3627,-15.6344,-12.3627
G65Q,0.0705,1,-0.821583,-4.10702,-0.821582,-6.34069,-9.84918,-6.34068,-12.3186,-14.2051,-12.3186,-13.7445,-16.2345,-13.7445
G65P,0.34525,1,-0.898772,-4.0162,-0.898769,-6.60648,-10.0758,-6.60648,-11.0138,-13.0064,-11.0138,-15.7306,-17.5695,-15.7306
G65N,0.092,1,-0.243306,-3.69758,-0.243308,-5.02389,-8.93779,-5.0239,-10.5668,-12.7082,-10.5668,-12.4442,-14.9694,-12.4442
G65M,0.634,1,-1.51221,-4.87962,-1.51221,-7.08093,-10.5107,-7.08093,-10.975,-13.3026,-10.975,-13.7589,-15.7521,-13.7589
G65L,0.144333,1,-0.653781,-3.79678,-0.653778,-6.89421,-10.5737,-6.89422,-11.9553,-14.0435,-11.9553,-13.6161,-15.5197,-13.6161
G65K,-0.115,1,0.169343,-3.05297,0.169343,-6.42063,-9.95319,-6.42063,-12.2063,-14.1659,-12.2063,-14.0562,-16.4274,-14.0562
G65I,0.176,1,-0.730501,-3.8935,-0.730499,-7.42779,-11.1989,-7.42779,-12.0397,-14.324,-12.0397,-14.6319,-16.5486,-14.6319
G65H,0.0435,1,-1.15936,-4.61905,-1.15936,-6.62684,-10.6072,-6.62684,-12.5484,-14.1396,-12.5484,-14.126,-16.4992,-14.126
G65F,0.1675,1,-1.74177,-5.11035,-1.74177,-7.31575,-11.0136,-7.31575,-12.1265,-14.2464,-12.1265,-14.4663,-16.2729,-14.4663
G65E,-0.0085,1,-0.397915,-3.78776,-0.397914,-5.80451,-9.44766,-5.80451,-10.6657,-12.826,-10.6657,-12.2902,-15.5239,-12.2902
G65D,0.0695,1,-0.453191,-3.84713,-0.453192,-5.12699,-9.43385,-5.12699,-10.5025,-12.7673,-10.5025,-11.8056,-14.5845,-11.8055
G65C,0.9165,1,-2.03319,-5.73526,-2.03319,-6.26965,-9.78274,-6.26965,-6.75995,-9.70397,-6.75995,-10.0878,-12.7864,-10.0878
G65A,0.935,1,-0.0762036,-3.39499,-0.0762017,-2.02531,-5.30845,-2.02532,-3.56143,-6.60299,-3.56142,-5.46134,-8.38352,-5.46134
G65Y,0.124,1,-1.28699,-4.81512,-1.28699,-7.30846,-11.2083,-7.30847,-12.66,-14.795,-12.66,-14.0517,-16.1018,-14.0517
R66W,0.502,1,-3.45073,-6.51549,-3.45073,-4.99652,-8.64154,-4.99652,-9.01643,-11.8371,-9.01643,-10.6728,-13.3745,-10.6728
R66V,0.81475,1,-1.09539,-4.40836,-1.09539,-1.90639,-5.72356,-1.90638,-6.54772,-9.81982,-6.54772,-10.9651,-13.0622,-10.9651
R66L,0.907667,1,-1.5638,-4.82799,-1.5638,-1.39402,-5.3128,-1.39401,-7.4089,-10.6446,-7.4089,-9.80797,-12.1584,-9.80797
R66A,0.3795,1,-1.32611,-4.65908,-1.32611,-3.18765,-6.48392,-3.18764,-6.47198,-9.65937,-6.47199,-11.0876,-13.269,-11.0876
R66C,0.7655,1,-3.41654,-6.711,-3.41654,-4.05465,-7.36796,-4.05465,-7.06161,-10.4141,-7.06161,-8.95357,-11.8331,-8.95357
R66D,0.035,1,-0.830259,-4.15685,-0.830257,-5.92803,-9.18051,-5.92804,-8.54276,-11.2731,-8.54277,-13.5256,-15.578,-13.5256
R66E,0.003,1,-0.0898585,-3.41873,-0.0898576,-3.76985,-7.50026,-3.76985,-6.39597,-9.52413,-6.39597,-12.5118,-14.5877,-12.5118
R66F,0.7095,1,-2.30751,-5.427,-2.30751,-3.65129,-7.30361,-3.65129,-8.85051,-11.7806,-8.85051,-11.8989,-14.09,-11.8989
R66G,0.16175,1,-0.846431,-3.99421,-0.846425,-5.3978,-8.4414,-5.3978,-7.63645,-10.3801,-7.63646,-9.89524,-12.1557,-9.89524
R66H,0.2165,1,-1.76246,-5.04966,-1.76246,-3.51735,-6.90713,-3.51735,-4.80716,-8.08453,-4.80716,-7.87575,-10.3989,-7.87575
R66Y,0.6795,1,-1.8169,-5.06826,-1.8169,-3.45682,-7.1286,-3.45682,-7.829,-10.9429,-7.829,-10.8138,-13.189,-10.8138
R66K,0.881,1,0.517819,-3.00635,0.517819,-0.326305,-4.28937,-0.326305,-0.325362,-3.68822,-0.325366,-7.40021,-9.44566,-7.40021
R66M,0.784,1,-2.06371,-5.33256,-2.0637,-2.1422,-5.9813,-2.1422,-7.34599,-10.7342,-7.34599,-10.6467,-12.986,-10.6467
R66N,0.327,1,-0.839547,-4.18027,-0.839545,-3.93784,-7.23442,-3.93784,-5.58666,-8.48942,-5.58667,-10.4619,-12.7919,-10.4619
R66P,0.3595,1,-2.06873,-5.30752,-2.06872,-6.6905,-10.1926,-6.69049,-11.8464,-14.6553,-11.8464,-11.0173,-13.8478,-11.0173
R66Q,0.1825,1,-1.00001,-4.3941,-1.00001,-2.38484,-6.0771,-2.38484,-5.1329,-8.42318,-5.13291,-9.14117,-11.6629,-9.14117
R66S,0.353,1,-0.750724,-4.07144,-0.750722,-3.18072,-6.4767,-3.18072,-5.59345,-8.68954,-5.59346,-9.35417,-11.6609,-9.35417
R66T,0.77725,1,-0.30176,-3.78953,-0.301759,-2.65917,-6.35119,-2.65917,-5.54907,-8.73184,-5.54907,-10.6627,-12.9664,-10.6627
R66I,0.888,1,-1.49728,-4.78556,-1.49728,-1.64793,-5.60291,-1.64793,-7.307,-10.5288,-7.30699,-10.581,-12.7822,-10.581
I67S,0.356167,1,-0.651732,-3.92149,-0.651735,-5.32345,-7.71165,-5.32345,-9.77053,-11.6226,-9.77053,-11.7072,-14.7596,-11.7072
I67R,0.0818333,1,-0.0678773,-3.40939,-0.0678813,-4.62905,-7.75828,-4.62904,-10.7067,-12.6139,-10.7067,-11.6482,-14.6756,-11.6482
I67Q,0.1055,1,-1.16388,-4.40331,-1.16389,-6.0649,-8.89176,-6.06489,-11.5895,-13.9997,-11.5895,-12.3351,-15.3651,-12.3351
I67P,-0.00875,1,-0.650702,-4.18858,-0.650706,-5.11114,-7.64133,-5.11115,-9.77781,-11.7989,-9.77782,-11.0051,-14.0318,-11.0051
I67N,0.1245,1,-0.983087,-4.1894,-0.983091,-7.20772,-9.79051,-7.20772,-10.9702,-12.6523,-10.9702,-10.9075,-14.457,-10.9075
I67M,0.985,1,-1.25389,-4.63473,-1.25389,-1.52976,-4.74177,-1.52976,-5.57333,-8.33646,-5.57334,-6.86959,-9.76481,-6.8696
I67L,0.9595,1,-0.131647,-3.53756,-0.131649,-0.732774,-3.92531,-0.732776,-4.12301,-7.00283,-4.12302,-4.52703,-7.56173,-4.52704
I67F,0.5385,1,-0.889452,-4.32612,-0.889453,-1.98405,-4.58819,-1.98407,-5.76339,-8.90745,-5.76339,-9.87602,-12.5828,-9.87603
I67H,0.039,1,-1.72278,-5.01273,-1.72278,-5.85057,-8.45205,-5.85058,-10.9863,-13.2473,-10.9863,-13.2077,-16.3093,-13.2077
I67G,0.2655,1,-0.407683,-3.69633,-0.407683,-5.32483,-7.71454,-5.32483,-11.6943,-12.984,-11.6943,-12.9683,-15.5893,-12.9683
I67E,-0.0445,1,-0.653144,-3.8861,-0.653146,-7.67349,-9.96812,-7.67349,-12.6059,-13.8703,-12.6059,-12.5332,-15.7251,-12.5332
I67D,-0.0265,1,-1.27981,-4.49606,-1.27981,-9.08295,-11.1923,-9.08296,-14.3754,-15.1593,-14.3754,-12.5931,-15.6394,-12.5931
I67C,0.9585,1,-2.66905,-5.89585,-2.66905,-4.30718,-6.8482,-4.30718,-7.97586,-10.3673,-7.97587,-11.4695,-14.262,-11.4695
I67A,0.98075,1,-0.377956,-3.62736,-0.377957,-2.20275,-4.63308,-2.20275,-7.7769,-9.8853,-7.77691,-11.419,-14.4063,-11.419
I67T,0.95725,1,-0.584981,-3.84166,-0.584984,-4.00845,-6.49477,-4.00845,-7.49116,-9.71298,-7.49116,-9.62068,-12.9034,-9.6207
I67K,0.144,1,0.222182,-3.10752,0.222176,-4.74727,-8.00092,-4.74726,-11.2553,-13.0896,-11.2553,-12.0093,-15.2532,-12.0093
I67W,-0.099,1,-2.40835,-5.87395,-2.40835,-1.86826,-4.03906,-1.86831,-9.64682,-12.6907,-9.64682,-14.3132,-16.4255,-14.3132
I67V,0.96925,1,0.261698,-3.16361,0.261698,-0.459515,-3.49446,-0.459517,-2.79687,-5.79211,-2.79687,-4.05704,-7.34244,-4.05705
I67Y,0.111,1,-0.983507,-4.34527,-0.983509,-2.11589,-4.55895,-2.11592,-9.64134,-11.8362,-9.64134,-13.0105,-15.5766,-13.0105
V68E,0.938,1,-0.438728,-3.83112,-0.438729,-3.19563,-6.55429,-3.19563,-6.36589,-9.59982,-6.36589,-7.8299,-11.6298,-7.8299
V68A,0.92825,1,-1.24317,-4.56075,-1.24317,-1.97084,-5.45922,-1.97084,-2.18101,-5.58261,-2.18101,-2.67036,-6.62658,-2.67037
V68D,0.866,1,-1.37691,-4.6471,-1.37692,-4.82675,-8.17499,-4.82675,-7.13407,-10.2113,-7.13406,-7.959,-12.3948,-7.95901
V68Y,0.95,1,-1.30921,-4.71214,-1.30921,-3.25529,-6.63864,-3.25529,-7.73209,-10.8487,-7.7321,-9.23301,-13.67,-9.23302
V68W,0.976,1,-2.91353,-6.45452,-2.91353,-5.28637,-8.5613,-5.28637,-10.003,-13.2304,-10.003,-11.5966,-15.8425,-11.5966
V68T,0.9565,1,-0.134177,-3.66593,-0.134175,-1.51263,-5.22598,-1.51263,0.173179,-3.44382,0.173186,0.899321,-2.98571,0.89932
V68S,0.956167,1,-0.466037,-3.93824,-0.466037,-2.33275,-5.88788,-2.33275,-2.8805,-6.43048,-2.8805,-2.34941,-6.35843,-2.34942
V68R,0.984,1,-0.144421,-3.6464,-0.144421,0.0404747,-3.90452,0.0404704,-3.78783,-7.20188,-3.78783,-5.43061,-9.08877,-5.43062
V68Q,0.952,1,-1.50507,-4.91292,-1.50507,-2.51492,-6.07915,-2.51492,-5.96442,-9.49752,-5.96442,-6.53078,-10.3395,-6.53078
V68C,0.9665,1,-3.21043,-6.66701,-3.21043,-3.53054,-7.19183,-3.53054,-4.39472,-7.72293,-4.39472,-5.18693,-9.13898,-5.18693
V68N,0.948,1,-1.4143,-4.85645,-1.4143,-2.98099,-6.51548,-2.98099,-4.97307,-8.48628,-4.97307,-3.94435,-8.327,-3.94436
V68P,0.70975,1,-1.83573,-5.41194,-1.83573,-8.06068,-11.1569,-8.06068,-10.3042,-13.4322,-10.3042,-9.678,-13.2961,-9.67801
V68G,0.936,1,-1.15349,-4.37932,-1.15349,-4.00327,-7.28202,-4.00327,-5.98595,-9.45373,-5.98595,-5.54615,-9.47557,-5.54616
V68H,0.9415,1,-1.67529,-5.08126,-1.67529,-2.45938,-6.02034,-2.45938,-6.70395,-9.90113,-6.70395,-7.82927,-12.1012,-7.82928
V68F,0.9935,1,-1.61871,-5.10311,-1.61872,-3.39748,-6.66961,-3.39748,-7.15734,-10.4423,-7.15734,-8.1392,-12.5006,-8.13921
V68K,0.9765,1,-0.253896,-3.77359,-0.253896,-0.698206,-4.48054,-0.698208,-3.37783,-7.01373,-3.37783,-4.78592,-8.48572,-4.78592
V68L,0.982333,1,-0.584887,-3.92818,-0.584889,-1.10069,-4.51808,-1.10069,-3.44146,-6.85568,-3.44146,-3.99757,-8.09686,-3.99757
V68M,0.964,1,-1.98789,-5.36954,-1.98789,-3.13049,-6.40574,-3.13049,-4.27283,-7.58362,-4.27284,-4.20351,-8.16686,-4.20351
V68I,0.977,1,-0.135704,-3.57015,-0.135705,-0.157965,-3.55198,-0.157963,-0.840086,-4.62801,-0.840087,-1.0892,-4.88786,-1.08921
F69A,0.82425,1,0.4903,-2.61208,0.490299,-5.48931,-8.91273,-5.4893,-2.79584,-4.93554,-2.79584,-8.7399,-12.5718,-8.7399
F69Y,0.9935,1,0.0235269,-3.24914,0.0235267,-2.56504,-5.54396,-2.56504,0.952252,-2.10535,0.952254,-1.4261,-6.39336,-1.42611
F69C,0.807,1,-1.68004,-4.8858,-1.68004,-5.7943,-9.21948,-5.7943,-4.3213,-7.03181,-4.3213,-7.58388,-12.0931,-7.58387
F69D,0.4165,1,0.196484,-3.12793,0.196483,-7.54945,-10.3878,-7.54945,-6.11015,-8.57516,-6.11016,-11.6475,-15.0625,-11.6475
F69E,0.7675,1,1.22395,-2.07291,1.22395,-6.53756,-9.75575,-6.53755,-5.52166,-8.15005,-5.52167,-11.824,-15.3367,-11.824
F69G,0.75275,1,0.833842,-2.4694,0.83384,-6.19928,-9.953,-6.19928,-3.46377,-5.55151,-3.46378,-9.57731,-13.1004,-9.5773
F69H,0.9235,1,-0.125945,-3.3963,-0.125945,-5.602,-8.6732,-5.602,-1.25584,-3.84095,-1.25584,-5.10327,-9.8288,-5.10327
F69I,0.944,1,0.865602,-2.36432,0.865602,-3.50654,-6.92078,-3.50653,-5.65383,-7.91698,-5.65383,-8.72798,-12.4488,-8.72797
F69P,0.15425,1,0.495985,-2.78664,0.495983,-6.63531,-9.91044,-6.6353,-6.84589,-9.25244,-6.84589,-12.2297,-15.2976,-12.2297
F69L,0.909833,1,0.879419,-2.37196,0.879419,-2.62924,-5.71005,-2.62923,-4.47195,-6.89131,-4.47195,-6.61975,-10.2327,-6.61974
F69M,0.837,1,-0.301056,-3.48403,-0.301055,-4.23603,-7.55302,-4.23602,-4.3813,-6.66791,-4.3813,-7.5435,-11.1825,-7.5435
F69N,0.788,1,0.250982,-3.0037,0.250981,-6.4347,-9.68428,-6.43469,-2.97659,-5.15736,-2.97659,-8.73161,-12.7226,-8.73161
F69Q,0.8515,1,0.309339,-2.84516,0.309339,-6.37635,-9.74722,-6.37634,-3.50665,-5.90816,-3.50665,-9.29644,-13.1317,-9.29643
F69R,0.933,1,1.92258,-1.28381,1.92258,-5.24674,-8.64576,-5.24673,-2.26975,-4.41038,-2.26975,-7.96488,-11.429,-7.96487
F69S,0.82,1,0.925058,-2.32861,0.925057,-5.51305,-9.00529,-5.51305,-0.361739,-2.34361,-0.36174,-7.81533,-11.9501,-7.81533
F69T,0.86475,1,0.665938,-2.59058,0.665938,-5.9139,-9.27098,-5.9139,-3.46173,-5.75279,-3.46173,-8.91073,-12.6066,-8.91073
F69V,0.926,1,0.998791,-2.16208,0.99879,-4.15413,-7.50528,-4.15412,-5.10286,-7.32469,-5.10286,-8.16049,-11.8802,-8.16049
F69K,0.934,1,2.03347,-1.21199,2.03347,-5.3615,-8.68986,-5.36149,-2.91578,-5.12255,-2.91578,-9.68318,-13.259,-9.68318
F69W,0.879,1,-1.31904,-4.73356,-1.31904,-4.36244,-6.90765,-4.36244,-2.43882,-5.27745,-2.43881,-5.58085,-9.40466,-5.58085
R70E,0.149,1,0.0924037,-3.35653,0.0924039,-0.979243,-4.80149,-0.979244,-9.41554,-12.2092,-9.41555,-12.0433,-14.4719,-12.0433
R70A,0.65275,1,-0.471255,-3.97136,-0.471257,-0.504685,-4.05327,-0.50468,-8.87917,-11.8929,-8.87918,-9.52866,-11.7857,-9.52867
R70F,0.2945,1,-1.4931,-4.79986,-1.4931,-2.44877,-6.17411,-2.44877,-9.10342,-11.5674,-9.10343,-11.2979,-13.929,-11.2979
R70G,0.51225,1,-0.443412,-3.88211,-0.443414,-2.0174,-5.39015,-2.0174,-9.44205,-12.3773,-9.44205,-8.53173,-11.2503,-8.53174
R70H,0.1375,1,-1.40298,-4.84477,-1.40298,-1.80786,-5.52125,-1.80786,-6.01031,-9.06478,-6.01031,-7.78395,-10.9255,-7.78395
R70I,0.474333,1,0.0307713,-3.47871,0.0307684,-0.348077,-4.16907,-0.348075,-8.6852,-11.2054,-8.68521,-8.81741,-10.6507,-8.81742
R70K,0.6205,1,0.325217,-3.08888,0.325217,0.282842,-3.35657,0.282842,-3.76277,-7.04085,-3.76278,-4.89718,-7.76419,-4.89719
R70L,0.630333,1,-0.277223,-3.70319,-0.277225,-0.519822,-4.11581,-0.51982,-8.45304,-10.9482,-8.45305,-8.77614,-11.071,-8.77614
R70M,0.516,1,-1.6818,-5.11405,-1.6818,-2.10986,-5.81831,-2.10986,-9.12411,-11.856,-9.12412,-8.9398,-11.0428,-8.93981
R70D,0.2985,1,-0.820952,-4.14759,-0.820952,-2.69163,-6.28697,-2.69163,-10.2613,-12.7396,-10.2613,-13.8652,-15.9213,-13.8652
R70P,0.10975,1,-0.959804,-4.18972,-0.959806,-3.52635,-7.18355,-3.52635,-8.4531,-11.1988,-8.4531,-10.3724,-13.8305,-10.3724
R70Q,0.2975,1,-0.909542,-4.32535,-0.909542,-1.12443,-4.88517,-1.12443,-6.91156,-10.1474,-6.91157,-8.41368,-11.2301,-8.41369
R70S,0.549667,1,-0.156836,-3.58683,-0.156837,-0.45346,-3.99972,-0.453459,-7.30085,-10.3017,-7.30086,-8.40033,-11.0647,-8.40033
R70T,0.56675,1,-0.248605,-3.76,-0.248605,-0.251221,-4.02213,-0.251221,-7.52839,-10.7134,-7.5284,-9.15709,-11.5082,-9.1571
R70V,0.64025,1,0.327106,-3.2798,0.327104,-0.112438,-3.96379,-0.112436,-8.70034,-11.3912,-8.70036,-9.07953,-11.0683,-9.07954
R70W,0.254,1,-3.23267,-6.37461,-3.23267,-4.35832,-8.08849,-4.35832,-10.1546,-12.4445,-10.1546,-10.3982,-13.7037,-10.3982
R70Y,0.3735,1,-1.39405,-4.73733,-1.39405,-2.47222,-6.40247,-2.47222,-9.07877,-11.7497,-9.07877,-10.8243,-14.1129,-10.8243
R70N,0.755,1,-0.990661,-4.34873,-0.990661,-1.94359,-5.38177,-1.94359,-7.61078,-10.7578,-7.61079,-10.3211,-12.9102,-10.3211
R70C,0.598,1,-2.49172,-6.1661,-2.49172,-2.66658,-6.30597,-2.66658,-10.0289,-12.3576,-10.0289,-8.91533,-11.8487,-8.91533
S71W,1.012,1,-2.38811,-5.58019,-2.38811,-2.65075,-6.16633,-2.65075,-1.10315,-4.26033,-1.10315,-3.34661,-6.45463,-3.34662
S71D,0.985,1,-0.312131,-3.49334,-0.312131,-0.977612,-4.38164,-0.977615,-2.93636,-5.84663,-2.93635,-1.6222,-4.85794,-1.6222
S71E,0.959,1,0.539663,-2.91649,0.539663,0.0579219,-3.48279,0.0579195,-2.49237,-5.3162,-2.49236,-1.60425,-4.26848,-1.60425
S71F,0.975,1,-1.27566,-4.34829,-1.27566,-2.00893,-5.65585,-2.00893,2.06898,-0.614826,2.06898,0.111299,-3.01096,0.111289
S71G,0.99575,1,0.0821238,-3.14672,0.0821238,-0.354186,-3.7544,-0.354187,-2.12131,-5.13003,-2.12131,-1.60038,-4.64193,-1.60037
S71H,0.993,1,-1.01059,-4.33816,-1.01059,-1.02665,-4.63668,-1.02665,1.45662,-2.18959,1.45662,1.57546,-1.96475,1.57546
S71I,0.978333,1,-0.339216,-3.58888,-0.339214,-0.0899863,-3.896,-0.089982,-1.66761,-4.64774,-1.66761,-2.62821,-4.85918,-2.62821
S71K,0.9895,1,1.91435,-1.68775,1.91435,1.60856,-1.9498,1.60856,-1.08052,-4.03965,-1.08052,-2.97392,-6.12515,-2.97391
S71L,0.988833,1,-0.027729,-3.2904,-0.0277269,-0.0350671,-3.74477,-0.0350652,-1.65333,-4.80724,-1.65333,-1.35582,-3.88834,-1.35581
S71M,0.998,1,-1.1137,-4.48528,-1.1137,-1.38063,-4.93836,-1.38062,-2.05517,-5.07098,-2.05517,-2.27599,-4.83988,-2.27598
S71N,0.9865,1,-0.055757,-3.43212,-0.055757,-0.105158,-3.72498,-0.105158,-0.453763,-3.67084,-0.453762,0.847521,-2.4913,0.847518
S71P,0.95425,1,-0.0775292,-3.55682,-0.0775304,-0.526419,-4.06814,-0.52642,-3.27495,-6.13479,-3.27495,-4.65498,-7.7359,-4.65498
S71Q,0.971,1,-0.268676,-3.78728,-0.268676,-0.230486,-3.78841,-0.230486,-0.915191,-4.01828,-0.915188,-1.20641,-4.14209,-1.2064
S71R,0.9955,1,1.45162,-2.0772,1.45162,1.02207,-2.61808,1.02207,-0.715797,-3.92319,-0.715798,-3.16565,-6.18633,-3.16565
S71T,0.98925,1,-0.356733,-3.81146,-0.356733,0.00368214,-3.65367,0.00368547,-1.24192,-4.21218,-1.24192,-1.18387,-4.07184,-1.18387
S71Y,0.9665,1,-1.0534,-4.36736,-1.0534,-1.74626,-5.36222,-1.74626,4.5053,1.58798,4.50531,1.63048,-1.695,1.63046
S71V,0.99075,1,-0.162775,-3.50081,-0.162774,0.308444,-3.36799,0.30845,-1.30128,-4.3006,-1.30128,-2.15544,-4.53164,-2.15544
S71C,1,1,-2.46291,-5.59604,-2.46291,-1.91255,-5.40197,-1.91255,-1.61509,-5.00717,-1.61509,-4.32525,-7.21612,-4.32525
S71A,0.98075,1,-0.278796,-3.66319,-0.278796,-0.318937,-3.81427,-0.318936,-1.38578,-4.3346,-1.38578,-0.0744784,-3.35556,-0.0744739
R72C,0.95,1,-2.7966,-6.27919,-2.7966,-2.02068,-5.46303,-2.02068,-5.27102,-9.89939,-5.27102,-6.49083,-9.8192,-6.49084
R72W,0.924,1,-2.6762,-6.0395,-2.6762,-3.25048,-6.35119,-3.25048,-7.30693,-11.4185,-7.30693,-8.03687,-11.1688,-8.03687
R72A,0.95325,1,-0.467968,-3.87389,-0.467969,0.66274,-2.74384,0.662742,-3.09463,-7.48477,-3.09463,-3.4848,-6.41259,-3.48481
R72E,0.8435,1,0.231726,-3.25572,0.231724,0.937656,-2.36238,0.937655,-4.113,-8.35687,-4.113,-4.99394,-7.87148,-4.99394
R72F,0.875,1,-1.2328,-4.69838,-1.23281,-1.98416,-5.33368,-1.98416,-5.31,-9.74498,-5.31,-6.45094,-9.54823,-6.45095
R72G,0.96375,1,-0.534878,-3.89567,-0.534879,0.552057,-2.87276,0.552057,-3.44762,-7.7283,-3.44762,-3.37372,-6.44984,-3.37372
R72H,0.925,1,-1.70994,-5.18905,-1.70994,-1.2102,-4.50225,-1.2102,-3.50926,-7.44867,-3.50926,-3.09433,-6.4063,-3.09433
R72I,0.836,1,-0.444211,-4.09018,-0.444214,-0.735617,-4.22902,-0.73562,-3.96343,-8.19585,-3.96343,-4.53752,-7.43184,-4.53753
R72K,0.918,1,0.756862,-2.85547,0.756861,0.530154,-2.73288,0.530152,0.606151,-3.64418,0.606144,1.02963,-2.45512,1.02963
R72L,0.884,1,-0.0201504,-3.67351,-0.020153,-0.478527,-3.94002,-0.478528,-3.69147,-7.97633,-3.69147,-4.17464,-7.06263,-4.17464
R72M,0.901,1,-1.57764,-5.1442,-1.57764,-2.01155,-5.42046,-2.01155,-4.87042,-9.39572,-4.87041,-4.98373,-8.08548,-4.98373
R72N,0.891,1,-0.637301,-4.20037,-0.637303,0.00815606,-3.32045,0.00815463,-3.06496,-7.49332,-3.06497,-2.46862,-5.66581,-2.46862
R72P,0.9095,1,-1.51628,-5.05357,-1.51628,-0.452399,-3.72702,-0.452402,-5.11496,-9.29435,-5.11497,-5.45834,-8.56167,-5.45834
R72Q,0.925,1,-0.858334,-4.33345,-0.858336,-0.375703,-3.79272,-0.375704,-2.64502,-6.93097,-2.64503,-2.75503,-5.946,-2.75503
R72S,0.923333,1,-0.336619,-3.80027,-0.33662,0.463261,-2.92338,0.463261,-2.66502,-7.04949,-2.66502,-2.89012,-5.97669,-2.89012
R72T,0.911,1,-1.36937,-4.7947,-1.36937,-0.624225,-3.98056,-0.624226,-3.63025,-8.0075,-3.63025,-3.64637,-6.62529,-3.64638
R72V,0.90475,1,-0.480822,-4.05493,-0.480824,-0.156731,-3.61417,-0.156732,-3.5276,-7.87649,-3.52759,-3.92279,-6.72712,-3.92279
R72D,0.8535,1,-0.315765,-3.85616,-0.315767,0.652377,-2.55973,0.652377,-5.1969,-9.38918,-5.19691,-5.98688,-8.80856,-5.98688
R72Y,0.8625,1,-1.31404,-4.76292,-1.31404,-2.07825,-5.33906,-2.07825,-5.07875,-9.25083,-5.07875,-6.37572,-9.50352,-6.37573
