mutant,DMS_score,n_mut,ours_mm_8M,ours_wt_8M,proteingym_8M,ours_mm_35M,ours_wt_35M,proteingym_35M,ours_mm_150M,ours_wt_150M,proteingym_150M,ours_mm_650M,ours_wt_650M,proteingym_650M
A14D,-0.50722,1,-0.891353,-4.4638,-0.891354,-0.748028,-4.3861,-0.748029,-0.459146,-3.82486,-0.459145,-0.460033,-3.49372,-0.460027
A14E,-0.279639,1,0.142508,-3.3989,0.14251,-0.358381,-3.99379,-0.358383,-0.538408,-4.01874,-0.538407,-0.204492,-3.29945,-0.204487
A14F,-0.993912,1,-3.08767,-6.28268,-3.08767,-4.44275,-7.8779,-4.44275,-5.47727,-8.84229,-5.47727,-7.11432,-10.6504,-7.11432
A14G,-0.654058,1,-2.42759,-5.40385,-2.42759,-3.14319,-6.55605,-3.14319,-1.56288,-5.37032,-1.56288,-1.95275,-4.57943,-1.95275
A14H,-0.355978,1,-2.74916,-6.14866,-2.74916,-4.07022,-7.69422,-4.07022,-4.02379,-7.50949,-4.02379,-4.17148,-6.97659,-4.17148
A14I,-0.320777,1,-0.321901,-4.00372,-0.3219,-3.4339,-6.86591,-3.4339,-4.60076,-8.15416,-4.60076,-5.64445,-8.81182,-5.64445
A14K,-0.284184,1,0.0927982,-3.47513,0.0927999,-1.0302,-4.36763,-1.0302,-0.934365,-4.14222,-0.934365,-3.27278,-5.85115,-3.27277
A14L,-0.384548,1,-1.39893,-4.75123,-1.39893,-3.12636,-6.36596,-3.12636,-3.98522,-7.58937,-3.98522,-3.55627,-7.09111,-3.55628
A14M,-0.558196,1,-2.95989,-6.35486,-2.95989,-4.50296,-7.77613,-4.50296,-5.15577,-8.58411,-5.15577,-5.507,-8.54222,-5.507
A14N,-0.549294,1,-1.77129,-5.28707,-1.77129,-1.96318,-5.49761,-1.96318,-1.50285,-4.86838,-1.50285,-2.74693,-5.53533,-2.74693
A14P,-0.235336,1,-0.273232,-3.5683,-0.273233,0.210691,-3.27059,0.210693,1.0991,-2.87381,1.0991,1.30995,-1.44377,1.30995
A14Q,-0.443125,1,-1.27131,-4.71991,-1.27131,-2.18733,-5.66392,-2.18733,-1.28468,-4.77716,-1.28468,-1.0341,-3.8559,-1.0341
A14R,-0.494184,1,-1.47491,-4.81506,-1.47491,-3.46933,-6.96273,-3.46933,-3.35194,-6.67347,-3.35195,-4.69902,-7.1507,-4.69902
A14S,-0.299818,1,-0.441075,-3.94392,-0.441074,-0.174633,-3.85539,-0.174633,-0.00085187,-3.64005,-0.000855446,-1.12732,-4.09219,-1.12732
A14T,-0.4327,1,-0.779645,-4.30109,-0.779643,-1.51181,-4.88681,-1.51181,-1.60519,-5.0614,-1.6052,-2.26476,-5.31756,-2.26476
A14V,-0.273618,1,0.339424,-3.25211,0.339425,-2.83365,-6.21986,-2.83365,-3.27841,-6.68887,-3.27841,-3.60691,-6.43565,-3.60691
A14W,-0.554562,1,-4.20942,-7.27005,-4.20942,-5.55739,-9.20521,-5.55739,-7.03642,-10.246,-7.03641,-8.81289,-11.781,-8.8129
A14Y,-1.12356,1,-3.08021,-6.42023,-3.08021,-4.75939,-8.36551,-4.75939,-5.59401,-9.13672,-5.59402,-7.19851,-10.4653,-7.19851
A2D,-0.170804,1,-0.22085,-3.42571,-0.220849,-0.362911,-3.85975,-0.362911,-0.86017,-4.55508,-0.860171,-1.15673,-4.54142,-1.15673
A2E,-0.178855,1,0.521132,-2.78476,0.521133,-0.0509789,-3.58285,-0.0509782,-0.452759,-4.27753,-0.45276,-1.10957,-4.37993,-1.10957
A2F,-0.20993,1,-1.03252,-4.40052,-1.03252,-2.08502,-5.60263,-2.08502,-2.99948,-6.59592,-2.99948,-3.006,-7.15752,-3.006
A2G,-0.189772,1,0.113079,-2.97391,0.113079,-0.10388,-3.57933,-0.103879,-0.527364,-4.16024,-0.527364,0.137204,-3.63706,0.137204
A2H,-0.167469,1,-1.80845,-5.24801,-1.80845,-2.24963,-5.72606,-2.24963,-3.28624,-7.12102,-3.28624,-2.78881,-6.6334,-2.7888
A2I,-0.178452,1,-0.680198,-3.99832,-0.680199,-1.16719,-4.69462,-1.16719,-2.27484,-5.93717,-2.27484,-2.39148,-6.26816,-2.39148
A2K,-0.62222,1,0.968434,-2.37802,0.968432,-0.147211,-3.72631,-0.147211,-1.46034,-5.02858,-1.46034,-1.30869,-4.95711,-1.30869
A2L,-0.148244,1,-0.69712,-4.10561,-0.697123,-0.350154,-3.896,-0.350158,-1.87552,-5.64295,-1.87553,-1.70671,-5.54943,-1.70671
A2M,-0.142174,1,-1.39877,-4.55803,-1.39878,-2.13678,-5.49785,-2.13679,-2.43413,-6.23333,-2.43413,-2.63833,-5.81013,-2.63833
A2N,-0.148473,1,0.129963,-3.12179,0.129962,-0.564703,-4.18316,-0.564703,-1.45202,-5.08495,-1.45202,-1.23222,-5.01908,-1.23222
A2P,-0.288453,1,-1.16984,-4.70809,-1.16984,-0.653142,-4.02704,-0.653143,-1.38298,-5.04666,-1.38298,-1.02201,-4.74353,-1.02201
A2Q,-0.0672216,1,-0.217713,-3.44172,-0.217712,-0.738138,-4.14798,-0.738139,-1.60843,-5.21051,-1.60843,-1.38199,-4.99498,-1.38199
A2R,-0.55565,1,-0.57788,-3.9889,-0.57788,-1.20062,-4.62748,-1.20062,-2.37819,-6.03632,-2.37819,-1.50437,-5.26769,-1.50437
A2S,-0.145587,1,0.0361915,-3.15061,0.036191,0.0481224,-3.37841,0.0481226,-0.171274,-3.53008,-0.171274,0.125128,-3.39624,0.125128
A2T,-0.174501,1,0.125081,-3.08528,0.125082,-0.258967,-3.66069,-0.258967,-0.711296,-4.21454,-0.711296,-0.430874,-3.8853,-0.430872
A2V,-0.165855,1,-0.55006,-3.83959,-0.550059,-0.752777,-4.16684,-0.752778,-1.27996,-4.91833,-1.27996,-1.17498,-4.839,-1.17497
A2W,-0.429018,1,-1.32972,-4.68899,-1.32972,-3.60361,-7.03322,-3.60361,-4.44288,-8.18025,-4.44288,-4.20356,-8.50215,-4.20356
A2Y,-0.321681,1,-0.827862,-4.09889,-0.827863,-2.43166,-5.93592,-2.43166,-3.25412,-6.97735,-3.25412,-3.2363,-7.44225,-3.2363
A4D,-0.284641,1,-0.356286,-3.72228,-0.356289,-0.452795,-3.71394,-0.452795,-0.900424,-4.25736,-0.900425,-1.75063,-4.96897,-1.75063
A4E,-0.247572,1,0.176722,-3.21432,0.176721,-0.100269,-3.49042,-0.100269,-0.519978,-3.94129,-0.519979,-1.45364,-4.56849,-1.45364
A4F,-0.457877,1,-0.878307,-4.22373,-0.878309,-2.37096,-6.01485,-2.37096,-3.29524,-6.38628,-3.29524,-4.39108,-7.90113,-4.39108
A4G,-0.239432,1,-0.385153,-3.52436,-0.385155,-0.457736,-3.81799,-0.457735,-0.217906,-3.70524,-0.217907,-0.179208,-3.71788,-0.179207
A4H,-0.152287,1,-1.67021,-5.12997,-1.67021,-2.3603,-5.86754,-2.3603,-2.97966,-6.38542,-2.97966,-3.51849,-6.92573,-3.51849
A4I,-0.129917,1,-0.129431,-3.64553,-0.129434,-1.21178,-4.88779,-1.21178,-2.08029,-5.36474,-2.08029,-2.94791,-6.54206,-2.94792
A4K,-0.549315,1,0.768664,-2.75945,0.768662,-0.499037,-4.07473,-0.499038,-1.35676,-4.58643,-1.35676,-1.37305,-4.89559,-1.37305
A4L,-0.213964,1,0.0106552,-3.49841,0.010653,-0.397163,-4.05132,-0.397161,-1.50009,-4.73149,-1.50009,-2.30377,-5.71561,-2.30377
A4M,-0.2019,1,-0.853811,-4.14397,-0.853816,-2.33558,-5.76223,-2.33558,-2.93797,-6.32169,-2.93797,-2.21106,-5.53394,-2.21107
A4N,-0.234894,1,-0.468325,-3.87931,-0.468328,-0.888813,-4.38074,-0.888813,-1.51337,-4.91735,-1.51337,-1.73551,-5.39853,-1.73551
A4P,-0.193554,1,0.425062,-2.98019,0.425063,-0.0618725,-3.68947,-0.0618725,-0.849111,-4.30635,-0.849111,-0.289099,-3.8303,-0.289101
A4Q,-0.136942,1,-0.350905,-3.7903,-0.350907,-0.818346,-4.26971,-0.818347,-1.2262,-4.6034,-1.2262,-1.46526,-4.86938,-1.46526
A4R,-0.632008,1,-0.561798,-3.99514,-0.561801,-1.77463,-5.31715,-1.77463,-2.42254,-5.73887,-2.42254,-2.0899,-5.55259,-2.0899
A4S,-0.112579,1,-0.12446,-3.41795,-0.124462,-0.393019,-3.82117,-0.39302,-0.491401,-3.85814,-0.491401,-0.357578,-3.8637,-0.357577
A4T,-0.0974657,1,0.144604,-3.18411,0.144602,-0.39168,-3.74688,-0.391681,-0.539269,-3.95112,-0.539269,-0.85582,-4.28711,-0.85582
A4V,-0.0209713,1,0.110753,-3.37488,0.11075,-0.569407,-4.1765,-0.569407,-0.9269,-4.35762,-0.926901,-1.40573,-4.77089,-1.40573
A4W,-0.209646,1,-0.98767,-4.03056,-0.987671,-3.95534,-7.50563,-3.95534,-5.01105,-7.82043,-5.01105,-6.58875,-9.99559,-6.58875
A4Y,-0.812242,1,-0.572598,-3.89612,-0.572599,-2.66033,-6.31056,-2.66033,-3.50214,-6.62693,-3.50214,-4.69974,-8.15426,-4.69975
D15A,-0.685807,1,-2.04657,-5.03602,-2.04658,-2.37864,-5.64989,-2.37864,-2.9826,-6.42283,-2.9826,-3.98529,-7.19486,-3.9853
D15C,-0.119789,1,-6.12852,-9.70975,-6.12852,-7.51879,-9.94629,-7.51879,-8.24924,-11.3498,-8.24924,-9.83477,-13.3651,-9.83476
D15E,-0.509683,1,-1.52997,-4.42193,-1.52998,-0.215975,-3.98691,-0.21597,-0.644911,-4.30061,-0.64491,0.315725,-2.97817,0.315721
D15F,-0.926976,1,-4.68966,-8.10343,-4.68966,-6.19458,-9.0808,-6.19457,-7.37593,-10.6928,-7.37594,-9.55499,-12.714,-9.55499
D15G,-0.679193,1,-1.95438,-5.15756,-1.95439,-3.54395,-6.35432,-3.54395,-3.0132,-6.49392,-3.0132,-3.81881,-7.28455,-3.81881
D15H,-1.0204,1,-4.10164,-7.6132,-4.10165,-4.98611,-8.18171,-4.9861,-5.97259,-9.53709,-5.97259,-6.72658,-10.2345,-6.72658
D15I,-1.64881,1,-4.63789,-7.74267,-4.63789,-6.46041,-9.04843,-6.4604,-8.09585,-11.2375,-8.09586,-10.0456,-13.1784,-10.0456
D15K,-0.973,1,-2.08842,-5.4536,-2.08842,-3.23429,-6.60002,-3.23428,-3.592,-6.97574,-3.592,-5.93509,-9.01245,-5.9351
D15L,-1.121,1,-3.897,-7.07712,-3.897,-4.73972,-7.67121,-4.73972,-6.43893,-9.68528,-6.43893,-8.69624,-11.6257,-8.69624
D15M,-1.01826,1,-5.1158,-8.50454,-5.11581,-6.07944,-8.92937,-6.07943,-7.26803,-10.5016,-7.26803,-10.0479,-13.2653,-10.0479
D15N,-0.573542,1,-0.705039,-4.3363,-0.705041,-2.78877,-5.84589,-2.78877,-3.44303,-6.77341,-3.44303,-4.46261,-7.91607,-4.46262
D15P,-2.38763,1,-5.51933,-8.71649,-5.51933,-7.0376,-9.2123,-7.0376,-8.5853,-11.4893,-8.5853,-10.3025,-13.193,-10.3025
D15Q,-0.672725,1,-2.65531,-5.77286,-2.65531,-2.63561,-6.04268,-2.6356,-3.03328,-6.73716,-3.03328,-4.09087,-7.46793,-4.09089
D15R,-1.21629,1,-3.72844,-7.171,-3.72844,-5.20187,-8.12299,-5.20186,-5.46403,-8.80795,-5.46403,-8.14924,-10.9649,-8.14925
D15S,-0.462215,1,-1.04225,-4.28623,-1.04225,-2.13676,-5.28973,-2.13675,-2.11387,-5.40865,-2.11387,-4.51239,-8.12483,-4.5124
D15T,-0.56122,1,-1.46834,-4.55496,-1.46835,-3.02346,-6.06698,-3.02346,-3.32084,-6.69183,-3.32084,-5.80242,-9.35992,-5.80243
D15V,-1.61037,1,-3.68202,-6.65914,-3.68202,-5.58146,-8.35727,-5.58145,-6.59518,-9.83109,-6.59518,-7.70617,-10.8539,-7.70618
D15W,-0.804418,1,-6.21173,-9.62078,-6.21173,-8.30528,-11.2634,-8.30527,-8.59101,-11.7926,-8.59102,-10.7196,-13.9997,-10.7196
D15Y,-0.791568,1,-4.25094,-7.72819,-4.25094,-6.37901,-9.36478,-6.379,-7.12811,-10.5019,-7.12811,-8.03232,-11.2692,-8.03232
E10A,-0.465668,1,-0.823963,-4.0707,-0.823963,-2.93285,-5.96687,-2.93284,-4.062,-7.24504,-4.062,-3.27882,-6.12165,-3.27883
E10D,-1.82496,1,-1.87344,-5.59688,-1.87344,-4.60235,-7.29667,-4.60235,-6.36794,-9.12993,-6.36795,-4.8789,-8.50902,-4.8789
E10F,-1.13472,1,-1.87548,-3.86779,-1.87548,-7.24097,-10.4339,-7.24096,-10.34,-13.0303,-10.34,-10.611,-14.2989,-10.6111
E10G,-1.83098,1,-1.13398,-4.9864,-1.13398,-5.348,-8.22811,-5.34799,-7.91822,-10.7623,-7.91822,-6.92076,-9.97663,-6.92077
E10H,-1.37051,1,-2.43947,-5.10737,-2.43946,-5.93732,-9.75994,-5.93731,-9.2407,-12.324,-9.2407,-9.41483,-12.8721,-9.41483
E10I,-0.300843,1,-1.37645,-3.96504,-1.37645,-6.10407,-8.89969,-6.10407,-7.4906,-10.6678,-7.4906,-8.40594,-11.6074,-8.40594
E10K,-1.02679,1,-0.116403,-3.59504,-0.116406,-4.51948,-7.29635,-4.51947,-6.51016,-9.74621,-6.51017,-6.13689,-9.6686,-6.1369
E10L,-0.883214,1,-1.70024,-4.67772,-1.70024,-5.52197,-8.63414,-5.52197,-7.56388,-10.4978,-7.56388,-9.02058,-12.1519,-9.02059
E10M,-0.449059,1,-2.86471,-5.86682,-2.86471,-6.10254,-9.18066,-6.10253,-7.81263,-10.9784,-7.81263,-7.91298,-10.9962,-7.91299
E10N,-1.7834,1,-1.8937,-5.37178,-1.8937,-6.70759,-9.68767,-6.70758,-7.77706,-10.8372,-7.77706,-8.3391,-11.5447,-8.33911
E10P,-0.990525,1,-1.62244,-5.63724,-1.62244,-4.55051,-7.22033,-4.5505,-6.23963,-9.73993,-6.23963,-5.70666,-8.82432,-5.70667
E10Q,-0.578943,1,-1.06206,-4.52156,-1.06206,-3.31462,-6.18983,-3.31461,-3.90521,-7.4672,-3.90521,-4.36876,-7.7058,-4.36876
E10R,-1.26984,1,-1.67302,-5.06277,-1.67302,-6.46115,-9.69645,-6.46114,-8.23083,-11.4664,-8.23084,-8.1915,-11.3899,-8.19151
E10S,-0.937949,1,-0.805853,-4.3883,-0.805851,-4.16551,-7.29226,-4.1655,-4.68366,-8.07254,-4.68365,-5.14263,-7.94256,-5.14264
E10T,-0.501848,1,-0.29721,-3.33032,-0.29721,-3.92182,-7.04771,-3.92182,-5.02179,-8.42513,-5.02179,-5.88079,-8.69049,-5.8808
E10V,-0.228294,1,-0.635688,-3.22171,-0.635691,-4.52858,-7.29259,-4.52858,-5.76368,-9.13916,-5.76368,-6.48976,-9.66569,-6.48976
E10W,-0.857924,1,-1.7261,-4.32866,-1.7261,-8.63781,-11.5338,-8.6378,-11.2113,-13.779,-11.2113,-11.7021,-15.211,-11.7021
E10Y,-1.22111,1,-0.18756,-1.47964,-0.187559,-6.82636,-9.9708,-6.82635,-10.3544,-13.2757,-10.3544,-9.87669,-13.4568,-9.8767
E27A,-0.804166,1,-2.13201,-5.39465,-2.13202,-1.91115,-5.31678,-1.91116,-1.68901,-4.14304,-1.689,-1.46904,-4.38656,-1.46904
E27C,-0.354978,1,-6.65804,-10.1735,-6.65804,-5.61727,-9.05155,-5.61727,-6.50033,-8.95746,-6.50032,-6.40751,-8.97461,-6.40751
E27D,-1.12857,1,-2.84301,-5.9573,-2.84301,-3.84392,-7.02036,-3.84392,-3.65674,-6.26534,-3.65674,-4.44385,-7.74764,-4.44386
E27F,-1.12922,1,-5.904,-9.49738,-5.904,-6.42187,-9.80844,-6.42188,-6.54311,-8.89796,-6.5431,-6.34724,-8.89949,-6.34724
E27G,-1.52715,1,-5.10136,-8.98173,-5.10137,-4.94542,-8.55239,-4.94543,-5.91512,-8.37347,-5.91511,-5.53403,-8.58186,-5.53403
E27H,-1.08546,1,-5.09403,-8.59255,-5.09403,-4.97244,-8.30392,-4.97245,-4.4006,-6.77464,-4.40059,-4.05616,-6.75343,-4.05616
E27I,-0.707405,1,-3.0038,-6.34359,-3.0038,-3.55493,-6.93773,-3.55494,-3.47412,-6.1403,-3.47412,-3.42068,-6.02869,-3.42068
E27K,-0.592648,1,-1.16473,-4.35005,-1.16473,-1.18368,-4.42884,-1.18368,-1.91694,-3.39301,-1.91693,-2.34704,-4.63281,-2.34704
E27L,-0.384854,1,-3.42657,-6.91995,-3.42657,-3.80209,-7.09682,-3.80209,-3.99905,-6.41834,-3.99904,-2.90253,-5.56748,-2.90253
E27M,-0.469572,1,-4.66863,-8.12931,-4.66863,-4.22622,-7.54731,-4.22622,-3.85069,-6.55235,-3.85068,-4.08015,-6.74372,-4.08015
E27N,-0.991501,1,-3.72351,-6.74962,-3.72351,-4.32076,-7.78791,-4.32077,-3.89351,-6.37045,-3.8935,-5.05007,-7.71704,-5.05007
E27P,-2.36305,1,-7.4346,-11.7381,-7.43461,-6.41293,-10.245,-6.41294,-10.648,-12.8146,-10.648,-7.1572,-9.47176,-7.1572
E27Q,-0.248951,1,-1.56144,-4.84764,-1.56145,-0.773597,-4.18037,-0.773598,-0.499377,-3.01822,-0.499367,0.851084,-2.11982,0.851084
E27R,-0.976239,1,-3.66442,-7.25328,-3.66443,-3.11002,-6.37687,-3.11003,-4.00124,-6.15139,-4.00123,-3.4687,-5.95885,-3.4687
E27S,-0.920523,1,-3.85393,-7.26725,-3.85393,-2.98082,-6.45452,-2.98082,-3.21037,-5.86906,-3.21035,-4.15577,-6.91502,-4.15577
E27T,-0.724488,1,-2.918,-6.16674,-2.91801,-1.88712,-5.35925,-1.88712,-1.4406,-4.459,-1.44059,-1.99502,-4.80959,-1.99502
E27V,-0.570277,1,-2.34029,-5.69296,-2.34029,-2.08274,-5.19337,-2.08275,-0.822892,-3.69252,-0.822885,-0.42512,-3.00575,-0.42512
E27W,-1.575,1,-7.27921,-11.3668,-7.27921,-8.26476,-11.7158,-8.26476,-8.37202,-9.97746,-8.37201,-8.85693,-11.6711,-8.85693
E27Y,-1.08993,1,-5.56012,-9.06773,-5.56012,-6.505,-9.80645,-6.505,-6.54411,-8.64832,-6.5441,-6.75758,-9.59858,-6.75758
E31A,-0.816233,1,-2.01031,-5.8014,-2.01031,-2.67965,-5.7834,-2.67965,-4.81263,-8.0152,-4.81263,-4.37822,-7.28086,-4.37822
E31D,-0.331296,1,-0.904253,-4.41496,-0.904255,-0.941577,-4.29262,-0.941579,-1.2494,-4.41854,-1.2494,-0.872547,-3.98359,-0.872545
E31F,-0.592855,1,-3.84691,-8.06947,-3.84691,-4.871,-8.16153,-4.871,-7.40207,-10.4149,-7.40207,-7.48145,-10.1907,-7.48146
E31G,-1.26558,1,-3.05454,-6.91616,-3.05454,-4.86709,-8.26235,-4.86709,-6.32549,-9.70225,-6.32549,-6.38172,-9.23888,-6.38173
E31H,-0.594922,1,-3.57324,-7.55566,-3.57325,-4.08996,-7.30828,-4.08995,-5.04601,-8.62635,-5.04602,-4.97789,-7.3798,-4.97789
E31I,-0.263172,1,-1.78506,-5.67878,-1.78506,-2.82878,-5.76859,-2.82877,-4.15596,-7.68232,-4.15596,-4.67193,-7.32737,-4.67193
E31K,-0.866009,1,-0.928688,-5.08694,-0.928693,-2.50908,-5.53923,-2.50907,-4.35193,-7.623,-4.35193,-5.93246,-8.73653,-5.93246
E31L,-0.556758,1,-2.42319,-6.39668,-2.4232,-3.72769,-7.27752,-3.72769,-5.47971,-8.58142,-5.47971,-5.29226,-7.69148,-5.29226
E31M,-0.758918,1,-3.23803,-7.21582,-3.23803,-4.52335,-7.97327,-4.52334,-6.28937,-9.50513,-6.28937,-6.4674,-8.94371,-6.4674
E31N,-0.738266,1,-2.35265,-5.85636,-2.35265,-2.5944,-5.9552,-2.59439,-4.00558,-7.09553,-4.00558,-4.00781,-6.23545,-4.0078
E31P,-1.95097,1,-3.06104,-6.60585,-3.06104,-6.6318,-9.60264,-6.6318,-8.18721,-11.2492,-8.18721,-11.3018,-13.8809,-11.3018
E31Q,-0.563596,1,-1.95473,-5.70295,-1.95473,-2.5979,-5.91671,-2.5979,-3.26436,-6.8336,-3.26436,-3.66661,-6.57946,-3.66662
E31R,-0.926002,1,-2.91882,-7.02055,-2.91883,-3.96594,-7.31324,-3.96593,-5.97566,-9.25831,-5.97566,-7.30171,-9.85297,-7.30171
E31S,-0.802353,1,-1.68487,-5.48712,-1.68487,-1.81762,-5.19947,-1.81761,-4.1632,-7.32126,-4.1632,-3.92426,-6.58428,-3.92426
E31T,-0.359014,1,-0.936075,-4.6906,-0.93608,-0.460575,-3.8546,-0.460572,-1.53142,-4.88156,-1.53142,-1.98141,-4.92584,-1.98141
E31V,-0.253353,1,-1.53897,-5.17764,-1.53897,-1.91237,-4.68699,-1.91236,-3.36773,-6.91129,-3.36773,-3.92483,-6.74639,-3.92483
E31W,-0.916111,1,-5.19727,-9.187,-5.19727,-7.03319,-10.4413,-7.03318,-9.0553,-12.0247,-9.05531,-8.57202,-11.2598,-8.57203
E31Y,-0.676985,1,-2.99569,-7.10849,-2.99568,-4.71061,-7.94515,-4.7106,-6.92142,-9.98722,-6.92142,-6.88384,-9.20891,-6.88385
E35A,-0.352131,1,-0.304136,-3.74124,-0.304136,-1.10499,-4.23407,-1.10498,-2.26933,-4.78237,-2.26933,-2.58678,-5.59296,-2.58679
E35C,0.0948781,1,-4.40584,-8.249,-4.40584,-3.91814,-7.11279,-3.91814,-4.65429,-6.8118,-4.6543,-4.85511,-7.52504,-4.85511
E35D,-0.35629,1,-0.0228393,-3.47521,-0.0228381,0.0948653,-3.16956,0.0948658,-1.26237,-3.9935,-1.26237,-0.905788,-4.28777,-0.905785
E35F,-0.779984,1,-2.27335,-6.04804,-2.27335,-2.89459,-6.15668,-2.89459,-4.89463,-7.05117,-4.89464,-7.00498,-10.5082,-7.00499
E35G,-0.527329,1,-0.847008,-4.30411,-0.847006,0.543775,-2.62823,0.543779,-3.10033,-5.34993,-3.10033,-4.39917,-7.72669,-4.39917
E35H,-0.772805,1,-2.25835,-5.85644,-2.25835,-1.49799,-4.71567,-1.49799,-4.74446,-7.14526,-4.74446,-5.50538,-8.8664,-5.50538
E35I,-0.812743,1,-1.81777,-5.58024,-1.81777,-2.79963,-5.89626,-2.79962,-4.46134,-6.95688,-4.46134,-5.71477,-8.97398,-5.71478
E35K,-1.08529,1,-0.669791,-4.20226,-0.669789,-1.57402,-4.87379,-1.57402,-5.03324,-7.40556,-5.03324,-5.40727,-9.07612,-5.40728
E35L,-0.874902,1,-1.21161,-5.0039,-1.21161,-2.33989,-5.46859,-2.33988,-4.41987,-6.53451,-4.41987,-5.83105,-8.95609,-5.83106
E35M,-0.913118,1,-2.7527,-6.61015,-2.7527,-3.59029,-6.84043,-3.59028,-6.01967,-8.30637,-6.01968,-7.1142,-10.2273,-7.11421
E35N,-0.569396,1,-0.994027,-4.51818,-0.994025,-0.256897,-3.46685,-0.256895,-4.2465,-6.805,-4.2465,-5.89379,-9.05009,-5.89379
E35P,-0.86487,1,-1.21298,-4.88726,-1.21297,-1.40414,-4.45272,-1.40414,-4.88231,-6.74697,-4.88232,-5.97154,-8.73714,-5.97155
E35Q,-0.643371,1,-1.32776,-4.97248,-1.32776,-1.9004,-5.1163,-1.9004,-4.12138,-6.78339,-4.12138,-3.84356,-7.0111,-3.84357
E35R,-1.42652,1,-1.8846,-5.61571,-1.8846,-2.67823,-6.03733,-2.67823,-5.16373,-7.48943,-5.16373,-7.24865,-10.4618,-7.24866
E35S,-0.349255,1,-0.771029,-4.158,-0.771028,-0.55929,-3.87737,-0.559287,-3.29842,-5.70591,-3.29842,-5.02959,-7.945,-5.0296
E35T,-0.854608,1,-0.745844,-4.31313,-0.745843,-1.17364,-4.43811,-1.17364,-4.38501,-6.87878,-4.38502,-6.13492,-9.70079,-6.13493
E35V,-0.743321,1,-0.792733,-4.47031,-0.792732,-2.04524,-5.04989,-2.04524,-3.48406,-6.14139,-3.48407,-3.51789,-6.82232,-3.51789
E35W,-0.911945,1,-2.40711,-6.39883,-2.40711,-3.69384,-6.86535,-3.69384,-6.40309,-7.96665,-6.4031,-8.33412,-11.7252,-8.33412
E35Y,-0.689031,1,-2.0412,-5.7972,-2.04119,-2.66385,-5.78044,-2.66385,-5.1923,-7.43546,-5.19231,-6.33945,-9.75768,-6.33946
E7A,-0.73988,1,-0.894524,-4.262,-0.894523,-1.92767,-4.63086,-1.92767,-2.81802,-6.35261,-2.81802,-2.79408,-6.23805,-2.79409
E7D,-0.213126,1,0.396086,-3.2285,0.396086,-0.0119092,-3.1834,-0.0119066,-0.026566,-3.76751,-0.0265663,2.14102,-1.6167,2.14101
E7F,-0.639802,1,-3.10578,-6.54716,-3.10578,-4.26767,-7.17684,-4.26767,-4.5253,-8.20745,-4.5253,-4.81659,-8.52861,-4.8166
E7G,-0.820157,1,2.78109,-1.06831,2.78109,0.577942,-2.37245,0.577946,-2.13361,-6.10825,-2.13361,-2.86614,-6.32984,-2.86615
E7H,-0.686824,1,-2.02841,-5.69433,-2.02841,-3.11603,-5.93515,-3.11603,-4.21454,-7.4552,-4.21454,-4.96899,-8.2302,-4.969
E7I,-0.805078,1,-2.29756,-5.55973,-2.29756,-3.92447,-6.67234,-3.92447,-3.97685,-7.46896,-3.97685,-4.84463,-8.32716,-4.84464
E7K,-1.38815,1,0.221928,-3.07963,0.221927,-2.88892,-5.49504,-2.88892,-4.30262,-7.81422,-4.30262,-6.12656,-9.20974,-6.12656
E7L,-0.853801,1,-2.11983,-5.44613,-2.11983,-3.23012,-6.01124,-3.23012,-3.42611,-6.93252,-3.4261,-3.80158,-7.36275,-3.80159
E7M,-0.925472,1,-3.12137,-6.5291,-3.12137,-4.48612,-7.40114,-4.48612,-4.8858,-8.26557,-4.8858,-5.65287,-9.07916,-5.65287
E7N,-0.789687,1,0.393028,-3.26879,0.393028,-1.32659,-4.33015,-1.32659,-2.8211,-6.47768,-2.8211,-2.45625,-6.00156,-2.45627
E7P,-0.796937,1,-0.309236,-4.05371,-0.309233,-1.57583,-4.19277,-1.57583,-2.05926,-5.83258,-2.05926,-3.65148,-6.80952,-3.65149
E7Q,-0.817359,1,-0.664038,-3.93999,-0.664038,-1.99218,-4.80101,-1.99218,-3.23803,-6.73838,-3.23803,-3.85605,-7.30557,-3.85605
E7R,-1.46388,1,-1.48873,-4.88042,-1.48873,-3.63407,-6.31319,-3.63407,-5.26004,-8.8008,-5.26004,-7.44853,-10.6543,-7.44853
E7S,-0.958274,1,-0.338243,-3.90189,-0.338243,-1.76446,-4.61796,-1.76446,-2.92643,-6.49278,-2.92643,-3.60252,-6.95251,-3.60253
E7T,-0.831687,1,-0.501437,-3.76226,-0.501439,-2.08951,-4.90829,-2.08951,-3.24454,-6.97306,-3.24454,-4.50083,-7.67796,-4.50084
E7V,-0.726855,1,-1.70147,-4.97936,-1.70147,-3.06086,-5.70984,-3.06086,-2.85243,-6.4227,-2.85243,-3.83541,-7.32178,-3.83541
E7W,-0.638276,1,-2.70555,-5.88873,-2.70555,-4.96926,-8.08576,-4.96926,-5.99217,-9.6,-5.99217,-7.88001,-11.8144,-7.88002
E7Y,-0.761631,1,-2.39304,-5.72548,-2.39304,-3.68329,-6.68648,-3.68329,-3.93948,-7.54577,-3.93948,-4.81447,-8.51621,-4.81448
G16A,-1.92192,1,-5.57628,-8.96761,-5.57629,-6.09559,-8.54734,-6.0956,-7.19494,-11.1937,-7.19494,-7.2383,-10.1804,-7.23831
G16D,-1.40552,1,-4.01361,-7.24837,-4.01361,-4.26951,-6.50025,-4.26952,-4.86868,-8.87971,-4.86867,-5.90418,-9.12254,-5.90419
G16E,-1.80803,1,-4.74465,-7.93553,-4.74466,-4.74978,-7.00628,-4.74979,-6.06934,-9.84569,-6.06934,-7.68991,-10.8522,-7.68992
G16F,-1.92976,1,-7.13198,-10.5362,-7.13199,-7.90518,-10.4751,-7.90518,-9.76643,-13.1949,-9.76643,-10.6064,-12.6571,-10.6064
G16H,-1.77676,1,-5.40895,-8.94472,-5.40895,-6.06029,-8.48194,-6.06029,-7.76686,-11.612,-7.76686,-8.99075,-11.3863,-8.99076
G16I,-3.17753,1,-7.89127,-10.7784,-7.89127,-9.39182,-11.5607,-9.39182,-10.7288,-13.4672,-10.7288,-12.171,-14.6657,-12.171
G16K,-2.05886,1,-3.59513,-6.88663,-3.59513,-4.20943,-6.71501,-4.20943,-5.95528,-9.8463,-5.95528,-8.43676,-11.5477,-8.43676
G16L,-2.07343,1,-5.98441,-9.20418,-5.98441,-6.84003,-9.54158,-6.84003,-8.90071,-12.3275,-8.9007,-10.658,-13.0768,-10.658
G16M,-1.8273,1,-7.00853,-10.4451,-7.00854,-6.97531,-9.7031,-6.97531,-8.70459,-12.4137,-8.70459,-11.4741,-14.0135,-11.4741
G16N,-1.34839,1,-2.66764,-5.7865,-2.66764,-2.91341,-5.43409,-2.91341,-3.38375,-7.41794,-3.38374,-4.52891,-7.53849,-4.52892
G16P,-3.20258,1,-8.06678,-11.3833,-8.06678,-10.2946,-12.4884,-10.2946,-11.7613,-13.8435,-11.7613,-13.434,-15.4672,-13.434
G16Q,-1.69998,1,-4.76007,-8.0413,-4.76007,-4.66991,-7.25658,-4.66992,-6.47363,-10.492,-6.47362,-8.9374,-11.8347,-8.93741
G16R,-2.22691,1,-5.04369,-8.71517,-5.04369,-5.23852,-7.76088,-5.23852,-7.18765,-10.9737,-7.18765,-7.67666,-10.8333,-7.67666
G16S,-1.82002,1,-4.65989,-7.96043,-4.6599,-4.93979,-7.09194,-4.9398,-5.51636,-9.31654,-5.51636,-6.53095,-9.41594,-6.53095
G16T,-2.57425,1,-5.91725,-8.27683,-5.91725,-7.21927,-9.14933,-7.21928,-8.20085,-11.2956,-8.20085,-9.72617,-12.2937,-9.72617
G16V,-3.2478,1,-7.22803,-10.0963,-7.22804,-8.79372,-10.818,-8.79372,-9.55827,-12.4578,-9.55827,-9.78942,-12.6086,-9.78943
G16W,-2.1464,1,-7.64293,-10.5912,-7.64293,-8.25174,-10.645,-8.25174,-10.0147,-13.2564,-10.0147,-9.79115,-12.4635,-9.79115
G16Y,-2.24747,1,-6.38183,-9.57145,-6.38183,-7.60984,-9.97316,-7.60984,-9.27191,-12.4454,-9.2719,-10.0019,-11.793,-10.0019
G1A,-0.103903,1,-0.211754,-2.49689,-0.211756,0.8035,-2.00568,0.8035,0.853933,-2.23162,0.853931,1.57596,-1.96752,1.57596
G1D,-0.17757,1,-0.73991,-2.92927,-0.739912,0.03021,-3.12956,0.0302107,-0.370459,-3.61472,-0.370459,-0.59817,-3.86906,-0.598172
G1E,-0.219284,1,-0.483176,-2.60555,-0.483179,0.246697,-2.38648,0.246696,0.0242124,-3.2302,0.0242114,-0.577777,-3.70048,-0.577776
G1F,-0.13356,1,-2.10968,-4.72778,-2.10968,-2.15561,-4.77787,-2.15561,-1.48391,-4.94485,-1.48391,-3.09518,-6.66687,-3.09517
G1H,-0.0774483,1,-2.37476,-4.96422,-2.37476,-1.69528,-4.92265,-1.69528,-2.01651,-5.57705,-2.01651,-2.52269,-6.09363,-2.52269
G1I,-0.0316854,1,-1.25202,-3.7425,-1.25202,-1.07468,-3.54967,-1.07468,-0.841817,-4.44706,-0.841818,-0.886105,-5.04335,-0.886101
G1K,-0.664141,1,-0.573285,-2.57753,-0.573288,0.18167,-2.44681,0.181669,-0.233469,-3.43242,-0.23347,-1.02567,-4.32065,-1.02567
G1L,-0.111665,1,-0.975895,-3.36707,-0.975898,-0.667017,-2.92317,-0.66702,-0.171498,-3.93378,-0.171499,-0.888196,-4.78681,-0.888195
G1M,-0.0901763,1,4.48656,2.70427,4.48655,3.66455,0.869224,3.66456,4.3133,1.67421,4.3133,3.97757,-0.303924,3.97757
G1N,-0.123052,1,-0.940575,-3.26388,-0.940578,-0.503169,-3.55008,-0.50317,-0.908299,-4.41548,-0.9083,-1.29873,-5.07794,-1.29873
G1P,-0.116312,1,-0.548018,-2.40154,-0.548019,0.246592,-2.83646,0.246592,0.195578,-3.18379,0.195577,0.081749,-3.10332,0.0817471
G1Q,-0.134363,1,-1.01242,-3.14676,-1.01242,-0.496085,-3.20014,-0.496087,-0.411964,-3.73885,-0.411965,-0.873975,-4.12593,-0.873975
G1R,-0.647719,1,-1.24428,-3.5147,-1.24428,-0.801435,-3.61907,-0.801436,-0.936264,-4.10638,-0.936265,-1.73152,-4.75524,-1.73152
G1S,-0.179775,1,-0.412019,-2.78866,-0.412021,0.437886,-2.73378,0.437887,0.230999,-3.22293,0.230998,0.415837,-3.22506,0.415835
G1T,-0.0971348,1,-0.356743,-2.65875,-0.356745,0.158097,-2.78713,0.158097,0.335189,-3.03576,0.335188,0.709809,-3.23015,0.709807
G1V,-0.146352,1,-0.55716,-2.91853,-0.557164,-0.17214,-2.65666,-0.172142,-0.0204301,-3.08442,-0.020431,0.175722,-3.6708,0.175724
G1W,-0.225313,1,-3.15248,-5.52939,-3.15248,-3.27876,-6.13312,-3.27877,-2.5644,-6.60842,-2.5644,-5.43076,-8.24738,-5.43076
G1Y,-0.283504,1,-1.81036,-4.25778,-1.81037,-2.30805,-4.84594,-2.30806,-2.14764,-5.83001,-2.14764,-3.01126,-6.57163,-3.01126
K12A,-0.941184,1,-2.82256,-6.22132,-2.82257,-3.13643,-6.76894,-3.13643,-4.29545,-7.39769,-4.29545,-3.19396,-6.82334,-3.19397
K12D,-1.9483,1,-2.76993,-6.15489,-2.76993,-4.41781,-8.34822,-4.41781,-6.39062,-8.88567,-6.39062,-6.06754,-8.80968,-6.06754
K12E,-0.910815,1,-1.60401,-5.17207,-1.60401,-1.89453,-5.72919,-1.89453,-3.74868,-6.60093,-3.74868,-4.14633,-6.9972,-4.14634
K12F,-0.622346,1,-1.52131,-5.21392,-1.52131,-4.08952,-8.72861,-4.08952,-6.1647,-9.47933,-6.16471,-7.05581,-10.6562,-7.05581
K12G,-1.75059,1,-4.18576,-7.68848,-4.18576,-6.43653,-10.3238,-6.43653,-7.01492,-9.59775,-7.01492,-5.07557,-8.72259,-5.07558
K12H,-0.4916,1,-2.12766,-5.83029,-2.12766,-3.19556,-7.4875,-3.19556,-5.11358,-8.71168,-5.11358,-4.99825,-8.62701,-4.99824
K12I,-0.238497,1,-1.53593,-4.98033,-1.53593,-1.71042,-5.9632,-1.71042,-3.97839,-7.35775,-3.97839,-4.87473,-8.24831,-4.87473
K12L,-0.415956,1,-2.34936,-5.613,-2.34937,-2.56903,-6.71614,-2.56903,-4.0368,-7.88642,-4.0368,-4.30175,-7.6353,-4.30175
K12M,-0.330538,1,-3.57459,-6.89098,-3.5746,-2.96622,-6.99354,-2.96622,-5.33667,-8.75055,-5.33667,-5.42531,-8.74374,-5.42531
K12N,-1.02137,1,-2.51684,-5.77793,-2.51684,-2.50815,-6.50174,-2.50815,-4.91408,-7.81491,-4.91408,-3.86257,-7.13186,-3.86257
K12P,-1.89187,1,-3.76451,-7.10333,-3.76451,-4.70147,-8.35334,-4.70147,-5.39578,-8.26952,-5.39578,-2.06239,-4.93524,-2.06241
K12Q,-0.365006,1,-1.41045,-4.91208,-1.41045,-0.771354,-4.61916,-0.771355,-2.22989,-5.55409,-2.22989,-2.96098,-6.33546,-2.96098
K12R,-0.0339345,1,-0.821631,-4.38543,-0.821632,-2.01692,-5.74727,-2.01692,-1.97593,-5.76894,-1.97593,-2.34798,-6.12113,-2.34798
K12S,-0.730257,1,-2.38664,-5.88642,-2.38664,-2.44057,-6.02984,-2.44057,-3.96514,-7.13527,-3.96514,-3.3689,-7.15812,-3.3689
K12T,-0.260183,1,-0.574049,-4.00338,-0.574054,0.40358,-3.18051,0.403581,-1.46295,-4.40767,-1.46295,-1.3253,-5.0972,-1.3253
K12V,-0.202551,1,-1.23814,-4.65668,-1.23815,-1.17076,-5.26664,-1.17076,-2.6946,-6.01668,-2.69461,-3.77578,-7.04069,-3.77578
K12W,-0.832135,1,-3.38085,-7.2386,-3.38086,-6.27953,-10.6543,-6.27953,-8.44037,-11.8798,-8.44037,-8.06185,-11.397,-8.06185
K12Y,-0.535209,1,-0.865986,-4.76875,-0.865979,-3.84605,-8.28229,-3.84605,-5.73664,-9.07782,-5.73665,-7.1352,-10.6188,-7.13519
K17A,-0.741166,1,-2.93575,-6.48338,-2.93575,-3.68748,-6.94327,-3.68748,-2.97195,-6.78863,-2.97195,-5.278,-8.27679,-5.278
K17D,-0.904147,1,-3.43884,-7.27687,-3.43884,-5.00745,-8.31666,-5.00745,-3.37399,-6.96129,-3.374,-6.56405,-9.78326,-6.56405
K17E,-0.598665,1,-1.98698,-5.88528,-1.98698,-3.53106,-6.72276,-3.53105,-3.80253,-7.77194,-3.80254,-6.44945,-9.6215,-6.44946
K17F,-0.608918,1,-3.78254,-7.11372,-3.78254,-2.46363,-5.98886,-2.46363,-3.30447,-7.96782,-3.30447,-6.27177,-9.55746,-6.27177
K17G,-0.965243,1,-3.3334,-6.72204,-3.3334,-4.80213,-8.15301,-4.80213,-5.14487,-8.12982,-5.14488,-4.8811,-8.08009,-4.88111
K17H,-0.548257,1,-3.05502,-6.52869,-3.05502,-2.37394,-5.85277,-2.37394,-3.20916,-7.19059,-3.20916,-3.42775,-6.9089,-3.42776
K17I,-0.559975,1,-2.74075,-6.05854,-2.74074,-3.17696,-6.50681,-3.17696,-4.34583,-8.4502,-4.34583,-6.29546,-9.69825,-6.29547
K17L,-0.411402,1,-2.66491,-6.14453,-2.66491,-3.11017,-6.45532,-3.11017,-3.32585,-7.53664,-3.32585,-5.43877,-8.34858,-5.43878
K17M,-0.652776,1,-3.94591,-7.54464,-3.9459,-4.03557,-7.4913,-4.03557,-4.3731,-8.29216,-4.3731,-5.52435,-8.67878,-5.52435
K17N,-0.807901,1,-2.49913,-5.84472,-2.49913,-2.81108,-5.92349,-2.81108,-2.49872,-6.21874,-2.49872,-3.33875,-6.77742,-3.33876
K17P,-2.17873,1,-5.36329,-8.96223,-5.36329,-8.04582,-10.9728,-8.04582,-7.13144,-10.598,-7.13145,-6.60713,-9.86565,-6.60714
K17Q,-0.430398,1,-1.92688,-5.46322,-1.92687,-2.7597,-6.0038,-2.7597,-3.09238,-6.70533,-3.09238,-3.35201,-6.43401,-3.35201
K17R,0.108183,1,-1.73916,-5.13517,-1.73916,-1.24652,-4.59111,-1.24652,-1.14563,-4.89099,-1.14563,2.40917,-0.741164,2.40916
K17S,-0.82048,1,-2.54113,-6.08027,-2.54113,-3.16433,-6.67037,-3.16433,-3.65434,-7.17953,-3.65435,-3.83425,-7.28818,-3.83426
K17T,-0.608224,1,-1.39594,-5.10344,-1.39594,-2.89236,-6.2862,-2.89236,-3.75452,-7.30499,-3.75453,-4.68512,-8.13937,-4.68512
K17V,-0.481612,1,-2.01027,-5.46106,-2.01027,-2.68567,-5.98983,-2.68567,-3.24135,-7.32242,-3.24136,-6.53144,-9.75565,-6.53144
K17W,-0.958834,1,-4.32054,-8.27548,-4.32054,-5.28133,-8.75224,-5.28133,-5.98669,-10.1707,-5.98669,-6.04796,-10.1499,-6.04797
K17Y,-0.688189,1,-3.26634,-6.56418,-3.26634,-1.65346,-5.30416,-1.65346,-2.28781,-6.83859,-2.28781,-5.17879,-8.56763,-5.1788
K32A,-0.696237,1,-1.32911,-5.12797,-1.32912,-4.87581,-6.74055,-4.87582,-3.27895,-6.56994,-3.27894,-4.97113,-7.2427,-4.97114
K32D,-1.17096,1,-1.88183,-5.59068,-1.88182,-6.91114,-8.24512,-6.91114,-6.82962,-9.38105,-6.82962,-10.5073,-11.8541,-10.5073
K32E,-0.723016,1,-1.32328,-5.10797,-1.32328,-5.82292,-7.06328,-5.82292,-3.87517,-7.04964,-3.87517,-5.53629,-6.77503,-5.5363
K32F,-0.897414,1,-3.06124,-6.59789,-3.06124,-5.56426,-8.28912,-5.56426,-6.28364,-8.99758,-6.28364,-9.27904,-11.866,-9.27905
K32G,-1.50334,1,-3.85014,-7.63489,-3.85015,-7.7411,-9.13617,-7.7411,-7.44727,-10.1971,-7.44727,-10.0263,-12.1725,-10.0263
K32H,-1.15916,1,-2.45712,-6.07147,-2.45712,-5.25954,-8.15972,-5.25954,-5.32868,-7.9711,-5.32868,-7.52384,-10.1213,-7.52384
K32I,-0.352388,1,-2.1746,-5.66013,-2.1746,-3.31696,-6.15886,-3.31696,-2.65123,-5.49538,-2.65122,-4.91878,-7.56125,-4.91879
K32L,-0.483389,1,-1.38629,-5.00529,-1.38628,-2.51471,-4.66146,-2.51471,-2.63563,-5.61521,-2.63563,-5.52136,-8.11176,-5.52137
K32M,-0.229525,1,-2.4512,-5.82984,-2.4512,-3.82197,-6.11546,-3.82197,-2.20082,-5.24501,-2.20082,-4.0839,-7.04802,-4.0839
K32N,-0.988766,1,-1.60178,-5.21626,-1.60178,-5.37778,-7.2487,-5.37778,-5.64535,-8.64085,-5.64535,-7.21659,-9.42495,-7.21659
K32P,-0.656091,1,-0.844937,-4.92394,-0.844939,-3.93231,-6.28513,-3.93231,-2.59001,-5.91353,-2.59,-4.66056,-6.96878,-4.66057
K32Q,-0.562201,1,-1.73946,-5.40576,-1.73946,-4.36837,-6.47731,-4.36837,-3.21038,-6.57265,-3.21037,-3.65439,-6.96638,-3.65439
K32R,-0.388328,1,-1.37727,-4.71288,-1.37727,-1.69644,-4.32163,-1.69644,-1.26822,-4.43825,-1.26822,-4.19248,-7.37003,-4.19247
K32S,-1.20834,1,-1.43741,-5.23455,-1.43741,-6.15219,-8.11531,-6.1522,-5.75049,-8.68859,-5.75049,-7.04287,-9.71583,-7.04288
K32T,-0.564468,1,-1.698,-5.42816,-1.698,-4.91677,-7.3961,-4.91677,-4.24471,-7.05613,-4.24471,-4.36961,-6.38552,-4.36961
K32V,-0.415391,1,-2.17841,-5.72902,-2.17841,-3.75715,-6.48321,-3.75715,-2.87583,-5.6137,-2.87582,-4.80212,-6.95741,-4.80213
K32W,-1.21537,1,-4.25125,-7.97168,-4.25125,-5.44838,-7.75098,-5.44838,-7.36109,-10.2055,-7.36108,-10.0921,-12.4698,-10.0921
K32Y,-0.952725,1,-2.52181,-6.08547,-2.52181,-5.18496,-7.76743,-5.18497,-5.74143,-8.36635,-5.74143,-8.20505,-10.7901,-8.20505
K37A,-0.00611207,1,-0.6948,-3.75049,-0.694804,-0.413423,-4.39882,-0.413422,-0.403221,-4.14289,-0.403222,0.017926,-3.39218,0.0179288
K37C,0.0555986,1,-3.72608,-7.16323,-3.72608,-3.52778,-8.08021,-3.52778,-3.10278,-6.8572,-3.10278,-3.54564,-7.15917,-3.54564
K37D,-0.0710444,1,-1.49811,-4.64204,-1.49811,-1.58122,-5.8197,-1.58122,-2.05199,-5.93851,-2.05199,-2.78918,-5.52842,-2.78918
K37E,-0.0695523,1,-0.724579,-3.95936,-0.72458,-0.582413,-4.64294,-0.582412,-0.796173,-4.61585,-0.796176,-1.73993,-4.52898,-1.73993
K37F,-0.0129114,1,-1.97773,-4.83731,-1.97773,-2.9659,-7.05879,-2.9659,-3.35771,-7.04061,-3.35771,-3.5092,-7.10367,-3.5092
K37G,0.0735532,1,-1.25939,-4.25902,-1.25939,-1.07015,-5.23468,-1.07015,-1.91416,-5.44266,-1.91416,-2.21861,-5.49157,-2.21862
K37H,-0.136819,1,-2.8556,-6.06664,-2.85559,-2.31836,-6.59136,-2.31835,-2.89932,-6.60836,-2.89932,-3.05004,-6.64387,-3.05004
K37I,0.00655463,1,-1.68594,-5.12291,-1.68593,-2.13858,-6.25911,-2.13858,-1.99464,-5.70798,-1.99465,-0.409631,-3.88133,-0.409628
K37L,0.0366675,1,-0.813298,-4.27204,-0.813297,-1.36719,-5.632,-1.36718,-0.81329,-4.81083,-0.813293,0.0331721,-3.44206,0.0331702
K37M,0.167794,1,-2.7325,-6.21393,-2.7325,-2.60363,-6.79822,-2.60363,-1.69457,-5.70841,-1.69457,-1.20511,-4.86064,-1.20511
K37N,-0.0730011,1,-1.63518,-4.71246,-1.63517,-1.02944,-4.89346,-1.02944,-2.17218,-5.78674,-2.17218,-1.93593,-5.22612,-1.93593
K37P,-0.536726,1,-1.42262,-4.41956,-1.42262,-1.30655,-5.40324,-1.30655,-2.19896,-5.70575,-2.19895,-2.51178,-5.62757,-2.51178
K37Q,-0.0221215,1,-1.32976,-4.49132,-1.32976,-0.407991,-4.3692,-0.407991,0.259246,-3.32401,0.259244,-0.294017,-3.66016,-0.294018
K37R,-0.14299,1,-0.924994,-4.1765,-0.924993,-1.22854,-5.37558,-1.22854,-1.19256,-4.76579,-1.19256,-0.413864,-4.12743,-0.413862
K37S,0.00563163,1,-1.23914,-4.29157,-1.23914,-0.348443,-4.35286,-0.348442,-1.08054,-4.65716,-1.08054,-0.627299,-4.1244,-0.627298
K37T,-0.0810305,1,-1.79905,-4.98746,-1.79905,-0.828066,-4.82463,-0.828066,-1.47229,-5.16752,-1.47229,0.664595,-2.69884,0.664601
K37V,-0.0390884,1,-1.4072,-4.6549,-1.4072,-1.29773,-5.38318,-1.29773,-0.944017,-4.79076,-0.94402,-0.544169,-3.90118,-0.544168
K37W,-0.274364,1,-3.06204,-6.41912,-3.06204,-4.33854,-8.5695,-4.33854,-4.98667,-8.67604,-4.98667,-4.95892,-8.6431,-4.95892
K37Y,-0.0737594,1,-2.18168,-5.24358,-2.18168,-3.14981,-7.25387,-3.14981,-3.5384,-7.10084,-3.5384,-3.62607,-7.16698,-3.62607
L26A,-0.224804,1,0.874377,-2.59928,0.874378,-0.522214,-3.4711,-0.522215,-0.420879,-3.38867,-0.420885,0.095603,-2.67864,0.0956011
L26F,-0.0122751,1,-0.87787,-4.00145,-0.877869,-1.43068,-4.25857,-1.43068,-2.08344,-5.21869,-2.08344,-3.37723,-5.85843,-3.37724
L26G,0.763216,1,5.32645,1.37488,5.32646,3.58946,0.798709,3.58946,3.14404,-0.0600264,3.14404,1.34946,-1.6825,1.34946
L26H,0.47974,1,1.37501,-2.32995,1.37502,0.714643,-2.43194,0.714643,0.650496,-2.8037,0.650494,0.734673,-2.19507,0.734669
L26I,-1.79005,1,-2.21071,-5.55638,-2.21071,-3.80698,-6.96755,-3.80698,-4.61879,-7.34527,-4.61879,-5.11133,-7.74492,-5.11133
L26K,0.189408,1,2.98744,-1.20648,2.98744,4.13193,0.519711,4.13192,4.23537,0.570699,4.23537,6.19511,2.30188,6.19511
L26M,-0.0537236,1,-0.40854,-3.76493,-0.408539,0.173751,-3.18578,0.17375,-0.153057,-3.34986,-0.153058,0.580258,-2.3359,0.58026
L26N,0.0338,1,3.05615,-0.974775,3.05615,2.86068,-0.865421,2.86068,1.832,-1.3224,1.83199,1.45892,-1.33101,1.45892
L26P,-2.41397,1,-3.78974,-6.43757,-3.78973,-3.34472,-5.60081,-3.34472,-5.07999,-7.69683,-5.07999,-4.48901,-7.33253,-4.48902
L26Q,0.122335,1,1.50698,-2.24656,1.50699,2.82377,-0.953704,2.82377,2.372,-0.914014,2.372,3.43735,0.507009,3.43735
L26R,-0.18674,1,1.6085,-2.20375,1.60851,2.58152,-0.279896,2.58152,2.0616,-1.53325,2.0616,3.99351,0.339775,3.99351
L26S,-0.273858,1,0.398827,-2.86805,0.398829,0.084619,-2.97173,0.0846171,-0.0397463,-3.34505,-0.0397525,0.896939,-1.98712,0.896938
L26T,-0.501411,1,-1.25407,-4.31001,-1.25407,-1.82684,-5.02751,-1.82684,-2.05304,-5.58541,-2.05304,-0.891098,-3.72996,-0.8911
L26V,-1.90472,1,-1.65645,-5.14826,-1.65644,-2.72154,-5.94447,-2.72154,-3.08562,-6.15454,-3.08563,-4.15747,-6.95222,-4.15747
L26W,-0.642389,1,-1.376,-4.28647,-1.376,-1.45744,-4.43774,-1.45744,-3.93806,-6.92149,-3.93806,-4.33201,-7.37678,-4.33202
L26Y,-0.174467,1,0.48819,-3.32085,0.488191,-0.911092,-3.88228,-0.911095,-2.35779,-5.80569,-2.35779,-3.25086,-5.67019,-3.25087
L36A,-0.805422,1,0.612888,-2.45764,0.612887,0.803254,-1.99636,0.803251,-4.01676,-7.09542,-4.01676,-6.54728,-10.4895,-6.54727
L36C,-0.29818,1,-2.14881,-5.58111,-2.14882,-2.4359,-4.89674,-2.4359,-5.13587,-7.95938,-5.13587,-6.42675,-10.4423,-6.42674
L36D,-0.68621,1,-0.798551,-3.74759,-0.798552,-0.877567,-3.87322,-0.877569,-5.12599,-8.1587,-5.12599,-7.63672,-11.4505,-7.63671
L36E,-0.755292,1,0.255918,-2.96239,0.255917,-0.343869,-3.5654,-0.343871,-4.65709,-7.72602,-4.65708,-7.27517,-11.1595,-7.27516
L36F,-0.205107,1,-1.41727,-4.76655,-1.41727,-1.43933,-4.53666,-1.43933,-1.09421,-3.89204,-1.09421,-3.73538,-7.60416,-3.73538
L36G,-0.755628,1,-0.16007,-3.21697,-0.160071,-0.0827053,-2.85646,-0.0827088,-4.72718,-7.42572,-4.72718,-7.06801,-10.7955,-7.068
L36H,-0.470169,1,-1.88537,-5.13316,-1.88537,-2.00388,-4.45442,-2.00388,-5.03982,-7.97759,-5.03981,-6.41374,-10.3211,-6.41373
L36I,-0.569255,1,-0.268699,-3.71544,-0.268699,-0.67659,-3.84841,-0.676589,-3.41679,-6.49395,-3.41679,-4.65826,-8.33647,-4.65826
L36K,-1.21375,1,0.653874,-2.84231,0.653874,-0.360245,-3.59367,-0.360248,-5.21792,-8.55082,-5.21791,-6.38425,-10.1151,-6.38424
L36M,-0.412611,1,-1.45184,-4.95776,-1.45184,-1.1987,-4.59092,-1.1987,-2.44738,-5.93958,-2.44738,-3.02702,-6.65243,-3.02702
L36N,-0.740812,1,-0.603901,-3.92079,-0.603902,-0.687172,-3.62733,-0.687173,-4.94093,-8.20726,-4.94092,-7.11748,-11.1866,-7.11747
L36P,-0.952499,1,-1.01469,-4.23623,-1.01469,-1.22817,-4.36418,-1.22817,-5.15213,-7.87159,-5.15212,-6.17806,-9.77432,-6.17805
L36Q,-0.84112,1,-0.662336,-4.03731,-0.662337,-0.712786,-3.85757,-0.712788,-4.81286,-7.80095,-4.81286,-5.81802,-9.46047,-5.81802
L36R,-1.27362,1,-0.741162,-4.00903,-0.74116,-1.87439,-4.95072,-1.87439,-5.88863,-9.06501,-5.88863,-6.19671,-10.1127,-6.1967
L36S,-0.660096,1,-0.232333,-3.44338,-0.232333,-0.217835,-3.2058,-0.217837,-4.29255,-7.32943,-4.29254,-5.98653,-10.0527,-5.98652
L36T,-0.77906,1,-0.196589,-3.58538,-0.196589,-0.324799,-3.33685,-0.324801,-4.77728,-7.79648,-4.77727,-6.30617,-10.2988,-6.30617
L36V,-0.652916,1,0.3226,-3.11682,0.322601,0.184254,-2.81203,0.184254,-3.7553,-6.76211,-3.7553,-4.9814,-8.35222,-4.9814
L36W,-0.552283,1,-1.83208,-5.27487,-1.83208,-2.49428,-5.7663,-2.49428,-2.29933,-5.95105,-2.29933,-5.35887,-9.3736,-5.35886
L36Y,-0.198125,1,-1.41873,-4.66203,-1.41873,-1.63422,-4.51604,-1.63422,-1.87049,-4.50763,-1.87049,-4.5698,-8.77559,-4.56979
N22A,-2.59979,1,-3.91397,-7.64238,-3.91398,-9.36158,-10.2397,-9.36158,-11.0035,-13.0436,-11.0035,-11.2185,-13.0204,-11.2185
N22D,-2.1321,1,-1.09711,-5.26297,-1.09711,-4.11312,-6.27763,-4.11312,-6.12659,-8.13327,-6.12659,-6.88904,-9.22853,-6.88905
N22E,-2.68442,1,-4.03666,-8.17892,-4.03666,-7.39652,-8.32703,-7.39651,-9.47637,-12.0827,-9.47637,-9.6453,-11.5226,-9.6453
N22F,-2.40055,1,-5.06023,-8.9295,-5.06024,-9.23896,-10.7254,-9.23897,-9.35278,-12.3491,-9.35278,-11.2936,-13.7388,-11.2936
N22G,-2.62635,1,-4.56423,-8.74809,-4.56423,-10.076,-10.8364,-10.076,-12.6104,-14.2837,-12.6104,-11.034,-13.4192,-11.034
N22H,-1.82168,1,-3.77056,-6.83239,-3.77056,-3.59285,-5.9669,-3.59285,-4.67208,-7.54466,-4.67208,-4.94995,-6.87857,-4.94994
N22I,-2.50648,1,-5.17016,-8.82546,-5.17016,-8.86188,-10.615,-8.86188,-9.67707,-12.3864,-9.67708,-10.2719,-13.7237,-10.2719
N22K,-2.13698,1,-3.77709,-7.56422,-3.77709,-6.90464,-7.91736,-6.90464,-7.6508,-10.0726,-7.65081,-6.61084,-9.42564,-6.61083
N22L,-2.35751,1,-4.91714,-8.72512,-4.91714,-8.75122,-9.95247,-8.75123,-9.45939,-12.5499,-9.45939,-11.5542,-14.2572,-11.5542
N22M,-2.64723,1,-5.86572,-9.82751,-5.86572,-9.91373,-11.1593,-9.91373,-11.0024,-13.3488,-11.0024,-12.4393,-15.345,-12.4393
N22P,-2.58318,1,-6.08122,-9.83862,-6.08122,-10.2072,-10.9052,-10.2072,-13.8191,-15.1905,-13.8191,-10.1345,-12.7092,-10.1345
N22Q,-2.68285,1,-4.52959,-8.12072,-4.5296,-6.09498,-7.21088,-6.09498,-8.92164,-11.2615,-8.92164,-8.90957,-11.016,-8.90957
N22R,-2.37431,1,-4.07925,-7.63424,-4.07925,-7.31547,-7.75596,-7.31547,-9.14138,-11.5157,-9.14139,-8.39864,-10.549,-8.39864
N22S,-1.55932,1,-3.20728,-7.28853,-3.20728,-6.08527,-7.63166,-6.08527,-7.09458,-9.56712,-7.09458,-7.10414,-9.65724,-7.10414
N22T,-2.67967,1,-4.24432,-8.44587,-4.24432,-8.99052,-10.159,-8.99052,-11.4907,-13.4165,-11.4907,-10.0084,-12.9008,-10.0084
N22V,-2.59178,1,-4.57983,-8.09197,-4.57983,-8.6476,-10.2668,-8.6476,-8.88629,-11.8793,-8.88629,-11.3871,-13.9683,-11.3871
N22W,-2.12209,1,-6.19463,-10.4844,-6.19464,-9.37738,-11.0258,-9.37738,-10.4235,-13.0005,-10.4235,-11.9026,-14.1171,-11.9026
N22Y,-2.21306,1,-4.12847,-7.84298,-4.12847,-7.49713,-9.14738,-7.49713,-8.29933,-11.2211,-8.29933,-8.63543,-11.2217,-8.63543
N23A,-0.401674,1,3.36438,-0.306363,3.36438,-0.452063,-4.03284,-0.45206,1.57345,-1.80511,1.57345,2.42127,2.22403,2.42126
N23D,-0.827198,1,0.0485601,-3.69657,0.048564,-2.61708,-5.96188,-2.61708,-0.764513,-4.28821,-0.764513,-3.88501,-3.89013,-3.88501
N23E,-0.268008,1,1.30498,-2.59842,1.30498,-1.87711,-5.67273,-1.87711,0.118039,-3.6673,0.118041,-1.92354,-2.10681,-1.92354
N23F,-0.26385,1,-0.565005,-4.50383,-0.565003,-3.27822,-7.3178,-3.27821,-2.28934,-5.86991,-2.28933,-2.8625,-3.20649,-2.8625
N23G,-0.870813,1,0.373198,-3.09282,0.373199,-1.95087,-5.397,-1.95087,-0.481922,-3.60756,-0.481924,-0.750742,-0.91498,-0.750747
N23H,0.318524,1,0.0240803,-3.81036,0.0240822,0.333228,-3.59846,0.333232,-1.46584,-5.16627,-1.46584,-2.00476,-1.84378,-2.00476
N23I,-0.306127,1,1.39074,-2.5224,1.39075,-1.28638,-5.35035,-1.28638,-1.08217,-4.55194,-1.08217,-0.89787,-1.27891,-0.897881
N23K,-0.0435244,1,2.42478,-1.50472,2.42478,1.84014,-1.62525,1.84015,0.689579,-3.17086,0.689579,0.636353,0.952353,0.636354
N23L,-0.573929,1,1.67294,-2.09608,1.67295,-1.5822,-5.44388,-1.58219,-1.11814,-4.7629,-1.11813,-1.34354,-1.73709,-1.34355
N23M,-0.409256,1,0.220375,-3.51776,0.220381,-2.17123,-6.3262,-2.17122,-1.82567,-5.26093,-1.82566,-1.46907,-1.69801,-1.46908
N23P,-0.836209,1,2.36221,-1.51452,2.36221,-1.52699,-4.82341,-1.52699,-0.375747,-3.84287,-0.375749,0.135603,0.00640416,0.135602
N23Q,-0.376051,1,0.381861,-3.17082,0.381864,-0.895855,-4.61378,-0.895853,-0.1118,-3.76717,-0.111799,-0.224817,-0.200139,-0.224818
N23R,-0.319336,1,1.56839,-2.22489,1.56839,0.337749,-2.40136,0.337757,-0.370409,-4.42172,-0.370408,0.032979,0.250496,0.0329816
N23S,0.121754,1,2.29718,-1.51831,2.29719,0.96289,-2.71362,0.962893,2.18185,-1.2602,2.18184,2.94472,2.63186,2.94471
N23T,-0.189327,1,2.05939,-1.66886,2.05939,1.84057,-2.14395,1.84057,2.61929,-1.16925,2.61929,2.70849,2.6668,2.70847
N23V,-0.388196,1,1.99253,-1.91975,1.99253,-0.539176,-4.60743,-0.539173,0.172109,-3.34217,0.172113,0.28511,0.0533571,0.285097
N23W,0.0765729,1,-2.12711,-5.70398,-2.1271,-4.51539,-8.46516,-4.51539,-4.31765,-6.8269,-4.31764,-4.12176,-4.2019,-4.12176
N23Y,-0.486852,1,-0.457575,-4.33094,-0.457572,-2.4856,-6.25552,-2.48559,-2.53938,-6.04168,-2.53937,-3.26727,-3.45223,-3.26727
P33A,-1.83851,1,-1.18515,-6.10793,-1.18514,-6.36994,-9.64423,-6.36995,-7.7016,-9.56844,-7.70161,-9.33623,-11.3922,-9.33623
P33D,-1.84212,1,-2.97307,-8.64914,-2.97306,-8.40561,-11.2044,-8.40561,-10.4307,-11.5606,-10.4307,-13.3842,-15.1962,-13.3842
P33E,-1.86717,1,-1.98428,-7.23072,-1.98427,-8.45578,-11.4217,-8.45578,-10.1531,-11.2813,-10.1531,-13.1543,-15.1215,-13.1543
P33F,-1.76721,1,-3.14431,-8.06078,-3.14429,-8.86176,-12.254,-8.86176,-9.69723,-11.2124,-9.69724,-11.2987,-13.4705,-11.2987
P33G,-1.91805,1,-2.58389,-8.4149,-2.58387,-8.35362,-11.2446,-8.35362,-9.54964,-10.9902,-9.54964,-11.7255,-13.5428,-11.7255
P33H,-1.84666,1,-3.69222,-8.25339,-3.69221,-7.02499,-10.039,-7.02498,-9.69415,-11.4317,-9.69416,-10.1347,-12.2802,-10.1347
P33I,-1.65549,1,-1.38677,-6.52836,-1.38676,-7.23615,-10.6398,-7.23615,-9.00128,-10.3697,-9.00129,-10.926,-12.9708,-10.926
P33K,-1.99706,1,-1.1281,-6.25831,-1.12809,-7.84636,-11.1296,-7.84636,-9.70411,-11.3125,-9.70412,-11.1007,-12.8328,-11.1007
P33L,-1.77821,1,-1.42555,-6.45833,-1.42553,-7.0669,-10.0551,-7.0669,-6.81292,-8.51637,-6.81292,-6.90882,-9.04681,-6.90882
P33M,-1.88989,1,-2.74455,-7.56813,-2.74454,-8.15454,-11.6818,-8.15454,-10.0563,-11.6088,-10.0563,-11.5184,-13.252,-11.5184
P33N,-1.74325,1,-2.73805,-8.15874,-2.73804,-8.20872,-11.2506,-8.20872,-10.6261,-12.0614,-10.6261,-11.2015,-12.993,-11.2015
P33Q,-1.96447,1,-2.42978,-6.85127,-2.42977,-8.33695,-11.3094,-8.33694,-9.06006,-10.8603,-9.06007,-9.62596,-11.483,-9.62596
P33R,-1.94246,1,-1.97183,-7.24916,-1.97182,-8.12118,-11.209,-8.12118,-8.61488,-10.2557,-8.61489,-9.79763,-12.0293,-9.79763
P33S,-2.0786,1,-2.0467,-7.38549,-2.04669,-6.67461,-9.49676,-6.67461,-7.49616,-9.3532,-7.49617,-7.06474,-9.25927,-7.06474
P33T,-1.91227,1,-1.68092,-6.7835,-1.68091,-7.40529,-10.3619,-7.40529,-7.93485,-9.48745,-7.93486,-7.823,-9.93684,-7.823
P33V,-1.81872,1,-1.19226,-5.84402,-1.19224,-7.01951,-10.2793,-7.01951,-8.44028,-9.84813,-8.44029,-10.8669,-12.8032,-10.8669
P33W,-1.75472,1,-3.69079,-8.919,-3.69077,-9.08263,-12.3976,-9.08263,-10.8079,-11.9904,-10.8079,-12.7435,-14.1298,-12.7435
P33Y,-1.71575,1,-2.84561,-7.66289,-2.8456,-8.57053,-11.6719,-8.57053,-9.68371,-11.0846,-9.68371,-11.5671,-13.7557,-11.5671
Q34A,0.0808592,1,2.32966,-0.763065,2.32966,2.27254,-1.65468,2.27254,2.45179,-0.911769,2.45179,2.40442,-1.48901,2.40442
Q34D,0.167362,1,1.43827,-1.7766,1.43827,0.497714,-2.91605,0.497717,2.53717,-1.00889,2.53717,1.55772,-2.52693,1.55771
Q34E,0.173205,1,2.26863,-0.737167,2.26863,1.19569,-2.1945,1.19569,3.37331,-0.211101,3.37331,2.10567,-1.49351,2.10567
Q34F,-0.265654,1,-1.64119,-4.6053,-1.64119,-2.42559,-6.16317,-2.42559,-2.82638,-5.92069,-2.82638,-1.46596,-5.41963,-1.46596
Q34G,-0.342758,1,0.451108,-2.5178,0.451106,-0.40657,-4.20253,-0.406569,-0.837077,-3.9644,-0.837079,-1.53712,-5.19886,-1.53712
Q34H,-0.319332,1,-1.67372,-4.72078,-1.67372,-2.03312,-5.7995,-2.03312,-2.31231,-5.4002,-2.31231,-1.46993,-5.23029,-1.46993
Q34I,-0.263816,1,-0.423965,-3.3844,-0.423965,-0.230005,-3.64813,-0.230008,-1.42059,-4.52823,-1.42059,-0.33072,-4.157,-0.330723
Q34K,-0.483362,1,1.25167,-1.66666,1.25167,1.3571,-2.287,1.3571,0.115059,-2.99994,0.11506,0.314441,-3.0883,0.314443
Q34L,-0.123678,1,-0.430781,-3.36256,-0.430782,-0.281695,-3.58764,-0.281696,-0.243588,-3.42313,-0.243588,0.777824,-3.16137,0.777822
Q34M,-0.170043,1,-1.61988,-4.56633,-1.61988,-1.33557,-4.79192,-1.33557,-1.93247,-5.17909,-1.93248,-2.26207,-5.8331,-2.26207
Q34N,-0.167968,1,-0.226068,-3.18242,-0.226066,-0.0218687,-3.57843,-0.021868,-0.56436,-3.96562,-0.564362,-0.215204,-4.16459,-0.215205
Q34P,0.0130291,1,0.155934,-2.51344,0.155927,0.21359,-3.45878,0.213591,1.21915,-2.14739,1.21915,1.30337,-2.35738,1.30337
Q34R,-0.587552,1,-0.783164,-3.74565,-0.783168,-0.490419,-4.34305,-0.490422,-1.70841,-4.74979,-1.70841,-1.33312,-4.64736,-1.33312
Q34S,-0.206456,1,1.30524,-1.85003,1.30524,1.61429,-2.34002,1.61429,0.647965,-2.5907,0.647965,0.173749,-3.58861,0.173747
Q34T,-0.263009,1,0.83473,-2.1199,0.83473,2.18795,-1.62817,2.18795,0.251616,-2.80935,0.251614,0.47455,-3.38898,0.474547
Q34V,-0.198707,1,0.836096,-2.14689,0.836097,0.697736,-2.8264,0.697734,-0.124301,-3.26225,-0.124301,0.988567,-2.92832,0.988564
Q34W,-0.257211,1,-2.53587,-5.78044,-2.53588,-3.46229,-7.17424,-3.46229,-4.04358,-6.77633,-4.04358,-4.16112,-7.77526,-4.16112
Q34Y,-0.399359,1,-1.58026,-4.47668,-1.58027,-2.301,-6.08442,-2.30101,-2.81879,-5.73406,-2.81879,-1.18202,-5.17148,-1.18202
R24A,-0.570962,1,1.631,-2.18813,1.63101,0.936406,-2.21759,0.936409,-1.32646,-4.36653,-1.32646,-0.726808,-3.99507,-0.726809
R24C,-0.101165,1,-4.99823,-8.81281,-4.99823,-4.20978,-7.20194,-4.20977,-5.28852,-8.38446,-5.28851,-6.28662,-9.31814,-6.28662
R24D,-0.997487,1,0.510653,-3.29728,0.510655,-0.900177,-3.93727,-0.900168,-3.41789,-6.72663,-3.41789,-4.39131,-7.147,-4.39132
R24E,-0.782998,1,1.82824,-1.91315,1.82824,0.533659,-2.61316,0.533666,-2.17341,-5.53982,-2.17342,-2.71097,-5.70872,-2.71097
R24F,-0.251608,1,-1.87127,-5.49337,-1.87127,-2.01341,-5.36684,-2.0134,-3.64907,-6.50551,-3.64907,-5.40762,-8.6095,-5.40763
R24G,-1.11728,1,-1.06545,-5.01839,-1.06545,-1.41316,-4.72732,-1.41316,-4.24352,-7.61705,-4.24352,-4.58886,-6.99075,-4.58887
R24H,-0.543676,1,-1.41396,-5.01221,-1.41396,-1.30268,-4.6158,-1.30268,-2.88279,-5.75623,-2.88279,-3.73551,-7.09352,-3.73552
R24I,-0.0076467,1,-0.178708,-3.66665,-0.178708,1.12735,-2.24581,1.12735,-0.88441,-4.21691,-0.88441,-2.24401,-5.6866,-2.24401
R24K,-0.249584,1,2.03342,-1.46594,2.03343,2.67683,-1.09273,2.67684,0.988276,-2.58282,0.988276,1.07927,-3.03231,1.07927
R24L,-0.186634,1,0.0958581,-3.52333,0.0958586,0.329993,-3.02609,0.329999,-1.69941,-4.87953,-1.69941,-1.92524,-5.22998,-1.92524
R24M,-0.421089,1,-1.83224,-5.49662,-1.83224,-1.5168,-5.05269,-1.5168,-3.73055,-7.00915,-3.73055,-3.85278,-6.90503,-3.85279
R24N,-0.438532,1,0.0863309,-3.66023,0.0863304,0.16775,-3.08329,0.167754,-1.15704,-4.53984,-1.15704,-1.95583,-4.99084,-1.95583
R24P,-2.15147,1,-2.32897,-6.06387,-2.32898,-3.72863,-6.73939,-3.72862,-6.44554,-9.74294,-6.44554,-7.17563,-9.83435,-7.17563
R24Q,-0.487658,1,0.812796,-2.73945,0.812796,0.714735,-2.92988,0.714738,-1.88425,-5.15566,-1.88425,-1.1287,-4.28048,-1.12871
R24S,-0.610471,1,0.525148,-3.32234,0.525148,0.527453,-2.70817,0.527456,-2.052,-5.15834,-2.052,-1.40107,-4.42294,-1.40107
R24T,-0.392972,1,1.10796,-2.76458,1.10796,1.50844,-1.73872,1.50844,-0.638916,-3.62844,-0.638919,-1.10549,-4.18484,-1.10549
R24V,0.0809185,1,0.552868,-3.05395,0.552868,1.73028,-1.5206,1.73028,-0.53593,-3.75165,-0.535931,-0.754147,-4.08598,-0.754149
R24W,-0.439454,1,-3.0869,-6.75026,-3.0869,-4.65308,-7.76809,-4.65307,-7.25518,-10.2183,-7.25518,-8.08863,-10.9726,-8.08863
R24Y,-0.294062,1,-1.67397,-5.32251,-1.67397,-2.03557,-5.24266,-2.03557,-4.00516,-6.79849,-4.00516,-6.38879,-9.43032,-6.3888
S28A,-0.213999,1,-1.27792,-4.83815,-1.27791,-3.2714,-6.70368,-3.2714,-4.53076,-7.79909,-4.53077,-5.9865,-8.84463,-5.9865
S28D,-1.50328,1,-3.26518,-6.93779,-3.26517,-7.84524,-11.0909,-7.84524,-9.52897,-12.2663,-9.52897,-10.5082,-13.3997,-10.5082
S28E,-0.546347,1,-1.60995,-5.5787,-1.60994,-7.39514,-10.9367,-7.39514,-7.23128,-10.2039,-7.23128,-9.94513,-12.6421,-9.94513
S28F,0.450136,1,-1.5348,-5.88883,-1.53478,-6.32777,-9.81897,-6.32777,-7.54938,-10.5567,-7.54938,-9.14594,-11.7758,-9.14594
S28G,-0.274573,1,-2.79926,-6.17564,-2.79925,-5.47841,-8.36253,-5.47841,-6.19908,-8.7591,-6.19908,-8.11378,-10.0027,-8.11377
S28H,-0.173389,1,-3.1754,-6.47028,-3.17539,-5.78922,-10.0408,-5.78922,-6.4974,-9.79156,-6.49741,-9.06536,-11.6849,-9.06536
S28I,0.743538,1,0.176083,-4.60556,0.176096,-5.17879,-9.06068,-5.17879,-6.22302,-9.76839,-6.22302,-7.02614,-10.1178,-7.02613
S28K,0.0360328,1,-0.94113,-5.35214,-0.941121,-4.70925,-8.77875,-4.70926,-1.89806,-5.03697,-1.89806,-6.55284,-8.65835,-6.55283
S28L,0.542354,1,-0.790628,-4.8238,-0.790616,-6.30339,-9.62931,-6.30339,-8.15974,-11.388,-8.15975,-8.771,-10.8677,-8.77099
S28M,0.405456,1,-1.14394,-5.3141,-1.14394,-6.31782,-10.0386,-6.31782,-6.00691,-9.5295,-6.00692,-7.75475,-10.7755,-7.75475
S28N,-0.964361,1,-2.15587,-5.64552,-2.15586,-4.9592,-8.24272,-4.95921,-5.8676,-9.12023,-5.86761,-6.80686,-9.40503,-6.80686
S28P,-1.60622,1,-2.55784,-6.26544,-2.55783,-6.44502,-9.51341,-6.44502,-6.6136,-9.94703,-6.6136,-7.6213,-9.48186,-7.6213
S28Q,-0.188033,1,-2.03012,-5.56757,-2.03011,-6.73449,-10.7609,-6.73449,-5.74646,-9.12982,-5.74647,-9.89542,-11.619,-9.89541
S28R,-0.142167,1,-1.41341,-5.49521,-1.4134,-4.79059,-8.84191,-4.7906,-4.45701,-7.85477,-4.45701,-4.9291,-7.97037,-4.92909
S28T,0.301744,1,1.26882,-2.43819,1.26882,-0.636137,-3.48136,-0.636135,-0.0109377,-3.13173,-0.010941,-0.681827,-4.07663,-0.681827
S28V,0.659091,1,-0.203643,-4.73265,-0.20363,-3.92113,-7.76029,-3.92113,-4.13785,-7.87777,-4.13786,-6.56323,-9.67502,-6.56322
S28W,0.511109,1,-2.21551,-6.65467,-2.21549,-8.28033,-11.6879,-8.28033,-8.43173,-10.7852,-8.43174,-9.76548,-12.5136,-9.76548
S28Y,0.284614,1,-1.88534,-5.93019,-1.88533,-6.35943,-9.90894,-6.35943,-5.84527,-8.8403,-5.84527,-7.81366,-11.2389,-7.81365
S6A,-0.279589,1,-0.721503,-4.01113,-0.7215,0.0204828,-3.47285,0.0204811,-1.49747,-4.60536,-1.49747,-0.802562,-4.08325,-0.802564
S6C,0.0845599,1,-4.36239,-7.76946,-4.36238,-3.1041,-6.42526,-3.1041,-2.18759,-5.03462,-2.18759,-1.44325,-6.40145,-1.44326
S6D,-0.304032,1,-0.685137,-3.70159,-0.685133,-0.445683,-3.74853,-0.445684,-1.53862,-4.7042,-1.53862,-1.97824,-5.28518,-1.97825
S6E,-0.336282,1,-0.492293,-3.6903,-0.492289,-0.364727,-3.64895,-0.36473,-2.06432,-5.05423,-2.06432,-2.17367,-5.40014,-2.17367
S6F,-0.43071,1,-3.83452,-7.16015,-3.83452,-3.45517,-6.69568,-3.45517,-4.0349,-6.70889,-4.0349,-4.50686,-8.09115,-4.50687
S6G,-0.260588,1,0.138445,-2.68893,0.138447,1.64592,-2.10189,1.64592,-0.267618,-3.57831,-0.267619,2.28628,-2.47643,2.28628
S6H,-0.396844,1,-2.55516,-5.94556,-2.55515,-2.4874,-5.65315,-2.4874,-3.54104,-6.47924,-3.54104,-4.08225,-7.26591,-4.08225
S6I,-0.576728,1,-2.38218,-6.01237,-2.38218,-2.82846,-5.82626,-2.82846,-3.73753,-6.56368,-3.73754,-4.21488,-7.65979,-4.21488
S6K,-0.576728,1,0.328485,-3.11142,0.328488,-1.05123,-4.24083,-1.05124,-2.74089,-5.5711,-2.74089,-2.833,-6.01257,-2.833
S6L,-0.55998,1,-2.08807,-5.58073,-2.08806,-2.18135,-5.2625,-2.18135,-2.90805,-5.79814,-2.90805,-3.45982,-6.75784,-3.45983
S6M,-0.423548,1,-2.58344,-6.09255,-2.58344,-3.10074,-6.33497,-3.10074,-3.97574,-6.6661,-3.97574,-4.45391,-7.55858,-4.45391
S6N,-0.259988,1,-0.57857,-3.67544,-0.578569,-1.09244,-4.44704,-1.09244,-1.90728,-4.98131,-1.90728,-1.44234,-4.83023,-1.44234
S6P,-0.289221,1,-0.433706,-3.37179,-0.433701,-0.417697,-3.74891,-0.4177,-1.96688,-4.99646,-1.96688,-2.25076,-4.63364,-2.25076
S6Q,-0.373547,1,-1.24294,-4.52438,-1.24294,-1.50408,-4.65902,-1.50409,-2.65926,-5.63564,-2.65926,-2.49171,-5.3106,-2.49171
S6R,-0.592646,1,-1.66394,-5.04039,-1.66394,-1.95357,-5.22766,-1.95358,-3.23999,-6.11923,-3.23999,-2.91434,-6.84035,-2.91434
S6T,-0.317281,1,0.0203891,-3.44287,0.0203903,-0.803698,-4.09448,-0.803699,-0.867653,-4.11257,-0.867655,-1.69572,-4.89967,-1.69572
S6V,-0.460339,1,-1.83628,-5.5215,-1.83627,-1.82777,-4.80643,-1.82777,-2.53045,-5.35377,-2.53046,-2.66198,-6.02104,-2.66199
S6W,-0.419973,1,-4.07065,-7.82406,-4.07064,-4.77943,-7.88459,-4.77944,-4.97218,-7.50601,-4.97218,-6.01325,-10.002,-6.01326
S6Y,-0.504593,1,-3.15781,-6.38912,-3.15781,-3.16111,-6.36035,-3.16111,-3.16176,-6.12287,-3.16176,-4.1358,-7.248,-4.13581
T13A,-0.747893,1,-1.12214,-4.61178,-1.12214,-0.714825,-2.99845,-0.714823,-1.02022,-5.03744,-1.02022,0.679182,-2.2641,0.679188
T13D,-0.21324,1,-0.13721,-3.42971,-0.13721,-1.28815,-3.72876,-1.28815,-2.39975,-6.13749,-2.39974,-4.53411,-7.31508,-4.53412
T13E,-1.65652,1,-1.71598,-4.99477,-1.71597,-2.71002,-4.81099,-2.71002,-5.73778,-9.20433,-5.73778,-6.66587,-9.24634,-6.66587
T13F,-1.24354,1,-2.90793,-5.80227,-2.90794,-4.98631,-6.92901,-4.98631,-8.09308,-11.3942,-8.09308,-6.99089,-10.2161,-6.99089
T13G,-0.583485,1,-1.41014,-4.82031,-1.41015,-1.04908,-4.15192,-1.04907,-3.23291,-7.09342,-3.23291,-3.41393,-6.28171,-3.41392
T13H,-1.17059,1,-2.91813,-6.05193,-2.91813,-4.58796,-6.79803,-4.58796,-5.97185,-9.60696,-5.97185,-4.03698,-7.91519,-4.03697
T13I,-1.66169,1,-3.35849,-6.12593,-3.35849,-5.98798,-7.67074,-5.98799,-7.14985,-10.7732,-7.14985,-6.24681,-9.20247,-6.24681
T13K,-1.57527,1,-1.90475,-4.98405,-1.90475,-4.06489,-5.8668,-4.06489,-5.4743,-9.17048,-5.47429,-6.51555,-9.09633,-6.51556
T13L,-0.883859,1,-2.04865,-4.85322,-2.04865,-3.49962,-5.29457,-3.49962,-6.6885,-9.9406,-6.68851,-5.77834,-8.9399,-5.77834
T13M,-0.803507,1,-3.14161,-6.38077,-3.1416,-4.15893,-6.20934,-4.15893,-7.23567,-10.5838,-7.23567,-5.21059,-8.24187,-5.21059
T13N,-0.516782,1,-1.2767,-4.36162,-1.2767,-2.39242,-4.55287,-2.39242,-2.61762,-6.50862,-2.61761,-1.92847,-4.73506,-1.92847
T13P,-2.54021,1,-3.80912,-6.86833,-3.80912,-7.15031,-8.7722,-7.1503,-7.77036,-11.2789,-7.77036,-4.41371,-7.08231,-4.41372
T13Q,-1.14737,1,-2.20316,-5.40848,-2.20316,-3.81122,-5.68226,-3.81122,-5.5215,-8.89063,-5.5215,-5.13529,-8.35642,-5.13529
T13R,-1.18014,1,-2.65341,-5.87296,-2.65341,-4.33172,-6.00797,-4.33173,-5.32312,-9.06476,-5.32312,-6.27599,-9.14648,-6.27599
T13S,-0.717431,1,-0.59559,-4.30541,-0.595592,-0.071048,-3.15071,-0.0710435,0.223027,-2.98666,0.223029,0.756455,-2.16576,0.756459
T13V,-1.7178,1,-2.8397,-5.75932,-2.8397,-4.80918,-6.55105,-4.80918,-5.70475,-9.48818,-5.70475,-5.35554,-8.4856,-5.35554
T13W,-1.56704,1,-2.58046,-5.707,-2.58046,-6.643,-8.88408,-6.643,-8.97978,-12.3156,-8.97978,-8.77769,-11.9281,-8.77769
T13Y,-1.30765,1,-2.49561,-5.50385,-2.49561,-4.88771,-6.94658,-4.8877,-7.42849,-10.8651,-7.42849,-6.5493,-10.0653,-6.5493
T18A,-0.884954,1,-2.39992,-5.88012,-2.39992,-2.20223,-5.11421,-2.20223,-2.16986,-5.58202,-2.16986,-1.32869,-4.53287,-1.32869
T18D,-1.56495,1,-4.06729,-7.18949,-4.06729,-4.98378,-7.25574,-4.98378,-3.80241,-7.37338,-3.80242,-5.27842,-8.26946,-5.27842
T18E,-1.45122,1,-2.5777,-5.79163,-2.5777,-2.6741,-5.10608,-2.6741,-4.30305,-7.89187,-4.30306,-6.4122,-9.65601,-6.4122
T18F,-0.648985,1,-2.27592,-5.48073,-2.27592,-5.03031,-7.72379,-5.03031,-4.50552,-7.77041,-4.50552,-4.75226,-7.46936,-4.75226
T18G,-1.87273,1,-3.62287,-7.22053,-3.62287,-6.25587,-8.65997,-6.25587,-4.7968,-7.91304,-4.79681,-3.63295,-6.63829,-3.63294
T18H,-1.02605,1,-3.19097,-6.49261,-3.19097,-4.76914,-7.07101,-4.76914,-4.32631,-7.91351,-4.32631,-4.4139,-7.25703,-4.4139
T18I,-0.201703,1,-0.678431,-4.13725,-0.678428,-0.935321,-4.18194,-0.935317,-1.06908,-4.82062,-1.06908,-2.19547,-5.75235,-2.19547
T18K,-0.80239,1,-1.00228,-4.68455,-1.00227,-1.39621,-4.1864,-1.39621,-1.40889,-4.48754,-1.40889,-3.00408,-6.95142,-3.00408
T18L,-0.525301,1,-1.19081,-4.52944,-1.19081,-2.45677,-5.62027,-2.45676,-2.3202,-6.05563,-2.32021,-2.64693,-5.97889,-2.64693
T18M,-0.771482,1,-2.77768,-6.03706,-2.77768,-3.37128,-6.37291,-3.37128,-2.62509,-6.4903,-2.62509,-3.48939,-6.8424,-3.48939
T18N,-1.07126,1,-2.99457,-6.30314,-2.99457,-3.97508,-6.56414,-3.97508,-2.62822,-6.0023,-2.62822,-2.44766,-5.25026,-2.44767
T18P,-0.903263,1,-2.38527,-6.40161,-2.38527,-2.32913,-5.12833,-2.32913,-0.976908,-4.50279,-0.976911,1.32352,-2.59626,1.32352
T18Q,-1.26887,1,-2.52347,-5.899,-2.52346,-2.96026,-5.36956,-2.96026,-3.90032,-7.36702,-3.90033,-5.05723,-8.13772,-5.05723
T18R,-0.928628,1,-1.75972,-5.20243,-1.75971,-3.20576,-6.06293,-3.20576,-3.37904,-6.63271,-3.37904,-4.52634,-7.97328,-4.52634
T18S,-0.435211,1,-1.64677,-5.22567,-1.64677,-2.35691,-5.40479,-2.35691,-2.02825,-5.22014,-2.02825,0.123366,-3.0322,0.123369
T18V,-0.283036,1,-0.8793,-4.44655,-0.879296,0.211411,-3.16752,0.211415,-0.0105221,-3.64779,-0.0105217,-1.86965,-5.38377,-1.86965
T18W,-0.984327,1,-2.42561,-5.52039,-2.42562,-7.25367,-9.77761,-7.25367,-6.0931,-9.23423,-6.0931,-6.89707,-9.76957,-6.89706
T18Y,-0.618771,1,-1.32909,-4.64612,-1.32909,-5.55711,-7.90379,-5.55711,-4.83081,-7.90915,-4.83081,-4.75166,-7.48603,-4.75166
T25A,-2.22781,1,-3.71391,-6.41652,-3.71391,-6.31918,-8.44641,-6.31918,-7.00049,-9.05812,-7.00049,-7.03984,-8.57543,-7.03985
T25A:E27A,-2.37302,2,-5.84592,-11.8112,-5.84593,-8.23034,-13.7632,-8.23033,-8.6895,-13.2012,-8.68949,-8.50888,-12.962,-8.50889
T25A:E27D,-1.85078,2,-6.55692,-12.3738,-6.55693,-10.1631,-15.4668,-10.1631,-10.6572,-15.3235,-10.6572,-11.4837,-16.3231,-11.4837
T25A:E27F,-1.66629,2,-9.61791,-15.9139,-9.61792,-12.7411,-18.2548,-12.7411,-13.5436,-17.9561,-13.5436,-13.3871,-17.4749,-13.3871
T25A:E27G,-2.02302,2,-8.81527,-15.3983,-8.81529,-11.2646,-16.9988,-11.2646,-12.9156,-17.4316,-12.9156,-12.5739,-17.1573,-12.5739
T25A:E27H,-2.23247,2,-8.80793,-15.0091,-8.80794,-11.2916,-16.7503,-11.2916,-11.4011,-15.8328,-11.4011,-11.096,-15.3289,-11.096
T25A:E27I,-2.06064,2,-6.71771,-12.7601,-6.71772,-9.87412,-15.3841,-9.87411,-10.4746,-15.1984,-10.4746,-10.4605,-14.6041,-10.4605
T25A:E27K,-1.55303,2,-4.87864,-10.7666,-4.87865,-7.50286,-12.8753,-7.50286,-8.91743,-12.4511,-8.91741,-9.38688,-13.2082,-9.38688
T25A:E27L,-1.97307,2,-7.14048,-13.3365,-7.14049,-10.1213,-15.5432,-10.1213,-10.9995,-15.4765,-10.9995,-9.94237,-14.1429,-9.94237
T25A:E27M,-1.95876,2,-8.38254,-14.5458,-8.38255,-10.5454,-15.9937,-10.5454,-10.8512,-15.6105,-10.8512,-11.12,-15.3191,-11.12
T25A:E27N,-2.00785,2,-7.43742,-13.1661,-7.43742,-10.6399,-16.2343,-10.6399,-10.894,-15.4286,-10.894,-12.0899,-16.2925,-12.0899
T25A:E27P,-2.00667,2,-11.1485,-18.1547,-11.1485,-12.7321,-18.6914,-12.7321,-17.6485,-21.8727,-17.6485,-14.197,-18.0472,-14.197
T25A:E27Q,-2.03137,2,-5.27535,-11.2642,-5.27536,-7.09278,-12.6268,-7.09277,-7.49987,-12.0763,-7.49985,-6.18876,-10.6952,-6.18876
T25A:E27R,-2.20811,2,-7.37833,-13.6698,-7.37834,-9.42921,-14.8233,-9.4292,-11.0017,-15.2095,-11.0017,-10.5085,-14.5343,-10.5085
T25A:E27S,-2.22725,2,-7.56784,-13.6838,-7.56785,-9.3,-14.9009,-9.3,-10.2109,-14.9272,-10.2108,-11.1956,-15.4905,-11.1956
T25A:E27T,-2.04209,2,-6.63191,-12.5833,-6.63192,-8.2063,-13.8057,-8.2063,-8.44109,-13.5171,-8.44107,-9.03486,-13.385,-9.03486
T25A:E27V,-2.00626,2,-6.0542,-12.1095,-6.05421,-8.40193,-13.6398,-8.40192,-7.82338,-12.7506,-7.82337,-7.46496,-11.5812,-7.46497
T25A:E27W,-2.32855,2,-10.9931,-17.7833,-10.9931,-14.5839,-20.1622,-14.5839,-15.3725,-19.0356,-15.3725,-15.8968,-20.2465,-15.8968
T25A:E27Y,-1.44864,2,-9.27403,-15.4843,-9.27403,-12.8242,-18.2529,-12.8242,-13.5446,-17.7064,-13.5446,-13.7974,-18.174,-13.7974
T25C,-1.24947,1,-7.38162,-9.63597,-7.38162,-8.13055,-10.1905,-8.13054,-10.5888,-12.6509,-10.5888,-9.9194,-11.6465,-9.9194
T25C:E27D,-1.20147,2,-10.2246,-15.5933,-10.2246,-11.9745,-17.2108,-11.9745,-14.2456,-18.9162,-14.2456,-14.3633,-19.3942,-14.3633
T25C:E27F,-0.942846,2,-13.2856,-19.1333,-13.2856,-14.5524,-19.9989,-14.5524,-17.1319,-21.5489,-17.1319,-16.2666,-20.546,-16.2666
T25C:E27H,-2.05166,2,-12.4756,-18.2285,-12.4756,-13.103,-18.4944,-13.103,-14.9894,-19.4255,-14.9894,-13.9756,-18.4,-13.9756
T25C:E27P,-1.54694,2,-14.8162,-21.3741,-14.8162,-14.5435,-20.4355,-14.5435,-21.2369,-25.4655,-21.2368,-17.0766,-21.1183,-17.0766
T25C:E27R,-1.40961,2,-11.046,-16.8892,-11.046,-11.2406,-16.5673,-11.2406,-14.5901,-18.8023,-14.5901,-13.3881,-17.6054,-13.3881
T25C:E27Y,-0.647293,2,-12.9417,-18.7037,-12.9417,-14.6356,-19.9969,-14.6355,-17.1329,-21.2992,-17.1329,-16.677,-21.2451,-16.677
T25D,-1.74392,1,-3.81908,-6.90529,-3.81909,-4.35464,-7.19709,-4.35464,-8.36309,-10.5252,-8.36309,-11.3535,-12.5381,-11.3535
T25D:E27A,-2.33946,2,-5.95109,-12.2999,-5.95111,-6.2658,-12.5139,-6.26579,-10.0521,-14.6683,-10.0521,-12.8225,-16.9247,-12.8225
T25D:E27D,-2.15916,2,-6.66209,-12.8626,-6.6621,-8.19857,-14.2175,-8.19856,-12.0198,-16.7906,-12.0198,-15.7973,-20.2858,-15.7973
T25D:E27F,-1.72134,2,-9.72308,-16.4027,-9.72309,-10.7765,-17.0055,-10.7765,-14.9062,-19.4232,-14.9062,-17.7007,-21.4376,-17.7007
T25D:E27G,-1.91211,2,-8.92044,-15.887,-8.92046,-9.30007,-15.7495,-9.30006,-14.2782,-18.8987,-14.2782,-16.8875,-21.12,-16.8875
T25D:E27H,-2.01152,2,-8.91311,-15.4978,-8.91312,-9.32709,-15.501,-9.32708,-12.7637,-17.2999,-12.7637,-15.4096,-19.2916,-15.4096
T25D:E27I,-1.84066,2,-6.82288,-13.2489,-6.82289,-7.90958,-14.1348,-7.90957,-11.8372,-16.6655,-11.8372,-14.7742,-18.5668,-14.7742
T25D:E27K,-2.01655,2,-4.98381,-11.2553,-4.98382,-5.53832,-11.6259,-5.53832,-10.28,-13.9182,-10.28,-13.7005,-17.171,-13.7005
T25D:E27L,-1.65921,2,-7.24565,-13.8252,-7.24566,-8.15673,-14.2939,-8.15673,-12.3621,-16.9436,-12.3621,-14.256,-18.1056,-14.256
T25D:E27M,-1.98357,2,-8.48771,-15.0346,-8.48772,-8.58086,-14.7444,-8.58086,-12.2138,-17.0776,-12.2138,-15.4336,-19.2819,-15.4336
T25D:E27P,-2.60426,2,-11.2537,-18.6434,-11.2537,-10.7676,-17.4421,-10.7676,-19.0111,-23.3398,-19.0111,-18.5107,-22.0099,-18.5107
T25D:E27Q,-1.9301,2,-5.38053,-11.7529,-5.38054,-5.12824,-11.3775,-5.12823,-8.86246,-13.5434,-8.86245,-10.5024,-14.658,-10.5024
T25D:E27R,-1.89434,2,-7.4835,-14.1586,-7.48351,-7.46467,-13.574,-7.46466,-12.3643,-16.6766,-12.3643,-14.8222,-18.497,-14.8222
T25D:E27S,-1.24503,2,-7.67301,-14.1725,-7.67302,-7.33546,-13.6516,-7.33546,-11.5735,-16.3943,-11.5734,-15.5092,-19.4532,-15.5093
T25D:E27T,-1.46628,2,-6.73708,-13.072,-6.7371,-6.24176,-12.5563,-6.24176,-9.80369,-14.9842,-9.80367,-13.3485,-17.3477,-13.3485
T25D:E27V,-1.8318,2,-6.15937,-12.5982,-6.15938,-6.43739,-12.3905,-6.43738,-9.18598,-14.2177,-9.18597,-11.7786,-15.5439,-11.7786
T25D:E27W,-2.05764,2,-11.0983,-18.2721,-11.0983,-12.6194,-18.9129,-12.6194,-16.7351,-20.5027,-16.7351,-20.2104,-24.2092,-20.2104
T25D:E27Y,-0.983649,2,-9.3792,-15.973,-9.37921,-10.8596,-17.0035,-10.8596,-14.9072,-19.1735,-14.9072,-18.1111,-22.1367,-18.1111
T25E,-1.99387,1,-4.19104,-7.20943,-4.19105,-5.94392,-8.25346,-5.94391,-8.55065,-10.398,-8.55065,-11.7991,-13.0273,-11.7991
T25E:E27A,-2.33033,2,-6.32305,-12.6041,-6.32307,-7.85508,-13.5702,-7.85507,-10.2397,-14.5411,-10.2397,-13.2682,-17.4138,-13.2682
T25E:E27D,-2.09282,2,-7.03405,-13.1667,-7.03406,-9.78785,-15.2738,-9.78784,-12.2074,-16.6634,-12.2074,-16.243,-20.7749,-16.243
T25E:E27F,-1.37866,2,-10.095,-16.7068,-10.0951,-12.3658,-18.0619,-12.3658,-15.0938,-19.296,-15.0937,-18.1464,-21.9268,-18.1464
T25E:E27G,-2.13568,2,-9.2924,-16.1912,-9.29242,-10.8893,-16.8058,-10.8893,-14.4658,-18.7715,-14.4658,-17.3331,-21.6091,-17.3332
T25E:E27H,-2.51992,2,-9.28507,-15.802,-9.28508,-10.9164,-16.5574,-10.9164,-12.9512,-17.1727,-12.9512,-15.8553,-19.7807,-15.8553
T25E:E27I,-1.99158,2,-7.19484,-13.553,-7.19485,-9.49886,-15.1912,-9.49885,-12.0248,-16.5383,-12.0248,-15.2198,-19.056,-15.2198
T25E:E27K,-1.77029,2,-5.35577,-11.5595,-5.35578,-7.1276,-12.6823,-7.12759,-10.4676,-13.791,-10.4676,-14.1462,-17.6601,-14.1462
T25E:E27L,-1.93272,2,-7.61761,-14.1294,-7.61762,-9.74601,-15.3503,-9.746,-12.5497,-16.8164,-12.5497,-14.7016,-18.5948,-14.7017
T25E:E27M,-2.00225,2,-8.85967,-15.3387,-8.85968,-10.1701,-15.8008,-10.1701,-12.4013,-16.9504,-12.4013,-15.8793,-19.771,-15.8793
T25E:E27N,-1.74674,2,-7.91455,-13.959,-7.91456,-10.2647,-16.0414,-10.2647,-12.4442,-16.7685,-12.4441,-16.8492,-20.7443,-16.8492
T25E:E27P,-2.53656,2,-11.6256,-18.9476,-11.6257,-12.3569,-18.4985,-12.3569,-19.1987,-23.2126,-19.1987,-18.9563,-22.4991,-18.9563
T25E:E27Q,-2.15857,2,-5.75248,-12.0571,-5.75249,-6.71752,-12.4338,-6.71751,-9.05003,-13.4162,-9.05002,-10.948,-15.1471,-10.948
T25E:E27R,-1.89544,2,-7.85546,-14.4627,-7.85547,-9.05395,-14.6303,-9.05394,-12.5519,-16.5494,-12.5519,-15.2678,-18.9861,-15.2678
T25E:E27S,-2.1764,2,-8.04497,-14.4767,-8.04498,-8.92474,-14.708,-8.92473,-11.761,-16.2671,-11.761,-15.9549,-19.9423,-15.9549
T25E:E27T,-1.86208,2,-7.10904,-13.3762,-7.10906,-7.83104,-13.6127,-7.83104,-9.99125,-14.857,-9.99124,-13.7941,-17.8369,-13.7941
T25E:E27V,-1.78408,2,-6.53133,-12.9024,-6.53134,-8.02667,-13.4468,-8.02666,-9.37354,-14.0905,-9.37353,-12.2242,-16.033,-12.2242
T25E:E27W,-1.57849,2,-11.4702,-18.5762,-11.4703,-14.2087,-19.9693,-14.2087,-16.9227,-20.3755,-16.9227,-20.656,-24.6984,-20.6561
T25E:E27Y,-1.11576,2,-9.75116,-16.2772,-9.75117,-12.4489,-18.0599,-12.4489,-15.0948,-19.0463,-15.0947,-18.5567,-22.6259,-18.5567
T25F,-1.7231,1,-4.81526,-7.53637,-4.81526,-6.82942,-9.39356,-6.82941,-9.55545,-11.2113,-9.55545,-10.4669,-11.8944,-10.4669
T25F:E27A,-1.75485,2,-6.94727,-12.931,-6.94728,-8.74057,-14.7103,-8.74057,-11.2445,-15.3543,-11.2445,-11.936,-16.2809,-11.936
T25F:E27C,-0.600636,2,-11.4733,-17.7099,-11.4733,-12.4467,-18.4451,-12.4467,-16.0558,-20.1688,-16.0558,-16.8744,-20.869,-16.8744
T25F:E27D,-1.56323,2,-7.65827,-13.4937,-7.65827,-10.6733,-16.4139,-10.6733,-13.2122,-17.4766,-13.2122,-14.9108,-19.642,-14.9108
T25F:E27F,-0.960635,2,-10.7193,-17.0338,-10.7193,-13.2513,-19.202,-13.2513,-16.0986,-20.1093,-16.0985,-16.8142,-20.7939,-16.8142
T25F:E27G,-1.91012,2,-9.91662,-16.5181,-9.91663,-11.7748,-17.9459,-11.7748,-15.4706,-19.5848,-15.4706,-16.001,-20.4762,-16.001
T25F:E27H,-2.13614,2,-9.90928,-16.1289,-9.90928,-11.8019,-17.6975,-11.8019,-13.956,-17.9859,-13.956,-14.5231,-18.6478,-14.5231
T25F:E27I,-1.37462,2,-7.81906,-13.88,-7.81906,-10.3844,-16.3313,-10.3843,-13.0296,-17.3516,-13.0296,-13.8876,-17.9231,-13.8876
T25F:E27K,-1.43452,2,-5.97999,-11.8864,-5.97999,-8.0131,-13.8224,-8.01309,-11.4724,-14.6043,-11.4724,-12.814,-16.5272,-12.814
T25F:E27L,-1.7951,2,-8.24183,-14.4563,-8.24183,-10.6315,-16.4904,-10.6315,-13.5545,-17.6296,-13.5545,-13.3695,-17.4619,-13.3695
T25F:E27M,-1.82151,2,-9.48389,-15.6657,-9.48389,-11.0556,-16.9409,-11.0556,-13.4061,-17.7637,-13.4061,-14.5471,-18.6381,-14.5471
T25F:E27N,-1.5659,2,-8.53877,-14.286,-8.53877,-11.1502,-17.1815,-11.1502,-13.449,-17.5818,-13.4489,-15.517,-19.6114,-15.517
T25F:E27P,-2.55916,2,-12.2499,-19.2745,-12.2499,-13.2424,-19.6386,-13.2423,-20.2035,-24.0259,-20.2035,-17.6241,-21.3661,-17.6241
T25F:E27Q,-2.00551,2,-6.3767,-12.384,-6.3767,-7.60302,-13.5739,-7.60301,-10.0548,-14.2295,-10.0548,-9.61585,-14.0142,-9.61585
T25F:E27R,-2.08808,2,-8.47968,-14.7897,-8.47968,-9.93944,-15.7704,-9.93944,-13.5567,-17.3627,-13.5567,-13.9356,-17.8532,-13.9356
T25F:E27S,-1.7573,2,-8.66919,-14.8036,-8.66919,-9.81024,-15.8481,-9.81023,-12.7658,-17.0804,-12.7658,-14.6227,-18.8094,-14.6227
T25F:E27T,-1.53406,2,-7.73326,-13.7031,-7.73327,-8.71654,-14.7528,-8.71653,-10.996,-15.6703,-10.996,-12.462,-16.704,-12.462
T25F:E27V,-1.60987,2,-7.15555,-13.2293,-7.15555,-8.91216,-14.5869,-8.91216,-10.3783,-14.9038,-10.3783,-10.8921,-14.9001,-10.8921
T25F:E27W,-1.50777,2,-12.0945,-18.9032,-12.0945,-15.0942,-21.1094,-15.0942,-17.9275,-21.1888,-17.9275,-19.3239,-23.5655,-19.3239
T25F:E27Y,-0.743379,2,-10.3754,-16.6041,-10.3754,-13.3344,-19.2,-13.3344,-16.0996,-19.8596,-16.0995,-17.2245,-21.493,-17.2245
T25G,-2.08393,1,-5.01291,-7.82557,-5.01292,-5.92915,-8.83988,-5.92914,-9.26366,-10.6716,-9.26366,-9.99722,-11.8004,-9.99722
T25G:E27A,-2.47088,2,-7.14492,-13.2202,-7.14494,-7.8403,-14.1567,-7.8403,-10.9527,-14.8147,-10.9527,-11.4663,-16.1869,-11.4663
T25G:E27C,-0.922619,2,-11.6709,-17.9991,-11.671,-11.5464,-17.8914,-11.5464,-15.764,-19.6291,-15.764,-16.4047,-20.775,-16.4047
T25G:E27D,-2.20299,2,-7.85592,-13.7829,-7.85593,-9.77308,-15.8602,-9.77306,-12.9204,-16.937,-12.9204,-14.4411,-19.548,-14.4411
T25G:E27F,-1.3256,2,-10.9169,-17.3229,-10.9169,-12.351,-18.6483,-12.351,-15.8068,-19.5696,-15.8068,-16.3445,-20.6998,-16.3445
T25G:E27G,-1.93672,2,-10.1143,-16.8073,-10.1143,-10.8746,-17.3923,-10.8746,-15.1788,-19.0451,-15.1788,-15.5312,-20.3822,-15.5313
T25G:E27H,-2.05741,2,-10.1069,-16.4181,-10.1069,-10.9016,-17.1438,-10.9016,-13.6643,-17.4463,-13.6642,-14.0534,-18.5538,-14.0534
T25G:E27I,-1.18944,2,-8.01671,-14.1692,-8.01672,-9.48408,-15.7776,-9.48408,-12.7378,-16.8119,-12.7378,-13.4179,-17.8291,-13.4179
T25G:E27K,-1.78489,2,-6.17763,-12.1756,-6.17765,-7.11283,-13.2687,-7.11282,-11.1806,-14.0646,-11.1806,-12.3443,-16.4332,-12.3443
T25G:E27L,-1.80048,2,-8.43948,-14.7455,-8.43949,-9.73124,-15.9367,-9.73123,-13.2627,-17.09,-13.2627,-12.8997,-17.3678,-12.8998
T25G:E27M,-2.38185,2,-9.68154,-15.9549,-9.68155,-10.1554,-16.3872,-10.1554,-13.1144,-17.224,-13.1143,-14.0774,-18.5441,-14.0774
T25G:E27N,-1.90207,2,-8.73641,-14.5752,-8.73643,-10.2499,-16.6278,-10.2499,-13.1572,-17.0421,-13.1572,-15.0473,-19.5174,-15.0473
T25G:E27P,-2.09676,2,-12.4475,-19.5637,-12.4475,-12.3421,-19.0849,-12.3421,-19.9117,-23.4862,-19.9117,-17.1544,-21.2721,-17.1544
T25G:E27Q,-1.60579,2,-6.57435,-12.6732,-6.57436,-6.70275,-13.0202,-6.70274,-9.76304,-13.6899,-9.76303,-9.14613,-13.9202,-9.14614
T25G:E27R,-2.03928,2,-8.67733,-15.0788,-8.67734,-9.03918,-15.2167,-9.03917,-13.2649,-16.823,-13.2649,-13.4659,-17.7592,-13.4659
T25G:E27S,-2.48941,2,-8.86683,-15.0928,-8.86685,-8.90997,-15.2944,-8.90996,-12.474,-16.5407,-12.474,-14.153,-18.7154,-14.153
T25G:E27T,-2.08657,2,-7.93091,-13.9923,-7.93093,-7.81627,-14.1991,-7.81626,-10.7043,-15.1306,-10.7042,-11.9922,-16.61,-11.9922
T25G:E27V,-2.01501,2,-7.35319,-13.5185,-7.35321,-8.0119,-14.0332,-8.01189,-10.0866,-14.3642,-10.0865,-10.4223,-14.8061,-10.4223
T25G:E27W,-1.86009,2,-12.2921,-19.1924,-12.2921,-14.1939,-20.5557,-14.1939,-17.6357,-20.6491,-17.6357,-18.8541,-23.4715,-18.8542
T25G:E27Y,-1.25351,2,-10.573,-16.8933,-10.573,-12.4342,-18.6463,-12.4341,-15.8078,-19.32,-15.8078,-16.7548,-21.3989,-16.7548
T25H,-2.05794,1,-5.1424,-7.698,-5.1424,-5.90904,-8.44619,-5.90903,-8.89039,-11.0518,-8.89038,-9.78077,-11.1051,-9.78078
T25H:E27A,-2.49981,2,-7.27441,-13.0927,-7.27442,-7.82019,-13.763,-7.82018,-10.5794,-15.1949,-10.5794,-11.2498,-15.4917,-11.2498
T25H:E27D,-2.08147,2,-7.98541,-13.6553,-7.98541,-9.75296,-15.4666,-9.75295,-12.5471,-17.3172,-12.5471,-14.2246,-18.8527,-14.2246
T25H:E27F,-1.26429,2,-11.0464,-17.1954,-11.0464,-12.3309,-18.2546,-12.3309,-15.4335,-19.9498,-15.4335,-16.128,-20.0046,-16.128
T25H:E27G,-1.68398,2,-10.2438,-16.6797,-10.2438,-10.8545,-16.9986,-10.8545,-14.8055,-19.4253,-14.8055,-15.3148,-19.687,-15.3148
T25H:E27H,-1.98603,2,-10.2364,-16.2905,-10.2364,-10.8815,-16.7501,-10.8815,-13.291,-17.8265,-13.291,-13.8369,-17.8585,-13.8369
T25H:E27I,-1.55038,2,-8.1462,-14.0416,-8.1462,-9.46397,-15.3839,-9.46396,-12.3645,-17.1921,-12.3645,-13.2015,-17.1338,-13.2015
T25H:E27K,-1.991,2,-6.30712,-12.048,-6.30713,-7.09271,-12.875,-7.09271,-10.8073,-14.4448,-10.8073,-12.1278,-15.7379,-12.1278
T25H:E27L,-1.94495,2,-8.56897,-14.6179,-8.56897,-9.71112,-15.543,-9.71112,-12.8894,-17.4702,-12.8894,-12.6833,-16.6726,-12.6833
T25H:E27M,-2.00919,2,-9.81103,-15.8273,-9.81103,-10.1353,-15.9935,-10.1352,-12.7411,-17.6042,-12.7411,-13.8609,-17.8488,-13.8609
T25H:E27N,-1.38359,2,-8.8659,-14.4476,-8.86591,-10.2298,-16.2341,-10.2298,-12.7839,-17.4223,-12.7839,-14.8308,-18.8221,-14.8309
T25H:E27P,-2.13285,2,-12.577,-19.4361,-12.577,-12.322,-18.6912,-12.322,-19.5384,-23.8664,-19.5384,-16.938,-20.5769,-16.938
T25H:E27Q,-1.94597,2,-6.70384,-12.5456,-6.70384,-6.68263,-12.6266,-6.68262,-9.38976,-14.07,-9.38975,-8.92969,-13.2249,-8.9297
T25H:E27R,-2.57197,2,-8.80682,-14.9513,-8.80682,-9.01906,-14.8231,-9.01905,-12.8916,-17.2032,-12.8916,-13.2495,-17.0639,-13.2495
T25H:E27S,-1.97147,2,-8.99632,-14.9652,-8.99633,-8.88985,-14.9007,-8.88985,-12.1008,-16.9209,-12.1007,-13.9365,-18.0201,-13.9365
T25H:E27T,-1.75402,2,-8.0604,-13.8647,-8.06041,-7.79615,-13.8054,-7.79615,-10.331,-15.5108,-10.331,-11.7758,-15.9147,-11.7758
T25H:E27V,-1.86355,2,-7.48268,-13.391,-7.48269,-7.99178,-13.6396,-7.99178,-9.71328,-14.7443,-9.71327,-10.2059,-14.1108,-10.2059
T25H:E27W,-2.04559,2,-12.4216,-19.0648,-12.4216,-14.1738,-20.162,-14.1738,-17.2624,-21.0293,-17.2624,-18.6377,-22.7762,-18.6377
T25H:E27Y,-0.977143,2,-10.7025,-16.7657,-10.7025,-12.414,-18.2526,-12.414,-15.4345,-19.7001,-15.4345,-16.5383,-20.7037,-16.5384
T25I,-1.76803,1,-5.06398,-7.43522,-5.06398,-5.76271,-7.87644,-5.76271,-6.54845,-8.92015,-6.54845,-8.14125,-9.68024,-8.14126
T25I:E27A,-2.1929,2,-7.19599,-12.8299,-7.196,-7.67387,-13.1932,-7.67386,-8.23746,-13.0632,-8.23745,-9.61029,-14.0668,-9.6103
T25I:E27D,-1.98686,2,-7.90699,-13.3925,-7.907,-9.60664,-14.8968,-9.60663,-10.2052,-15.1855,-10.2052,-12.5851,-17.4279,-12.5851
T25I:E27F,-1.79842,2,-10.968,-16.9326,-10.968,-12.1846,-17.6849,-12.1846,-13.0916,-17.8181,-13.0915,-14.4885,-18.5797,-14.4885
T25I:E27G,-2.10141,2,-10.1653,-16.4169,-10.1654,-10.7081,-16.4288,-10.7081,-12.4636,-17.2936,-12.4636,-13.6753,-18.2621,-13.6753
T25I:E27H,-2.16147,2,-10.158,-16.0278,-10.158,-10.7352,-16.1804,-10.7352,-10.949,-15.6948,-10.949,-12.1974,-16.4337,-12.1974
T25I:E27I,-1.86248,2,-8.06778,-13.7788,-8.06779,-9.31764,-14.8142,-9.31765,-10.0226,-15.0605,-10.0226,-11.5619,-15.7089,-11.5619
T25I:E27K,-1.74957,2,-6.2287,-11.7853,-6.22872,-6.94639,-12.3053,-6.94639,-8.46539,-12.3132,-8.46537,-10.4883,-14.313,-10.4883
T25I:E27L,-1.78527,2,-8.49055,-14.3552,-8.49056,-9.5648,-14.9733,-9.5648,-10.5475,-15.3385,-10.5475,-11.0438,-15.2477,-11.0438
T25I:E27M,-1.82398,2,-9.73261,-15.5645,-9.73262,-9.98893,-15.4237,-9.98893,-10.3991,-15.4725,-10.3991,-12.2214,-16.424,-12.2214
T25I:E27N,-1.94117,2,-8.78749,-14.1848,-8.7875,-10.0835,-15.6643,-10.0835,-10.442,-15.2906,-10.4419,-13.1913,-17.3973,-13.1913
T25I:E27P,-2.68641,2,-12.4986,-19.1734,-12.4986,-12.1756,-18.1215,-12.1756,-17.1965,-21.7348,-17.1965,-15.2985,-19.152,-15.2985
T25I:E27Q,-1.98334,2,-6.62542,-12.2829,-6.62543,-6.53631,-12.0568,-6.53631,-7.04783,-11.9384,-7.04781,-7.29017,-11.8001,-7.29018
T25I:E27R,-2.28661,2,-8.7284,-14.6885,-8.72841,-8.87274,-14.2533,-8.87274,-10.5497,-15.0715,-10.5497,-11.61,-15.6391,-11.61
T25I:E27S,-1.99332,2,-8.9179,-14.7025,-8.91792,-8.74353,-14.331,-8.74353,-9.75882,-14.7892,-9.7588,-12.297,-16.5953,-12.297
T25I:E27T,-1.90543,2,-7.98198,-13.602,-7.982,-7.64983,-13.2357,-7.64983,-7.98905,-13.3792,-7.98903,-10.1363,-14.4898,-10.1363
T25I:E27V,-1.85228,2,-7.40427,-13.1282,-7.40428,-7.84546,-13.0698,-7.84546,-7.37134,-12.6127,-7.37133,-8.56637,-12.686,-8.56638
T25I:E27W,-2.12344,2,-12.3432,-18.802,-12.3432,-14.0275,-19.5923,-14.0275,-14.9205,-18.8976,-14.9205,-16.9982,-21.3513,-16.9982
T25I:E27Y,-1.71543,2,-10.6241,-16.5029,-10.6241,-12.2677,-17.6829,-12.2677,-13.0926,-17.5685,-13.0925,-14.8988,-19.2788,-14.8988
T25K,-1.7825,1,-3.19931,-5.94899,-3.19932,-3.91685,-6.78043,-3.91684,-4.0435,-6.44651,-4.0435,-6.96248,-8.5362,-6.96249
T25K:E27A,-2.28772,2,-5.33133,-11.3436,-5.33134,-5.828,-12.0972,-5.828,-5.73252,-10.5896,-5.7325,-8.43152,-12.9228,-8.43154
T25K:E27D,-1.74787,2,-6.04233,-11.9063,-6.04233,-7.76078,-13.8008,-7.76076,-7.70025,-12.7119,-7.70023,-11.4063,-16.2838,-11.4064
T25K:E27F,-1.58549,2,-9.10331,-15.4464,-9.10332,-10.3387,-16.5889,-10.3387,-10.5866,-15.3445,-10.5866,-13.3097,-17.4357,-13.3097
T25K:E27G,-1.98441,2,-8.30068,-14.9307,-8.30069,-8.86228,-15.3328,-8.86227,-9.95862,-14.82,-9.9586,-12.4965,-17.1181,-12.4965
T25K:E27H,-1.96559,2,-8.29334,-14.5415,-8.29335,-8.88929,-15.0843,-8.88929,-8.4441,-13.2212,-8.44408,-11.0186,-15.2896,-11.0187
T25K:E27I,-1.75729,2,-6.20311,-12.2926,-6.20312,-7.47178,-13.7182,-7.47178,-7.51763,-12.5868,-7.51761,-10.3832,-14.5649,-10.3832
T25K:E27K,-1.96087,2,-4.36404,-10.299,-4.36405,-5.10053,-11.2093,-5.10052,-5.96044,-9.83952,-5.96042,-9.30952,-13.169,-9.30953
T25K:E27L,-1.72391,2,-6.62588,-12.8689,-6.62589,-7.71894,-13.8772,-7.71893,-8.04255,-12.8649,-8.04254,-9.86501,-14.1037,-9.86502
T25K:E27M,-1.60276,2,-7.86794,-14.0783,-7.86795,-8.14307,-14.3277,-8.14306,-7.8942,-12.9989,-7.89418,-11.0426,-15.2799,-11.0426
T25K:E27N,-2.19585,2,-6.92282,-12.6986,-6.92283,-8.23762,-14.5683,-8.23761,-7.93701,-12.817,-7.93699,-12.0126,-16.2532,-12.0126
T25K:E27P,-2.43938,2,-10.6339,-17.6871,-10.6339,-10.3298,-17.0255,-10.3298,-14.6915,-19.2611,-14.6915,-14.1197,-18.008,-14.1197
T25K:E27Q,-1.75876,2,-4.76076,-10.7966,-4.76076,-4.69045,-10.9608,-4.69044,-4.54288,-9.46473,-4.54286,-6.1114,-10.656,-6.11141
T25K:E27R,-2.01208,2,-6.86373,-13.2023,-6.86374,-7.02688,-13.1573,-7.02687,-8.04475,-12.5979,-8.04473,-10.4312,-14.4951,-10.4312
T25K:E27S,-2.03412,2,-7.05324,-13.2162,-7.05325,-6.89767,-13.2349,-6.89766,-7.25387,-12.3156,-7.25385,-11.1182,-15.4512,-11.1183
T25K:E27T,-1.49296,2,-6.11732,-12.1157,-6.11733,-5.80397,-12.1397,-5.80396,-5.4841,-10.9055,-5.48408,-8.9575,-13.3458,-8.95751
T25K:E27V,-1.79594,2,-5.5396,-11.6419,-5.53961,-5.9996,-11.9738,-5.99959,-4.8664,-10.139,-4.86638,-7.3876,-11.5419,-7.38761
T25K:E27W,-2.14928,2,-10.4785,-17.3158,-10.4785,-12.1816,-18.4963,-12.1816,-12.4155,-16.424,-12.4155,-15.8194,-20.2073,-15.8194
T25K:E27Y,-1.1024,2,-8.75943,-15.0167,-8.75944,-10.4219,-16.5869,-10.4218,-10.5876,-15.0948,-10.5876,-13.7201,-18.1348,-13.7201
T25L,-1.46327,1,-3.49917,-6.0911,-3.49917,-4.85139,-7.00812,-4.85139,-6.01673,-8.08026,-6.01673,-7.19994,-8.38901,-7.19995
T25L:E27D,-1.86352,2,-6.34218,-12.0484,-6.34218,-8.69532,-14.0285,-8.69531,-9.67347,-14.3456,-9.67346,-11.6438,-16.1367,-11.6438
T25L:E27F,-0.721253,2,-9.40317,-15.5885,-9.40317,-11.2733,-16.8166,-11.2733,-12.5598,-16.9782,-12.5598,-13.5472,-17.2885,-13.5472
T25L:E27G,-2.08771,2,-8.60053,-15.0728,-8.60054,-9.79682,-15.5605,-9.79682,-11.9318,-16.4537,-11.9318,-12.734,-16.9709,-12.734
T25L:E27H,-1.78219,2,-8.59319,-14.6836,-8.5932,-9.82384,-15.312,-9.82383,-10.4173,-14.8549,-10.4173,-11.2561,-15.1424,-11.2561
T25L:E27I,-0.921488,2,-6.50297,-12.4347,-6.50297,-8.40633,-13.9459,-8.40633,-9.49085,-14.2206,-9.49084,-10.6206,-14.4177,-10.6206
T25L:E27K,-1.6248,2,-4.66389,-10.4411,-4.6639,-6.03507,-11.437,-6.03507,-7.93367,-11.4733,-7.93365,-9.54698,-13.0218,-9.54699
T25L:E27L,-1.01713,2,-6.92573,-13.011,-6.92574,-8.65348,-14.1049,-8.65348,-10.0158,-14.4986,-10.0158,-10.1025,-13.9565,-10.1025
T25L:E27M,-1.1755,2,-8.1678,-14.2204,-8.1678,-9.07761,-14.5554,-9.07761,-9.86742,-14.6326,-9.86741,-11.2801,-15.1327,-11.2801
T25L:E27N,-1.9207,2,-7.22267,-12.8407,-7.22268,-9.17216,-14.796,-9.17215,-9.91024,-14.4507,-9.91022,-12.25,-16.1061,-12.25
T25L:E27P,-2.25613,2,-10.9338,-17.8292,-10.9338,-11.2643,-17.2532,-11.2643,-16.6648,-20.8949,-16.6647,-14.3571,-17.8608,-14.3571
T25L:E27Q,-1.16147,2,-5.06061,-10.9387,-5.06062,-5.62499,-11.1885,-5.62499,-6.51611,-11.0985,-6.51609,-6.34886,-10.5088,-6.34887
T25L:E27R,-1.9326,2,-7.16359,-13.3444,-7.16359,-7.96142,-13.385,-7.96142,-10.018,-14.2316,-10.018,-10.6686,-14.3479,-10.6686
T25L:E27T,-1.21406,2,-6.41717,-12.2578,-6.41718,-6.73851,-12.3674,-6.73851,-7.45733,-12.5393,-7.45731,-9.19496,-13.1986,-9.19497
T25L:E27V,-1.23266,2,-5.83945,-11.7841,-5.83946,-6.93414,-12.2015,-6.93414,-6.83962,-11.7728,-6.83961,-7.62506,-11.3948,-7.62507
T25L:E27W,-1.55073,2,-10.7784,-17.4579,-10.7784,-13.1161,-18.724,-13.1161,-14.3888,-18.0577,-14.3887,-16.0569,-20.0601,-16.0569
T25L:E27Y,-0.688086,2,-9.05928,-15.1588,-9.05929,-11.3564,-16.8146,-11.3564,-12.5608,-16.7286,-12.5608,-13.9575,-17.9876,-13.9575
T25M,-2.12921,1,-5.41073,-8.03376,-5.41074,-7.31808,-9.56655,-7.31807,-7.97599,-9.89146,-7.97599,-8.60497,-9.93423,-8.60497
T25M:E27A,-2.42964,2,-7.54275,-13.4284,-7.54276,-9.22923,-14.8833,-9.22923,-9.66501,-14.0345,-9.66499,-10.074,-14.3208,-10.074
T25M:E27C,-0.155502,2,-12.0688,-18.2073,-12.0688,-12.9353,-18.6181,-12.9353,-14.4763,-18.8489,-14.4763,-15.0125,-18.9088,-15.0125
T25M:E27D,-2.13201,2,-8.25375,-13.9911,-8.25375,-11.162,-16.5869,-11.162,-11.6327,-16.1568,-11.6327,-13.0488,-17.6819,-13.0488
T25M:E27F,-1.21964,2,-11.3147,-17.5311,-11.3147,-13.74,-19.375,-13.74,-14.5191,-18.7894,-14.5191,-14.9522,-18.8337,-14.9522
T25M:E27G,-2.11017,2,-10.5121,-17.0155,-10.5121,-12.2635,-18.1189,-12.2635,-13.8911,-18.2649,-13.8911,-14.139,-18.5161,-14.139
T25M:E27H,-2.2407,2,-10.5048,-16.6263,-10.5048,-12.2905,-17.8705,-12.2905,-12.3766,-16.6661,-12.3766,-12.6611,-16.6877,-12.6611
T25M:E27I,-1.79299,2,-8.41453,-14.3774,-8.41454,-10.873,-16.5043,-10.873,-11.4501,-16.0318,-11.4501,-12.0256,-15.9629,-12.0257
T25M:E27K,-1.84488,2,-6.57546,-12.3838,-6.57547,-8.50176,-13.9954,-8.50176,-9.89293,-13.2845,-9.89291,-10.952,-14.567,-10.952
T25M:E27L,-1.21485,2,-8.8373,-14.9537,-8.83731,-11.1202,-16.6634,-11.1202,-11.975,-16.3098,-11.975,-11.5075,-15.5017,-11.5075
T25M:E27M,-1.3575,2,-10.0794,-16.1631,-10.0794,-11.5443,-17.1139,-11.5443,-11.8267,-16.4438,-11.8267,-12.6851,-16.6779,-12.6851
T25M:E27N,-1.52169,2,-9.13424,-14.7834,-9.13425,-11.6388,-17.3545,-11.6388,-11.8695,-16.2619,-11.8695,-13.655,-17.6513,-13.655
T25M:E27P,-2.04245,2,-12.8453,-19.7719,-12.8454,-13.731,-19.8116,-13.731,-18.624,-22.7061,-18.624,-15.7622,-19.406,-15.7622
T25M:E27Q,-1.81489,2,-6.97218,-12.8814,-6.97218,-8.09168,-13.7469,-8.09167,-8.47537,-12.9097,-8.47535,-7.75388,-12.054,-7.75389
T25M:E27R,-2.39726,2,-9.07515,-15.287,-9.07516,-10.4281,-15.9434,-10.4281,-11.9772,-16.0429,-11.9772,-12.0737,-15.8931,-12.0737
T25M:E27S,-2.10961,2,-9.26466,-15.301,-9.26467,-10.2989,-16.0211,-10.2989,-11.1864,-15.7605,-11.1863,-12.7607,-16.8493,-12.7607
T25M:E27T,-1.59411,2,-8.32873,-14.2005,-8.32875,-9.2052,-14.9258,-9.2052,-9.41659,-14.3505,-9.41657,-10.6,-14.7438,-10.6
T25M:E27V,-1.80391,2,-7.75102,-13.7267,-7.75103,-9.40082,-14.7599,-9.40082,-8.79888,-13.584,-8.79887,-9.03009,-12.94,-9.03009
T25M:E27W,-1.77748,2,-12.6899,-19.4006,-12.6899,-15.5828,-21.2824,-15.5828,-16.348,-19.8689,-16.348,-17.4619,-21.6053,-17.4619
T25M:E27Y,-1.06474,2,-10.9709,-17.1015,-10.9709,-13.8231,-19.373,-13.8231,-14.5201,-18.5398,-14.5201,-15.3625,-19.5328,-15.3625
T25N,-1.56471,1,-2.57187,-5.17352,-2.57188,-2.96347,-5.90192,-2.96346,-4.79246,-7.27901,-4.79245,-5.85271,-7.7195,-5.85271
T25N:E27A,-1.7303,2,-4.70389,-10.5682,-4.7039,-4.87462,-11.2187,-4.87462,-6.48147,-11.4221,-6.48146,-7.32175,-12.1061,-7.32175
T25N:E27D,-2.01144,2,-5.41489,-11.1308,-5.41489,-6.80739,-12.9223,-6.80739,-8.4492,-13.5444,-8.44919,-10.2966,-15.4671,-10.2966
T25N:E27F,-1.48711,2,-8.47587,-14.6709,-8.47588,-9.38534,-15.7104,-9.38534,-11.3356,-16.177,-11.3356,-12.1999,-16.619,-12.1999
T25N:E27G,-1.88119,2,-7.67324,-14.1553,-7.67325,-7.90889,-14.4543,-7.90889,-10.7076,-15.6525,-10.7076,-11.3867,-16.3014,-11.3867
T25N:E27H,-1.84608,2,-7.6659,-13.7661,-7.6659,-7.93591,-14.2058,-7.93591,-9.19306,-14.0536,-9.19304,-9.90887,-14.4729,-9.90887
T25N:E27I,-1.83406,2,-5.57567,-11.5171,-5.57568,-6.5184,-12.8396,-6.5184,-8.26658,-13.4193,-8.26657,-9.27339,-13.7482,-9.2734
T25N:E27K,-1.78163,2,-3.7366,-9.52357,-3.73661,-4.14715,-10.3308,-4.14714,-6.7094,-10.672,-6.70938,-8.19975,-12.3523,-8.19975
T25N:E27L,-1.75842,2,-5.99844,-12.0935,-5.99845,-6.76556,-12.9987,-6.76555,-8.79151,-13.6974,-8.79149,-8.75523,-13.287,-8.75524
T25N:E27M,-1.89412,2,-7.2405,-13.3028,-7.24051,-7.18969,-13.4492,-7.18968,-8.64315,-13.8314,-8.64314,-9.93286,-14.4632,-9.93286
T25N:E27N,-1.56035,2,-6.29538,-11.9231,-6.29539,-7.28423,-13.6898,-7.28423,-8.68597,-13.6495,-8.68595,-10.9028,-15.4365,-10.9028
T25N:E27P,-2.21405,2,-10.0065,-16.9117,-10.0065,-9.3764,-16.1469,-9.3764,-15.4405,-20.0936,-15.4405,-13.0099,-17.1913,-13.0099
T25N:E27Q,-1.54699,2,-4.13332,-10.0212,-4.13332,-3.73707,-10.0823,-3.73706,-5.29183,-10.2972,-5.29182,-5.00162,-9.83932,-5.00163
T25N:E27R,-2.04975,2,-6.23629,-12.4268,-6.2363,-6.07349,-12.2788,-6.07349,-8.7937,-13.4304,-8.79369,-9.32141,-13.6783,-9.32141
T25N:E27S,-2.00737,2,-6.4258,-12.4408,-6.42581,-5.94429,-12.3564,-5.94428,-8.00283,-13.1481,-8.00281,-10.0085,-14.6345,-10.0085
T25N:E27T,-1.58435,2,-5.48988,-11.3403,-5.48989,-4.85059,-11.2612,-4.85058,-6.23306,-11.738,-6.23304,-7.84773,-12.5291,-7.84773
T25N:E27V,-1.94216,2,-4.91216,-10.8665,-4.91217,-5.04621,-11.0953,-5.04621,-5.61535,-10.9715,-5.61534,-6.27783,-10.7252,-6.27783
T25N:E27W,-2.11164,2,-9.85108,-16.5403,-9.85108,-11.2282,-17.6178,-11.2282,-13.1645,-17.2565,-13.1645,-14.7096,-19.3906,-14.7096
T25N:E27Y,-1.57422,2,-8.13199,-14.2412,-8.132,-9.46847,-15.7084,-9.46847,-11.3366,-15.9273,-11.3365,-12.6103,-17.3181,-12.6103
T25P,-2.54912,1,-7.58548,-9.78412,-7.58551,-8.28411,-10.0653,-8.2841,-10.3953,-11.8855,-10.3953,-9.39557,-10.9557,-9.39558
T25P:E27A,-2.74857,2,-9.7175,-15.1788,-9.71753,-10.1953,-15.382,-10.1953,-12.0843,-16.0286,-12.0843,-10.8646,-15.3422,-10.8646
T25P:E27C,-2.30726,2,-14.2435,-19.9577,-14.2435,-13.9014,-19.1168,-13.9014,-16.8956,-20.843,-16.8956,-15.8031,-19.9303,-15.8031
T25P:E27D,-2.21687,2,-10.4285,-15.7414,-10.4285,-12.128,-17.0856,-12.128,-14.052,-18.1509,-14.052,-13.8394,-18.7033,-13.8394
T25P:E27F,-2.7609,2,-13.4895,-19.2815,-13.4895,-14.706,-19.8737,-14.706,-16.9384,-20.7835,-16.9383,-15.7428,-19.8552,-15.7428
T25P:E27G,-2.3996,2,-12.6868,-18.7659,-12.6869,-13.2295,-18.6176,-13.2295,-16.3104,-20.259,-16.3104,-14.9296,-19.5375,-14.9296
T25P:E27H,-3.00311,2,-12.6795,-18.3767,-12.6795,-13.2565,-18.3692,-13.2565,-14.7959,-18.6602,-14.7958,-13.4517,-17.7091,-13.4517
T25P:E27I,-3.14988,2,-10.5893,-16.1277,-10.5893,-11.839,-17.003,-11.839,-13.8694,-18.0258,-13.8694,-12.8163,-16.9844,-12.8163
T25P:E27K,-2.57911,2,-8.75021,-14.1342,-8.75024,-9.46778,-14.4941,-9.46778,-12.3122,-15.2785,-12.3122,-11.7426,-15.5885,-11.7426
T25P:E27L,-2.69148,2,-11.0121,-16.7041,-11.0121,-12.0862,-17.1621,-12.0862,-14.3943,-18.3039,-14.3943,-12.2981,-16.5231,-12.2981
T25P:E27M,-2.60405,2,-12.2541,-17.9134,-12.2541,-12.5103,-17.6126,-12.5103,-14.2459,-18.4379,-14.2459,-13.4757,-17.6994,-13.4757
T25P:E27P,-1.82034,2,-15.0201,-21.5223,-15.0201,-14.697,-20.3103,-14.697,-21.0433,-24.7001,-21.0433,-16.5528,-20.4274,-16.5528
T25P:E27Q,-2.35074,2,-9.14693,-14.6318,-9.14695,-9.0577,-14.2456,-9.0577,-10.8946,-14.9037,-10.8946,-8.54449,-13.0755,-8.5445
T25P:E27R,-2.91337,2,-11.2499,-17.0374,-11.2499,-11.3941,-16.4421,-11.3941,-14.3965,-18.0369,-14.3965,-12.8643,-16.9145,-12.8643
T25P:E27S,-2.33484,2,-11.4394,-17.0514,-11.4394,-11.2649,-16.5198,-11.2649,-13.6056,-17.7546,-13.6056,-13.5513,-17.8707,-13.5513
T25P:E27T,-2.45767,2,-10.5035,-15.9509,-10.5035,-10.1712,-15.4245,-10.1712,-11.8359,-16.3445,-11.8358,-11.3906,-15.7653,-11.3906
T25P:E27V,-2.4026,2,-9.92577,-15.4771,-9.9258,-10.3668,-15.2586,-10.3668,-11.2181,-15.578,-11.2181,-9.82069,-13.9614,-9.8207
T25P:E27W,-2.4558,2,-14.8647,-21.1509,-14.8647,-16.5489,-21.7811,-16.5489,-18.7673,-21.863,-18.7673,-18.2525,-22.6268,-18.2525
T25P:E27Y,-2.77891,2,-13.1456,-18.8519,-13.1456,-14.7891,-19.8717,-14.7891,-16.9394,-20.5338,-16.9393,-16.1532,-20.5542,-16.1532
T25Q,-2.00954,1,-4.23181,-6.93469,-4.23181,-6.38094,-8.73018,-6.38093,-8.18768,-10.5244,-8.18767,-10.3683,-11.4056,-10.3683
T25Q:E27D,-1.95971,2,-7.07482,-12.892,-7.07483,-10.2249,-15.7505,-10.2249,-11.8444,-16.7898,-11.8444,-14.8122,-19.1533,-14.8122
T25Q:E27F,-1.49889,2,-10.1358,-16.4321,-10.1358,-12.8028,-18.5386,-12.8028,-14.7308,-19.4224,-14.7308,-16.7156,-20.3051,-16.7156
T25Q:E27G,-1.90279,2,-9.33317,-15.9164,-9.33318,-11.3264,-17.2826,-11.3264,-14.1028,-18.8979,-14.1028,-15.9024,-19.9875,-15.9024
T25Q:E27H,-2.30075,2,-9.32583,-15.5272,-9.32584,-11.3534,-17.0341,-11.3534,-12.5883,-17.2991,-12.5883,-14.4245,-18.159,-14.4245
T25Q:E27I,-1.90215,2,-7.23561,-13.2783,-7.23562,-9.93587,-15.6679,-9.93587,-11.6618,-16.6647,-11.6618,-13.789,-17.4343,-13.789
T25Q:E27K,-1.61524,2,-5.39653,-11.2847,-5.39654,-7.56462,-13.159,-7.56461,-10.1046,-13.9174,-10.1046,-12.7154,-16.0384,-12.7154
T25Q:E27L,-2.08493,2,-7.65838,-13.8546,-7.65838,-10.183,-15.827,-10.183,-12.1867,-16.9428,-12.1867,-13.2709,-16.9731,-13.2709
T25Q:E27M,-1.70577,2,-8.90044,-15.064,-8.90045,-10.6072,-16.2775,-10.6072,-12.0384,-17.0768,-12.0384,-14.4485,-18.1493,-14.4485
T25Q:E27N,-2.19079,2,-7.95531,-13.6843,-7.95532,-10.7017,-16.5181,-10.7017,-12.0812,-16.8949,-12.0812,-15.4184,-19.1227,-15.4184
T25Q:E27P,-2.37659,2,-11.6664,-18.6728,-11.6664,-12.7939,-18.9752,-12.7939,-18.8357,-23.339,-18.8357,-17.5255,-20.8774,-17.5255
T25Q:E27Q,-2.05275,2,-5.79325,-11.7823,-5.79326,-7.15454,-12.9105,-7.15453,-8.68705,-13.5426,-8.68704,-9.51725,-13.5254,-9.51725
T25Q:E27R,-2.19061,2,-7.89623,-14.188,-7.89624,-9.49097,-15.107,-9.49096,-12.1889,-16.6758,-12.1889,-13.837,-17.3645,-13.837
T25Q:E27S,-2.09471,2,-8.08573,-14.2019,-8.08575,-9.36176,-15.1847,-9.36175,-11.398,-16.3935,-11.398,-14.5241,-18.3206,-14.5241
T25Q:E27T,-1.6625,2,-7.14981,-13.1014,-7.14982,-8.26806,-14.0894,-8.26805,-9.62828,-14.9834,-9.62826,-12.3633,-16.2152,-12.3634
T25Q:E27V,-2.03372,2,-6.57209,-12.6276,-6.5721,-8.46368,-13.9235,-8.46368,-9.01057,-14.2169,-9.01056,-10.7935,-14.4114,-10.7935
T25Q:E27W,-2.01787,2,-11.511,-18.3015,-11.511,-14.6457,-20.446,-14.6457,-16.5597,-20.5019,-16.5597,-19.2253,-23.0767,-19.2253
T25Q:E27Y,-1.32104,2,-9.79193,-16.0024,-9.79193,-12.8859,-18.5366,-12.8859,-14.7318,-19.1727,-14.7318,-17.1259,-21.0042,-17.1259
T25R,-1.90813,1,-4.07906,-6.68626,-4.07907,-5.15862,-7.87729,-5.15861,-5.84951,-8.05577,-5.8495,-7.21822,-8.99276,-7.21823
T25R:E27A,-2.19934,2,-6.21107,-12.0809,-6.21108,-7.06977,-13.1941,-7.06977,-7.53852,-12.1988,-7.53851,-8.68726,-13.3793,-8.68727
T25R:E27D,-2.10043,2,-6.92208,-12.6436,-6.92208,-9.00255,-14.8977,-9.00253,-9.50625,-14.3211,-9.50624,-11.6621,-16.7404,-11.6621
T25R:E27F,-1.14459,2,-9.98306,-16.1836,-9.98307,-11.5805,-17.6857,-11.5805,-12.3926,-16.9537,-12.3926,-13.5655,-17.8923,-13.5655
T25R:E27G,-1.93836,2,-9.18043,-15.668,-9.18044,-10.104,-16.4297,-10.104,-11.7646,-16.4292,-11.7646,-12.7523,-17.5746,-12.7523
T25R:E27H,-2.36598,2,-9.17309,-15.2788,-9.17309,-10.1311,-16.1812,-10.1311,-10.2501,-14.8304,-10.2501,-11.2744,-15.7462,-11.2744
T25R:E27I,-1.86042,2,-7.08286,-13.0299,-7.08287,-8.71355,-14.815,-8.71355,-9.32363,-14.1961,-9.32362,-10.6389,-15.0215,-10.6389
T25R:E27K,-2.06596,2,-5.24379,-11.0363,-5.2438,-6.3423,-12.3061,-6.34229,-7.76645,-11.4488,-7.76643,-9.56526,-13.6256,-9.56527
T25R:E27L,-2.04452,2,-7.50563,-13.6062,-7.50564,-8.96071,-14.9741,-8.9607,-9.84856,-14.4741,-9.84854,-10.1207,-14.5602,-10.1208
T25R:E27M,-1.96309,2,-8.74769,-14.8156,-8.7477,-9.38484,-15.4246,-9.38483,-9.7002,-14.6081,-9.70019,-11.2984,-15.7365,-11.2984
T25R:E27N,-2.20082,2,-7.80257,-13.4359,-7.80258,-9.47938,-15.6652,-9.47938,-9.74302,-14.4262,-9.743,-12.2683,-16.7098,-12.2683
T25R:E27P,-2.14888,2,-11.5137,-18.4244,-11.5137,-11.5716,-18.1223,-11.5715,-16.4975,-20.8704,-16.4975,-14.3754,-18.4645,-14.3754
T25R:E27Q,-1.77818,2,-5.64051,-11.5339,-5.64051,-5.93222,-12.0577,-5.93221,-6.34889,-11.074,-6.34887,-6.36714,-11.1126,-6.36715
T25R:E27R,-2.46201,2,-7.74348,-13.9395,-7.74349,-8.26865,-14.2542,-8.26864,-9.85075,-14.2072,-9.85073,-10.6869,-14.9516,-10.6869
T25R:E27S,-1.96249,2,-7.93299,-13.9535,-7.933,-8.13944,-14.3318,-8.13943,-9.05988,-13.9248,-9.05986,-11.374,-15.9078,-11.374
T25R:E27T,-2.23103,2,-6.99706,-12.853,-6.99708,-7.04574,-13.2365,-7.04573,-7.29011,-12.5148,-7.29009,-9.21324,-13.8024,-9.21325
T25R:E27W,-2.30385,2,-11.3583,-18.0531,-11.3583,-13.4234,-19.5931,-13.4234,-14.2215,-18.0332,-14.2215,-16.0752,-20.6639,-16.0752
T25R:E27Y,-1.45078,2,-9.63918,-15.754,-9.63919,-11.6636,-17.6837,-11.6636,-12.3936,-16.7041,-12.3936,-13.9758,-18.5913,-13.9758
T25S,-1.2439,1,-1.75946,-4.50142,-1.75946,-2.24869,-5.08938,-2.24869,-3.49278,-5.9354,-3.49277,-3.59998,-5.48111,-3.59998
T25S:E27A,-1.73334,2,-3.89147,-9.89608,-3.89148,-4.15984,-10.4062,-4.15984,-5.18179,-10.0784,-5.18178,-5.06902,-9.86767,-5.06902
T25S:E27D,-1.63905,2,-4.60247,-10.4587,-4.60247,-6.09261,-12.1097,-6.09261,-7.14952,-12.2007,-7.14951,-8.04383,-13.2288,-8.04384
T25S:E27F,-1.50666,2,-7.66346,-13.9988,-7.66346,-8.67056,-14.8978,-8.67056,-10.0359,-14.8334,-10.0359,-9.94722,-14.3806,-9.94722
T25S:E27G,-1.8817,2,-6.86082,-13.4832,-6.86083,-7.19411,-13.6418,-7.19412,-9.4079,-14.3089,-9.40788,-9.13401,-14.063,-9.13401
T25S:E27H,-1.68872,2,-6.85349,-13.094,-6.85349,-7.22113,-13.3933,-7.22113,-7.89337,-12.71,-7.89336,-7.65614,-12.2345,-7.65614
T25S:E27I,-1.28103,2,-4.76326,-10.845,-4.76327,-5.80362,-12.0271,-5.80362,-6.9669,-12.0757,-6.96689,-7.02066,-11.5098,-7.02066
T25S:E27K,-1.29829,2,-2.92419,-8.85147,-2.92419,-3.43237,-9.51822,-3.43237,-5.40971,-9.32841,-5.4097,-5.94701,-10.1139,-5.94702
T25S:E27L,-1.36916,2,-5.18603,-11.4214,-5.18603,-6.05078,-12.1862,-6.05078,-7.49183,-12.3537,-7.49181,-6.5025,-11.0486,-6.50251
T25S:E27M,-1.46157,2,-6.42809,-12.6307,-6.4281,-6.4749,-12.6367,-6.47491,-7.34347,-12.4878,-7.34346,-7.68013,-12.2248,-7.68013
T25S:E27N,-1.38129,2,-5.48297,-11.251,-5.48297,-6.56945,-12.8773,-6.56945,-7.38629,-12.3059,-7.38627,-8.65005,-13.1982,-8.65005
T25S:E27P,-2.10598,2,-9.19406,-16.2396,-9.19407,-8.66162,-15.3344,-8.66162,-14.1408,-18.75,-14.1408,-10.7572,-14.9529,-10.7572
T25S:E27Q,-1.05067,2,-3.32091,-9.34907,-3.32091,-3.02229,-9.26975,-3.02228,-3.99215,-8.95361,-3.99214,-2.74889,-7.60093,-2.7489
T25S:E27R,-1.6916,2,-5.42388,-11.7547,-5.42389,-5.35871,-11.4662,-5.35871,-7.49402,-12.0868,-7.494,-7.06868,-11.44,-7.06868
T25S:E27S,-1.82359,2,-5.61339,-11.7687,-5.61339,-5.22951,-11.5439,-5.22951,-6.70314,-11.8045,-6.70313,-7.75574,-12.3961,-7.75575
T25S:E27T,-1.4978,2,-4.67746,-10.6682,-4.67747,-4.13581,-10.4486,-4.13581,-4.93338,-10.3944,-4.93336,-5.59499,-10.2907,-5.595
T25S:E27V,-1.16978,2,-4.09975,-10.1944,-4.09975,-4.33143,-10.2827,-4.33144,-4.31567,-9.62791,-4.31566,-4.0251,-8.48686,-4.0251
T25S:E27W,-2.09634,2,-9.03867,-15.8682,-9.03867,-10.5134,-16.8052,-10.5134,-11.8648,-15.9129,-11.8648,-12.4569,-17.1522,-12.4569
T25S:E27Y,-1.45798,2,-7.31958,-13.5692,-7.31958,-8.75369,-14.8958,-8.75369,-10.0369,-14.5837,-10.0369,-10.3576,-15.0797,-10.3576
T25V,-1.99314,1,-4.52874,-6.94555,-4.52875,-6.82062,-8.87129,-6.82061,-7.67374,-9.7226,-7.67373,-9.44462,-10.8995,-9.44462
T25V:E27A,-2.09288,2,-6.66075,-12.3402,-6.66077,-8.73177,-14.1881,-8.73177,-9.36275,-13.8656,-9.36274,-10.9137,-15.286,-10.9137
T25V:E27C,-1.15441,2,-11.1868,-17.1191,-11.1868,-12.4379,-17.9228,-12.4379,-14.1741,-18.6801,-14.1741,-15.8521,-19.8741,-15.8521
T25V:E27D,-1.93958,2,-7.37175,-12.9029,-7.37176,-10.6645,-15.8916,-10.6645,-11.3305,-15.9879,-11.3305,-13.8885,-18.6471,-13.8885
T25V:E27F,-1.72911,2,-10.4327,-16.4429,-10.4328,-13.2425,-18.6797,-13.2425,-14.2168,-18.6206,-14.2168,-15.7919,-19.799,-15.7919
T25V:E27G,-2.04119,2,-9.6301,-15.9273,-9.63012,-11.766,-17.4237,-11.766,-13.5889,-18.0961,-13.5888,-14.9786,-19.4813,-14.9787
T25V:E27H,-2.3526,2,-9.62277,-15.5381,-9.62278,-11.7931,-17.1752,-11.7931,-12.0743,-16.4972,-12.0743,-13.5008,-17.6529,-13.5008
T25V:E27K,-1.98718,2,-5.69347,-11.2956,-5.69348,-8.00429,-13.3001,-8.00429,-9.59068,-13.1156,-9.59066,-11.7917,-15.5323,-11.7917
T25V:E27L,-1.78163,2,-7.95531,-13.8655,-7.95532,-10.6227,-15.9681,-10.6227,-11.6728,-16.1409,-11.6728,-12.3471,-16.467,-12.3472
T25V:E27M,-1.1775,2,-9.19737,-15.0749,-9.19738,-11.0468,-16.4186,-11.0468,-11.5244,-16.275,-11.5244,-13.5248,-17.6432,-13.5248
T25V:E27N,-1.5953,2,-8.25225,-13.6952,-8.25226,-11.1414,-16.6592,-11.1414,-11.5672,-16.0931,-11.5672,-14.4947,-18.6165,-14.4947
T25V:E27P,-2.35219,2,-11.9633,-18.6837,-11.9634,-13.2335,-19.1163,-13.2335,-18.3218,-22.5372,-18.3217,-16.6018,-20.3712,-16.6018
T25V:E27Q,-1.99454,2,-6.09018,-11.7932,-6.09019,-7.59421,-13.0517,-7.59421,-8.17311,-12.7408,-8.1731,-8.59353,-13.0193,-8.59354
T25V:E27R,-2.12638,2,-8.19316,-14.1988,-8.19317,-9.93064,-15.2482,-9.93064,-11.675,-15.874,-11.675,-12.9133,-16.8583,-12.9133
T25V:E27S,-1.78427,2,-8.38267,-14.2128,-8.38268,-9.80143,-15.3258,-9.80143,-10.8841,-15.5917,-10.8841,-13.6004,-17.8145,-13.6004
T25V:E27T,-2.06051,2,-7.44674,-13.1123,-7.44676,-8.70773,-14.2305,-8.70773,-9.11434,-14.1816,-9.11432,-11.4396,-15.7091,-11.4396
T25V:E27V,-2.03152,2,-6.86903,-12.6385,-6.86904,-8.90336,-14.0647,-8.90336,-8.49663,-13.4151,-8.49662,-9.86974,-13.9052,-9.86975
T25V:E27W,-2.33732,2,-11.8079,-18.3124,-11.808,-15.0854,-20.5871,-15.0854,-16.0458,-19.7001,-16.0457,-18.3015,-22.5706,-18.3016
T25V:E27Y,-1.29784,2,-10.0889,-16.0133,-10.0889,-13.3256,-18.6777,-13.3256,-14.2178,-18.3709,-14.2178,-16.2022,-20.4981,-16.2022
T25W,-1.71037,1,-6.38193,-9.23228,-6.38194,-7.49488,-9.14251,-7.49486,-12.1396,-13.6356,-12.1396,-13.0935,-13.596,-13.0935
T25W:E27A,-2.15218,2,-8.51395,-14.6269,-8.51396,-9.40603,-14.4593,-9.40601,-13.8287,-17.7787,-13.8286,-14.5625,-17.9826,-14.5625
T25W:E27C,-0.324057,2,-13.04,-19.4058,-13.04,-13.1121,-18.1941,-13.1121,-18.64,-22.5931,-18.64,-19.501,-22.5706,-19.501
T25W:E27D,-1.76126,2,-9.22495,-15.1896,-9.22495,-11.3388,-16.1629,-11.3388,-15.7964,-19.901,-15.7964,-17.5374,-21.3437,-17.5374
T25W:E27F,-0.874388,2,-12.2859,-18.7297,-12.2859,-13.9167,-18.9509,-13.9167,-18.6827,-22.5336,-18.6827,-19.4407,-22.4955,-19.4407
T25W:E27G,-1.96346,2,-11.4833,-18.214,-11.4833,-12.4403,-17.6949,-12.4403,-18.0548,-22.0091,-18.0547,-18.6275,-22.1779,-18.6275
T25W:E27H,-1.98249,2,-11.476,-17.8248,-11.476,-12.4673,-17.4464,-12.4673,-16.5402,-20.4103,-16.5402,-17.1497,-20.3495,-17.1497
T25W:E27I,-1.49477,2,-9.38573,-15.5759,-9.38574,-11.0498,-16.0802,-11.0498,-15.6138,-19.7759,-15.6138,-16.5142,-19.6247,-16.5142
T25W:E27K,-1.45295,2,-7.54666,-13.5823,-7.54667,-8.67856,-13.5714,-8.67854,-14.0566,-17.0286,-14.0566,-15.4405,-18.2288,-15.4405
T25W:E27M,-1.70785,2,-11.0506,-17.3616,-11.0506,-11.7211,-16.6898,-11.7211,-15.9903,-20.188,-15.9903,-17.1737,-20.3397,-17.1737
T25W:E27N,-1.74511,2,-10.1054,-15.9819,-10.1054,-11.8156,-16.9304,-11.8156,-16.0331,-20.0061,-16.0331,-18.1436,-21.3131,-18.1436
T25W:E27P,-1.77845,2,-13.8165,-20.9704,-13.8165,-13.9078,-19.3875,-13.9078,-22.7877,-26.4502,-22.7876,-20.2507,-23.0678,-20.2507
T25W:E27R,-1.80158,2,-10.0464,-16.4856,-10.0464,-10.6049,-15.5194,-10.6049,-16.1409,-19.787,-16.1409,-16.5622,-19.5549,-16.5622
T25W:E27S,-1.84009,2,-10.2359,-16.4995,-10.2359,-10.4757,-15.597,-10.4757,-15.35,-19.5047,-15.35,-17.2493,-20.5111,-17.2493
T25W:E27T,-1.68091,2,-9.29994,-15.399,-9.29995,-9.382,-14.5018,-9.38198,-13.5802,-18.0946,-13.5802,-15.0885,-18.4056,-15.0885
T25W:E27V,-1.37321,2,-8.72222,-14.9252,-8.72223,-9.57762,-14.3359,-9.57761,-12.9625,-17.3281,-12.9625,-13.5186,-16.6018,-13.5186
T25W:E27W,-1.49436,2,-13.6611,-20.5991,-13.6611,-15.7596,-20.8583,-15.7596,-20.5117,-23.6131,-20.5116,-21.9504,-25.2671,-21.9504
T25W:E27Y,-0.749232,2,-11.9421,-18.3,-11.9421,-13.9999,-18.949,-13.9999,-18.6837,-22.2839,-18.6837,-19.8511,-23.1946,-19.8511
T25Y,-1.83074,1,-4.96295,-7.90194,-4.96295,-6.94563,-9.29973,-6.94562,-9.77922,-11.5668,-9.77922,-10.9211,-12.1792,-10.9211
T25Y:E27A,-2.13941,2,-7.09496,-13.2966,-7.09497,-8.85678,-14.6165,-8.85678,-11.4682,-15.7098,-11.4682,-12.3901,-16.5657,-12.3901
T25Y:E27D,-1.98902,2,-7.80596,-13.8592,-7.80596,-10.7896,-16.3201,-10.7895,-13.436,-17.8321,-13.436,-15.365,-19.9268,-15.365
T25Y:E27F,-0.660317,2,-10.867,-17.3993,-10.867,-13.3675,-19.1082,-13.3675,-16.3223,-20.4647,-16.3223,-17.2683,-21.0787,-17.2683
T25Y:E27G,-2.02428,2,-10.0643,-16.8837,-10.0643,-11.8911,-17.8521,-11.8911,-15.6943,-19.9403,-15.6943,-16.4551,-20.761,-16.4551
T25Y:E27H,-1.95145,2,-10.057,-16.4945,-10.057,-11.9181,-17.6036,-11.9181,-14.1798,-18.3414,-14.1798,-14.9773,-18.9326,-14.9773
T25Y:E27K,-1.8906,2,-6.12768,-12.252,-6.12768,-8.12931,-13.7286,-8.1293,-11.6962,-14.9598,-11.6961,-13.2681,-16.812,-13.2681
T25Y:E27L,-1.74769,2,-8.38952,-14.8219,-8.38952,-10.7477,-16.3965,-10.7477,-13.7783,-17.9851,-13.7783,-13.8236,-17.7467,-13.8236
T25Y:E27M,-1.8095,2,-9.63158,-16.0313,-9.63159,-11.1718,-16.847,-11.1718,-13.6299,-18.1191,-13.6299,-15.0013,-18.9229,-15.0013
T25Y:E27N,-1.98597,2,-8.68646,-14.6516,-8.68646,-11.2664,-17.0876,-11.2664,-13.6727,-17.9372,-13.6727,-15.9712,-19.8962,-15.9712
T25Y:E27P,-2.31112,2,-12.3976,-19.6401,-12.3976,-13.3586,-19.5448,-13.3586,-20.4272,-24.3814,-20.4272,-18.0783,-21.6509,-18.0783
T25Y:E27Q,-1.53292,2,-6.5244,-12.7496,-6.5244,-7.71923,-13.4801,-7.71922,-10.2786,-14.585,-10.2786,-10.07,-14.299,-10.07
T25Y:E27R,-1.89945,2,-8.62737,-15.1552,-8.62738,-10.0557,-15.6766,-10.0556,-13.7805,-17.7182,-13.7804,-14.3898,-18.138,-14.3898
T25Y:E27S,-1.8939,2,-8.81688,-15.1692,-8.81688,-9.92645,-15.7542,-9.92644,-12.9896,-17.4359,-12.9896,-15.0769,-19.0942,-15.0769
T25Y:E27T,-1.71507,2,-7.88095,-14.0687,-7.88096,-8.83275,-14.659,-8.83274,-11.2198,-16.0258,-11.2198,-12.9161,-16.9888,-12.9161
T25Y:E27V,-1.75174,2,-7.30324,-13.5949,-7.30324,-9.02837,-14.4931,-9.02837,-10.6021,-15.2593,-10.6021,-11.3462,-15.1849,-11.3462
T25Y:E27W,-1.63841,2,-12.2422,-19.2687,-12.2422,-15.2104,-21.0156,-15.2104,-18.1512,-21.5442,-18.1512,-19.778,-23.8503,-19.778
T25Y:E27Y,-0.628537,2,-10.5231,-16.9697,-10.5231,-13.4506,-19.1062,-13.4506,-16.3233,-20.2151,-16.3233,-17.6787,-21.7778,-17.6787
T29A,-0.749545,1,-2.37709,-6.07617,-2.37709,-3.71183,-7.3559,-3.71183,-2.84815,-6.72182,-2.84815,-2.64005,-5.64035,-2.64006
T29C,-0.744997,1,-3.65825,-7.68778,-3.65824,-3.79045,-7.18313,-3.79045,-4.03391,-7.53282,-4.03391,-2.98085,-6.11277,-2.98086
T29D,-1.85358,1,-3.55202,-7.30863,-3.55201,-6.31854,-10.1679,-6.31854,-7.31143,-11.4986,-7.31143,-8.44794,-11.3307,-8.44794
T29E,-1.52911,1,-1.48258,-5.4109,-1.48257,-4.24726,-7.71476,-4.24726,-4.99398,-9.07125,-4.99397,-6.29567,-8.86302,-6.29567
T29F,-0.67659,1,-3.58216,-7.34477,-3.58216,-5.46019,-9.42691,-5.4602,-4.78832,-8.65796,-4.78831,-6.88495,-9.83252,-6.88496
T29G,-1.71396,1,-3.71569,-7.36588,-3.71568,-5.87399,-9.7884,-5.87399,-5.69109,-9.20487,-5.69109,-5.06098,-7.75586,-5.06099
T29H,-0.848184,1,-2.88892,-6.46375,-2.88891,-3.36398,-7.39834,-3.36398,-3.2043,-7.27184,-3.2043,-5.11842,-7.16115,-5.11844
T29I,-0.688343,1,-0.949114,-4.83247,-0.949111,-2.25207,-5.63881,-2.25207,-2.9769,-6.70855,-2.97691,-3.17268,-6.31605,-3.17268
T29K,-0.736294,1,-2.27146,-6.13115,-2.27145,-0.970867,-4.60132,-0.970872,0.598389,-3.79746,0.598394,0.488907,-2.38992,0.488892
T29L,-0.761646,1,-2.0332,-6.00117,-2.03319,-4.41147,-7.83494,-4.41147,-2.96369,-6.99076,-2.96369,-2.53816,-5.3556,-2.53817
T29M,-0.723711,1,-2.60419,-6.22042,-2.60419,-3.68148,-7.41998,-3.68149,-3.57656,-7.6533,-3.57656,-3.8381,-6.89374,-3.8381
T29N,-1.32346,1,-2.63219,-6.33136,-2.63218,-3.75824,-7.9072,-3.75824,-4.13448,-8.38946,-4.13448,-4.17523,-7.27651,-4.17524
T29P,-2.18475,1,-6.54419,-10.6615,-6.54419,-7.6653,-11.2398,-7.6653,-7.15448,-10.5615,-7.15448,-6.25604,-8.91888,-6.25604
T29Q,-0.26531,1,-0.368217,-4.4454,-0.368213,-1.35686,-4.45384,-1.35686,-0.857092,-5.05848,-0.857086,-1.61583,-3.50046,-1.61584
T29R,-0.396857,1,-2.4203,-6.25788,-2.4203,-1.14358,-4.83765,-1.14358,0.665737,-3.90519,0.665747,0.507108,-2.09364,0.507097
T29S,-0.336419,1,-0.502284,-4.14764,-0.502283,-1.46399,-4.75021,-1.46399,-0.956975,-4.69111,-0.956973,0.664608,-3.3182,0.6646
T29V,-0.161456,1,-0.0520365,-3.85109,-0.0520353,-1.40138,-4.64154,-1.40138,-1.3065,-4.84538,-1.3065,-1.45893,-4.07837,-1.45894
T29W,-1.01133,1,-5.63351,-9.3415,-5.6335,-7.11417,-11.252,-7.11417,-6.57506,-10.3302,-6.57506,-8.26998,-10.9336,-8.26999
T29Y,-0.807148,1,-3.52031,-7.31466,-3.52031,-5.13758,-8.7814,-5.13758,-4.65968,-8.48564,-4.65968,-7.5983,-10.2968,-7.59831
T3A,-0.188397,1,0.0250955,-3.45512,0.0250969,0.98858,-2.64163,0.988579,1.17644,-2.33822,1.17643,1.69308,-1.77754,1.69308
T3C,0.0261407,1,-3.47009,-7.12253,-3.47009,-3.11275,-6.42199,-3.11275,-3.10305,-6.83954,-3.10305,-3.14805,-6.7475,-3.14805
T3D,-0.107635,1,-0.325422,-3.83972,-0.325423,-0.0371468,-3.62544,-0.0371473,-0.0828338,-3.59399,-0.0828347,-0.56825,-4.07372,-0.568249
T3E,-0.177124,1,0.158372,-3.20976,0.158372,0.355775,-3.23518,0.355775,0.320458,-3.12351,0.320457,-0.510122,-3.9989,-0.510123
T3F,-0.311383,1,-1.37744,-5.08706,-1.37744,-2.15234,-5.43593,-2.15233,-2.58905,-6.15788,-2.58905,-3.43793,-7.03667,-3.43792
T3G,-0.1665,1,-0.135081,-3.51603,-0.13508,0.184471,-3.43378,0.184471,0.414261,-3.04496,0.414262,0.531177,-3.16813,0.531177
T3H,-0.172434,1,-2.08155,-5.64301,-2.08155,-2.20982,-5.48389,-2.20982,-2.63976,-6.18233,-2.63976,-2.54593,-5.96695,-2.54593
T3I,-0.123163,1,-0.599193,-4.05431,-0.599194,-1.035,-4.27966,-1.035,-1.69622,-5.16284,-1.69622,-2.56445,-6.06229,-2.56445
T3K,-0.832367,1,0.686303,-2.55787,0.686302,0.158928,-3.18067,0.158929,-0.623732,-3.78733,-0.623731,-1.52543,-4.76484,-1.52543
T3L,-0.145125,1,-0.566356,-4.18079,-0.566357,-0.208608,-3.57164,-0.208606,-1.12983,-4.67141,-1.12983,-1.58628,-5.02261,-1.58627
T3M,-0.141078,1,-1.33738,-4.90619,-1.33738,-1.7505,-5.22067,-1.75049,-1.55072,-5.41148,-1.55072,-0.873673,-4.49186,-0.87367
T3N,-0.259018,1,-0.267051,-3.68016,-0.267053,-0.506405,-4.00848,-0.506405,-1.141,-4.52119,-1.141,-1.55687,-4.75713,-1.55687
T3P,-0.204948,1,-0.11948,-3.62356,-0.119478,0.389874,-3.05062,0.389875,0.13319,-3.30553,0.13319,0.730517,-2.73334,0.730515
T3Q,-0.144049,1,-0.273599,-3.64616,-0.2736,-0.360148,-3.78513,-0.360148,-0.662492,-4.08577,-0.662492,-0.636212,-4.03203,-0.636212
T3R,-0.929727,1,-0.686168,-4.09209,-0.68617,-1.16021,-4.37934,-1.1602,-1.5196,-4.86243,-1.5196,-1.76121,-5.1104,-1.76121
T3S,-0.224684,1,-0.173718,-3.60205,-0.173718,0.184826,-3.41402,0.184826,0.428872,-3.05047,0.428873,0.653891,-2.75101,0.653892
T3V,-0.251423,1,-0.244958,-3.72024,-0.244958,-0.154702,-3.49186,-0.154701,-0.297966,-3.79409,-0.297966,-0.486101,-3.99678,-0.486101
T3W,-0.443503,1,-2.23016,-5.85438,-2.23016,-3.88869,-7.19609,-3.88869,-4.23447,-8.09854,-4.23447,-5.09083,-8.83795,-5.09082
T3Y,-0.850921,1,-1.25995,-4.78964,-1.25996,-2.61547,-5.86815,-2.61547,-2.94466,-6.57228,-2.94466,-3.8286,-7.18337,-3.8286
T9A,-0.42225,1,-0.677613,-4.82881,-0.677616,-3.07269,-5.74298,-3.07269,-1.41965,-5.03787,-1.41965,-0.25362,-3.24908,-0.25361
T9A:N23A,0.0136552,2,2.68677,-5.13517,2.68677,-3.52475,-9.77582,-3.52475,0.153802,-6.84298,0.1538,2.16765,-1.02505,2.16765
T9A:N23C,0.00924083,2,-1.86707,-9.31455,-1.86706,-5.11828,-11.2412,-5.11827,-3.25356,-9.90046,-3.25355,-2.6927,-5.90352,-2.6927
T9A:N23E,-0.572396,2,0.627362,-7.42723,0.627366,-4.9498,-11.4157,-4.9498,-1.30161,-8.70517,-1.3016,-2.17716,-5.35589,-2.17715
T9A:N23F,0.100996,2,-1.24262,-9.33263,-1.24262,-6.35091,-13.0608,-6.3509,-3.70899,-10.9078,-3.70898,-3.11612,-6.45558,-3.11611
T9A:N23G,-0.462938,2,-0.304415,-7.92163,-0.304417,-5.02356,-11.14,-5.02356,-1.90157,-8.64544,-1.90157,-1.00436,-4.16406,-1.00436
T9A:N23M,0.175858,2,-0.457238,-8.34657,-0.457235,-5.24392,-12.0692,-5.24391,-3.24531,-10.2988,-3.24531,-1.72269,-4.94709,-1.72269
T9A:N23S,0.115829,2,1.61957,-6.34712,1.61957,-2.1098,-8.4566,-2.1098,0.762203,-6.29807,0.762199,2.6911,-0.617219,2.69111
T9A:N23T,0.171013,2,1.38178,-6.49767,1.38178,-1.23213,-7.88693,-1.23212,1.19964,-6.20712,1.19964,2.45487,-0.582287,2.45486
T9A:N23Y,0.0324599,2,-1.13519,-9.15974,-1.13519,-5.55829,-11.9985,-5.55828,-3.95902,-11.0795,-3.95901,-3.52089,-6.70132,-3.52088
T9C,0.0571302,1,-2.68274,-7.16931,-2.68275,-4.36562,-7.58805,-4.36562,-2.97913,-6.41207,-2.97913,-2.02107,-5.09242,-2.02106
T9C:N23A,-0.00476798,2,0.681637,-7.47568,0.681637,-4.81768,-11.6209,-4.81768,-1.40568,-8.21718,-1.40568,0.400198,-2.86839,0.400194
T9C:N23E,-0.418864,2,-1.37777,-9.76774,-1.37777,-6.24273,-13.2608,-6.24273,-2.86109,-10.0794,-2.86109,-3.94461,-7.19923,-3.94461
T9C:N23H,0.314341,2,-2.65866,-10.9797,-2.65866,-4.03239,-11.1865,-4.03239,-4.44497,-11.5783,-4.44497,-4.02583,-6.9362,-4.02582
T9C:N23I,0.274601,2,-1.292,-9.69172,-1.292,-5.65201,-12.9384,-5.652,-4.0613,-10.964,-4.06129,-2.91894,-6.37133,-2.91894
T9C:N23Q,0.0632912,2,-2.30088,-10.3401,-2.30088,-5.26148,-12.2018,-5.26147,-3.09093,-10.1792,-3.09093,-2.24589,-5.29256,-2.24588
T9C:N23S,0.282977,2,-0.385561,-8.68762,-0.385561,-3.40273,-10.3017,-3.40273,-0.797281,-7.67228,-0.797285,0.923647,-2.46056,0.923651
T9D,-1.07382,1,-1.90125,-5.59605,-1.90125,-4.90697,-7.56764,-4.90697,-3.08659,-7.04435,-3.08659,-3.49126,-6.03725,-3.49124
T9D:N23F,-1.61984,2,-2.46626,-10.0999,-2.46626,-8.18519,-14.8854,-8.18518,-5.37593,-12.9143,-5.37592,-6.35376,-9.24374,-6.35375
T9D:N23H,-0.355879,2,-1.87717,-9.4064,-1.87717,-4.57374,-11.1661,-4.57374,-4.55243,-12.2106,-4.55243,-5.49601,-7.88103,-5.496
T9D:N23I,-0.792111,2,-0.510509,-8.11845,-0.510506,-6.19335,-12.918,-6.19335,-4.16876,-11.5963,-4.16875,-4.38913,-7.31616,-4.38912
T9D:N23K,-0.784602,2,0.523528,-7.10077,0.523527,-3.06683,-9.19289,-3.06682,-2.39701,-10.2152,-2.39701,-2.8549,-5.08489,-2.85489
T9E,-0.501052,1,-0.695845,-4.43278,-0.695846,-2.65618,-5.53031,-2.65618,-1.98194,-5.96087,-1.98194,-2.2582,-5.12041,-2.25819
T9E:N23F,-0.471662,2,-1.26085,-8.9366,-1.26085,-5.9344,-12.8481,-5.93439,-4.27128,-11.8308,-4.27127,-5.12071,-8.3269,-5.1207
T9E:N23G,-1.39457,2,-0.322646,-7.5256,-0.322647,-4.60705,-10.9273,-4.60704,-2.46386,-9.56844,-2.46386,-3.00895,-6.03539,-3.00894
T9E:N23L,-0.0409102,2,0.977099,-6.52886,0.977103,-4.23838,-10.9742,-4.23837,-3.10008,-10.7238,-3.10007,-3.60175,-6.8575,-3.60174
T9E:N23Q,-0.665944,2,-0.313984,-7.6036,-0.313982,-3.55203,-10.1441,-3.55203,-2.09374,-9.72804,-2.09373,-2.48302,-5.32055,-2.48301
T9E:N23S,-0.0391505,2,1.60134,-5.95109,1.60134,-1.69329,-8.24393,-1.69328,0.199912,-7.22108,0.199909,0.686512,-2.48854,0.686523
T9E:N23V,0.0979028,2,1.29668,-6.35253,1.29668,-3.19536,-10.1377,-3.19535,-1.80983,-9.30304,-1.80982,-1.97309,-5.06705,-1.9731
T9F,-0.5331,1,-2.99599,-6.57103,-2.996,-4.65605,-7.6127,-4.65604,-3.96003,-7.81942,-3.96002,-4.81078,-7.55201,-4.81077
T9F:N23E,-0.428332,2,-1.69102,-9.16945,-1.69102,-6.53316,-13.2854,-6.53315,-3.84199,-11.4867,-3.84198,-6.73432,-9.65882,-6.73432
T9F:N23F,0.033095,2,-3.561,-11.0749,-3.561,-7.93427,-14.9305,-7.93426,-6.24937,-13.6893,-6.24936,-7.67329,-10.7585,-7.67328
T9F:N23G,-0.265463,2,-2.6228,-9.66385,-2.6228,-6.60692,-13.0097,-6.60691,-4.44195,-11.427,-4.44195,-5.56153,-8.46699,-5.56152
T9F:N23H,0.148088,2,-2.97191,-10.3814,-2.97192,-4.32282,-11.2112,-4.32281,-5.42587,-12.9857,-5.42587,-6.81554,-9.39578,-6.81553
T9F:N23L,0.269611,2,-1.32305,-8.66711,-1.32305,-6.23825,-13.0566,-6.23824,-5.07817,-12.5823,-5.07816,-6.15433,-9.28909,-6.15433
T9F:N23S,0.169939,2,-0.698811,-8.08934,-0.698814,-3.69316,-10.3263,-3.69315,-1.77818,-9.07962,-1.77818,-1.86607,-4.92014,-1.86606
T9F:N23V,0.352561,2,-1.00347,-8.49078,-1.00347,-5.19522,-12.2201,-5.19522,-3.78792,-11.1616,-3.78791,-4.52567,-7.49865,-4.52568
T9F:N23W,0.122047,2,-5.1231,-12.275,-5.1231,-9.17144,-16.0779,-9.17143,-8.27767,-14.6463,-8.27766,-8.93254,-11.7539,-8.93254
T9G,-0.810082,1,-1.57866,-5.44792,-1.57866,-4.34539,-7.34735,-4.34539,-2.42083,-5.98833,-2.42083,-0.496197,-4.0558,-0.496189
T9G:N23F,-0.161404,2,-2.14366,-9.95174,-2.14366,-7.6236,-14.6652,-7.6236,-4.71017,-11.8582,-4.71016,-3.3587,-7.26229,-3.35869
T9G:N23I,-0.196033,2,-0.187917,-7.97032,-0.187913,-5.63177,-12.6977,-5.63177,-3.503,-10.5403,-3.50299,-1.39407,-5.33471,-1.39407
T9G:N23Q,-0.355691,2,-1.1968,-8.61874,-1.1968,-5.24124,-11.9611,-5.24124,-2.53263,-9.7555,-2.53263,-0.721014,-4.25593,-0.721007
T9H,-0.417953,1,-2.61738,-6.22072,-2.61738,-3.54431,-6.54134,-3.54431,-2.21022,-6.08228,-2.21022,-1.30751,-4.42065,-1.3075
T9H:N23H,0.377398,2,-2.5933,-10.0311,-2.5933,-3.21108,-10.1398,-3.21107,-3.67607,-11.2485,-3.67606,-3.31226,-6.26443,-3.31226
T9H:N23M,0.227891,2,-2.397,-9.73848,-2.397,-5.71554,-12.8675,-5.71553,-4.03589,-11.3432,-4.03588,-2.77658,-6.11866,-2.77658
T9H:N23Q,-0.311722,2,-2.23552,-9.39154,-2.23552,-4.44016,-11.1551,-4.44016,-2.32202,-9.84945,-2.32202,-1.53232,-4.62079,-1.53232
T9H:N23W,0.467011,2,-4.74449,-11.9247,-4.74449,-8.0597,-15.0065,-8.05969,-6.52787,-12.9092,-6.52786,-5.42927,-8.62255,-5.42926
T9I,-0.125017,1,-1.28078,-4.90994,-1.28078,-3.04819,-5.90356,-3.04819,-1.89913,-5.71507,-1.89913,-2.22085,-5.25382,-2.22085
T9I:N23C,0.5825,2,-2.47023,-9.39568,-2.47023,-5.09378,-11.4018,-5.09377,-3.73305,-10.5777,-3.73304,-4.65993,-7.90826,-4.65994
T9I:N23D,-0.760818,2,-1.23222,-8.60651,-1.23221,-5.66527,-11.8654,-5.66527,-2.66365,-10.0033,-2.66364,-6.10585,-9.14395,-6.10586
T9I:N23F,0.433691,2,-1.84578,-9.41377,-1.84578,-6.32641,-13.2214,-6.3264,-4.18847,-11.585,-4.18846,-5.08335,-8.46032,-5.08335
T9I:N23R,0.787868,2,0.287611,-7.13483,0.287608,-2.71044,-8.30493,-2.71043,-2.26954,-10.1368,-2.26954,-2.18787,-5.00333,-2.18786
T9I:N23T,0.491695,2,0.778615,-6.5788,0.778616,-1.20763,-8.04752,-1.20762,0.720156,-6.88432,0.720158,0.487639,-2.58703,0.487629
T9I:N23V,0.448753,2,0.71175,-6.82969,0.711752,-3.58737,-10.511,-3.58736,-1.72702,-9.05724,-1.72702,-1.93574,-5.20047,-1.93575
T9K,-0.382038,1,0.461749,-3.12345,0.461747,-0.456932,-3.35659,-0.45693,1.11918,-3.0067,1.11919,5.27595,2.19006,5.27595
T9K:N23A,0.374713,2,3.82613,-3.42981,3.82613,-0.908994,-7.38943,-0.908989,2.69263,-4.8118,2.69263,7.69722,4.41409,7.69721
T9K:N23C,0.66427,2,-0.727704,-7.60919,-0.727702,-2.50252,-8.85486,-2.50251,-0.714733,-7.86928,-0.714721,2.83687,-0.464374,2.83686
T9K:N23D,-0.343251,2,0.510309,-6.82002,0.510311,-3.07401,-9.31846,-3.07401,0.35467,-7.2949,0.354674,1.39094,-1.70006,1.39094
T9K:N23E,0.195301,2,1.76672,-5.72187,1.76673,-2.33404,-9.02932,-2.33404,1.23722,-6.674,1.23723,3.35241,0.0832524,3.35241
T9K:N23I,0.82678,2,1.85249,-5.64585,1.85249,-1.74331,-8.70694,-1.74331,0.0370121,-7.55864,0.0370227,4.37808,0.911153,4.37807
T9K:N23K,0.267244,2,2.88653,-4.62817,2.88653,1.38321,-4.98183,1.38322,1.80876,-6.17755,1.80877,5.9123,3.14242,5.91231
T9K:N23T,0.320053,2,2.52114,-4.79231,2.52114,1.38363,-5.50054,1.38364,3.73847,-4.17595,3.73848,7.98444,4.85686,7.98443
T9K:N23V,0.724792,2,2.45428,-5.0432,2.45428,-0.996108,-7.96402,-0.996103,1.29129,-6.34887,1.2913,5.56106,2.24342,5.56105
T9L,-0.175459,1,-1.58391,-5.35547,-1.58392,-3.91731,-6.73553,-3.9173,-2.3572,-6.14485,-2.3572,-2.59753,-5.29467,-2.59752
T9L:N23C,0.753894,2,-2.77337,-9.84121,-2.77337,-5.9629,-12.2338,-5.96289,-4.19112,-11.0074,-4.19111,-5.03661,-7.94911,-5.03662
T9L:N23E,-0.36754,2,-0.278938,-7.95389,-0.278935,-5.79441,-12.4083,-5.79441,-2.23917,-9.81215,-2.23916,-4.52106,-7.40148,-4.52107
T9L:N23R,0.170452,2,-0.0155267,-7.58036,-0.0155311,-3.57956,-9.13689,-3.57955,-2.72761,-10.5666,-2.72761,-2.56455,-5.04418,-2.56454
T9L:N23V,0.363826,2,0.408613,-7.27522,0.408613,-4.45648,-11.343,-4.45648,-2.1851,-9.48702,-2.18509,-2.31242,-5.24131,-2.31243
T9L:N23Y,-0.227246,2,-2.04149,-9.6864,-2.04149,-6.4029,-12.991,-6.40289,-4.89658,-12.1865,-4.89657,-5.86479,-8.7469,-5.86479
T9M,-0.190712,1,-2.56245,-6.33654,-2.56245,-3.93114,-6.87959,-3.93113,-3.03045,-6.77448,-3.03045,-0.716687,-3.56342,-0.716686
T9M:N23C,0.564427,2,-3.7519,-10.8223,-3.7519,-5.97672,-12.3779,-5.97672,-4.86437,-11.6371,-4.86436,-3.15577,-6.21786,-3.15578
T9M:N23D,-0.659331,2,-2.51389,-10.0331,-2.51389,-6.54821,-12.8415,-6.54822,-3.79497,-11.0627,-3.79496,-4.60169,-7.45355,-4.6017
T9M:N23E,-0.258862,2,-1.25747,-8.93496,-1.25747,-5.80824,-12.5523,-5.80824,-2.91241,-10.4418,-2.91241,-2.64022,-5.67024,-2.64023
T9M:N23G,-0.244905,2,-2.18925,-9.42936,-2.18925,-5.88201,-12.2766,-5.882,-3.51237,-10.382,-3.51237,-1.46743,-4.47841,-1.46743
T9M:N23I,0.386866,2,-1.17171,-8.85894,-1.17171,-5.21752,-12.2299,-5.21751,-4.11262,-11.3264,-4.11262,-1.61456,-4.84234,-1.61457
T9M:N23M,0.217601,2,-2.34207,-9.8543,-2.34207,-6.10236,-13.2058,-6.10236,-4.85612,-12.0354,-4.85611,-2.18576,-5.26144,-2.18577
T9M:N23S,0.168786,2,-0.265265,-7.85485,-0.265267,-2.96825,-9.59321,-2.96824,-0.848603,-8.03469,-0.848606,2.22803,-0.931561,2.22803
T9M:N23W,0.532846,2,-4.68956,-12.0405,-4.68956,-8.44653,-15.3448,-8.44652,-7.3481,-13.6014,-7.34809,-4.83845,-7.76533,-4.83845
T9N,-0.50639,1,-2.00029,-5.64007,-2.00029,-3.50178,-6.57132,-3.50177,-1.55619,-5.18385,-1.55619,-0.673907,-3.60226,-0.6739
T9N:N23E,-0.703668,2,-0.69531,-8.23849,-0.695306,-5.37888,-12.2441,-5.37888,-1.43815,-8.85116,-1.43814,-2.59744,-5.70908,-2.59745
T9N:N23G,-1.16491,2,-1.62709,-8.73289,-1.62709,-5.45265,-11.9683,-5.45264,-2.03811,-8.79142,-2.03811,-1.42465,-4.51724,-1.42465
T9N:N23I,0.17755,2,-0.609544,-8.16247,-0.609541,-4.78816,-11.9217,-4.78815,-2.63836,-9.73579,-2.63835,-1.57178,-4.88118,-1.57178
T9N:N23M,-0.627264,2,-1.77991,-9.15783,-1.77991,-5.673,-12.8975,-5.673,-3.38185,-10.4448,-3.38185,-2.14298,-5.30027,-2.14298
T9N:N23R,-0.586153,2,-0.431898,-7.86496,-0.431902,-3.16403,-8.97268,-3.16402,-1.9266,-9.60557,-1.92659,-0.640928,-3.35177,-0.640918
T9N:N23V,-0.356391,2,-0.00775921,-7.55982,-0.00775766,-4.04095,-11.1788,-4.04095,-1.38408,-8.52603,-1.38407,-0.388797,-3.54891,-0.388803
T9N:N23W,0.123245,2,-4.12739,-11.344,-4.12739,-8.01717,-15.0365,-8.01716,-5.87384,-12.0108,-5.87382,-4.79567,-7.80417,-4.79566
T9P,-3.67119,1,-1.96304,-5.84793,-1.96305,-8.19015,-10.2575,-8.19015,-7.9752,-12.1251,-7.97521,-5.32966,-7.66372,-5.32966
T9P:N23P,-1.93938,2,0.399167,-7.36246,0.399165,-9.71713,-15.0809,-9.71713,-8.35095,-15.968,-8.35096,-5.19406,-7.65732,-5.19406
T9Q,-0.085708,1,-1.1967,-4.93369,-1.1967,-2.31747,-5.15186,-2.31746,-0.831026,-4.66014,-0.831025,0.28181,-2.36239,0.281818
T9Q:N23A,0.20426,2,2.16768,-5.24006,2.16768,-2.76953,-9.1847,-2.76952,0.742423,-6.46525,0.742421,2.70308,-0.138366,2.70308
T9Q:N23E,-0.259309,2,0.108278,-7.53212,0.108282,-4.19457,-10.8246,-4.19457,-0.712987,-8.32744,-0.712984,-1.64173,-4.46921,-1.64173
T9Q:N23H,0.658436,2,-1.17262,-8.74405,-1.17262,-1.98424,-8.75032,-1.98423,-2.29687,-9.82641,-2.29687,-1.72295,-4.20617,-1.72294
T9Q:N23M,0.505968,2,-0.976322,-8.45145,-0.976319,-4.4887,-11.4781,-4.48869,-2.65669,-9.92107,-2.65669,-1.18726,-4.06041,-1.18726
T9Q:N23P,-0.0744964,2,1.16551,-6.44822,1.16551,-3.84445,-9.97527,-3.84445,-1.20677,-8.50301,-1.20677,0.417413,-2.35599,0.417421
T9Q:N23Q,0.0136669,2,-0.814836,-8.10452,-0.814836,-3.21332,-9.76564,-3.21332,-0.942826,-8.42731,-0.942823,0.056993,-2.56253,0.0570002
T9Q:N23S,0.426091,2,1.10049,-6.452,1.10049,-1.35458,-7.86548,-1.35457,1.35082,-5.92034,1.35082,3.22653,0.269469,3.22653
T9Q:N23V,0.365317,2,0.795829,-6.85344,0.79583,-2.85664,-9.7593,-2.85664,-0.658916,-8.00231,-0.658912,0.56692,-2.30904,0.566915
T9R,-0.239836,1,-1.38192,-5.0654,-1.38192,-1.71647,-4.77344,-1.71647,-0.718741,-4.63912,-0.718739,3.19864,0.454969,3.19864
T9R:N23A,0.0912116,2,1.98247,-5.37177,1.98247,-2.16854,-8.80628,-2.16853,0.854707,-6.44423,0.854706,5.61991,2.679,5.61989
T9R:N23D,0.110726,2,-1.33336,-8.76198,-1.33335,-4.33355,-10.7353,-4.33356,-1.48325,-8.92733,-1.48325,-0.686368,-3.43516,-0.686378
T9R:N23E,0.308034,2,-0.0769399,-7.66382,-0.0769372,-3.59358,-10.4462,-3.59358,-0.600702,-8.30642,-0.600698,1.2751,-1.65184,1.27509
T9R:N23I,0.690174,2,0.00882614,-7.58781,0.00882816,-3.00286,-10.1238,-3.00285,-1.80091,-9.19106,-1.8009,2.30077,-0.823942,2.30076
T9R:N23K,0.0285685,2,1.04286,-6.57012,1.04286,0.123667,-6.39868,0.123674,-0.0291622,-7.80998,-0.0291598,3.83499,1.40732,3.83499
T9R:N23P,0.172631,2,0.980296,-6.57993,0.980292,-3.24346,-9.59685,-3.24346,-1.09449,-8.48199,-1.09449,3.33424,0.461374,3.33424
T9R:N23V,0.711811,2,0.610611,-6.98515,0.610611,-2.25565,-9.38087,-2.25565,-0.546632,-7.98129,-0.546626,3.48375,0.508327,3.48373
T9R:N23W,0.574363,2,-3.50902,-10.7694,-3.50902,-6.23187,-13.2386,-6.23186,-5.03639,-11.466,-5.03638,-0.923122,-3.74693,-0.923126
T9S,-0.312198,1,-0.921521,-4.7557,-0.921522,-0.916084,-4.31473,-0.916086,-0.0201533,-3.5886,-0.020155,-0.447128,-3.47438,-0.447126
T9S:N23C,0.182952,2,-2.11097,-9.24144,-2.11097,-2.96167,-9.813,-2.96167,-1.85407,-8.45119,-1.85406,-2.88621,-6.12882,-2.88622
T9S:N23G,-0.499288,2,-0.548323,-7.84852,-0.548323,-2.86696,-9.71173,-2.86695,-0.502075,-7.19617,-0.502079,-1.19787,-4.38936,-1.19787
T9S:N23H,0.540046,2,-0.897441,-8.56606,-0.897439,-0.582856,-7.91319,-0.582854,-1.486,-8.75487,-1.486,-2.45188,-5.31816,-2.45188
T9S:N23L,-0.471327,2,0.751423,-6.85179,0.751428,-2.49828,-9.75861,-2.49828,-1.1383,-8.3515,-1.13829,-1.79067,-5.21147,-1.79068
T9S:N23V,-0.248852,2,1.07101,-6.67545,1.07101,-1.45526,-8.92216,-1.45526,0.151956,-6.93077,0.151958,-0.162017,-3.42102,-0.162029
T9S:N23Y,-0.0307744,2,-1.3791,-9.08664,-1.37909,-3.40168,-10.5702,-3.40168,-2.55953,-9.63028,-2.55952,-3.71439,-6.92661,-3.7144
T9V,0.187191,1,-0.730018,-4.47384,-0.730021,-2.22449,-5.04923,-2.22449,-1.13226,-4.78641,-1.13226,-1.83332,-4.59957,-1.83332
T9V:N23H,0.556734,2,-0.705938,-8.2842,-0.705939,-1.89126,-8.64769,-1.89126,-2.5981,-9.95268,-2.5981,-3.83808,-6.44334,-3.83808
T9V:N23I,0.783609,2,0.660723,-6.99625,0.660726,-3.51088,-10.3996,-3.51087,-2.21443,-9.33835,-2.21442,-2.73119,-5.87848,-2.7312
T9V:N23V,0.609934,2,1.26251,-6.39359,1.26251,-2.76367,-9.65666,-2.76366,-0.960148,-8.12858,-0.960146,-1.54821,-4.54621,-1.54822
T9W,-0.721705,1,-1.85481,-5.85947,-1.85481,-6.40642,-9.16657,-6.40641,-5.16996,-9.09395,-5.16996,-4.69719,-7.46372,-4.69718
T9W:N23F,-0.368369,2,-2.41981,-10.3633,-2.41982,-9.68464,-16.4844,-9.68463,-7.4593,-14.9639,-7.45929,-7.55969,-10.6702,-7.55968
T9W:N23I,0.0966243,2,-0.464066,-8.38188,-0.464066,-7.6928,-14.5169,-7.69279,-6.25213,-13.6459,-6.25212,-5.59506,-8.74263,-5.59506
T9W:N23V,-0.155864,2,0.137719,-7.77922,0.137717,-6.94559,-13.774,-6.94559,-4.99785,-12.4361,-4.99785,-4.41208,-7.41037,-4.41208
T9Y,-0.45525,1,-1.88922,-5.34902,-1.88922,-4.4781,-7.49874,-4.4781,-3.55615,-7.55206,-3.55615,-4.05796,-7.10922,-4.05795
T9Y:N23A,0.147111,2,1.47517,-5.65538,1.47516,-4.93016,-11.5316,-4.93016,-1.9827,-9.35717,-1.9827,-1.63669,-4.88519,-1.63669
T9Y:N23D,-1.0715,2,-1.84066,-9.04559,-1.84066,-7.09518,-13.4606,-7.09518,-4.32066,-11.8403,-4.32066,-7.94296,-10.9993,-7.94296
T9Y:N23E,-0.286712,2,-0.58424,-7.94744,-0.584239,-6.35521,-13.1715,-6.3552,-3.43811,-11.2194,-3.4381,-5.98149,-9.21603,-5.98149
T9Y:N23F,-0.171524,2,-2.45422,-9.85285,-2.45422,-7.75632,-14.8165,-7.75631,-5.84549,-13.422,-5.84548,-6.92046,-10.3157,-6.92045
T9Y:N23H,-0.170255,2,-1.86514,-9.15938,-1.86514,-4.14487,-11.0972,-4.14486,-5.02199,-12.7183,-5.02199,-6.06271,-8.953,-6.0627
T9Y:N23M,0.142366,2,-1.66884,-8.86678,-1.66884,-6.64933,-13.8249,-6.64932,-5.38181,-12.813,-5.38181,-5.52703,-8.80723,-5.52702
T9Y:N23Q,-0.130169,2,-1.50735,-8.51984,-1.50736,-5.37396,-12.1125,-5.37395,-3.66795,-11.3192,-3.66794,-4.28277,-7.30936,-4.28276
T9Y:N23T,0.150524,2,0.170175,-7.01788,0.170174,-2.63753,-9.6427,-2.63753,-0.936858,-8.72131,-0.936857,-1.34947,-4.44242,-1.34947
V5A,-0.119434,1,0.25216,-2.60413,0.252161,1.52066,-1.97214,1.52066,1.33269,-2.32527,1.33269,1.95808,-1.41422,1.95808
V5D,-0.195435,1,-0.461074,-3.36866,-0.461076,1.03493,-2.3577,1.03492,0.602924,-2.89658,0.602923,-1.46597,-4.38139,-1.46597
V5E,-0.247453,1,-0.156131,-3.18669,-0.156133,1.0362,-2.18979,1.0362,0.950459,-2.5632,0.950459,-0.639993,-3.55089,-0.639991
V5F,-0.126947,1,-2.19227,-5.17643,-2.19227,-1.77385,-5.33056,-1.77385,-1.87974,-4.3807,-1.87974,-3.11524,-6.19745,-3.11524
V5G,-0.234817,1,0.118845,-2.67344,0.118846,1.3262,-2.23402,1.3262,0.95097,-2.69461,0.950969,0.780221,-2.31882,0.780223
V5H,-0.270896,1,-2.34966,-5.32026,-2.34966,-1.28581,-4.56589,-1.28581,-1.66203,-4.69129,-1.66203,-1.79227,-4.96809,-1.79227
V5I,-0.106727,1,-0.435706,-3.78783,-0.435705,-0.740941,-4.06357,-0.74094,-1.26728,-4.74072,-1.26728,-1.82777,-5.24063,-1.82777
V5K,-0.458794,1,0.284644,-2.69508,0.284645,0.524993,-2.73604,0.524992,0.154283,-3.28162,0.154282,1.09134,-2.41316,1.09134
V5L,-0.138833,1,-0.0550606,-3.02147,-0.0550559,0.230947,-3.24991,0.230949,-0.846795,-4.31787,-0.846796,-1.05308,-4.3697,-1.05308
V5M,-0.195247,1,-1.37817,-4.38699,-1.37817,-1.16081,-4.88671,-1.16081,-2.00516,-5.63803,-2.00516,-0.925874,-4.18046,-0.925872
V5N,-0.291982,1,-0.500799,-3.27591,-0.500798,0.504291,-2.88705,0.50429,0.0641096,-3.5337,0.0641079,-0.569085,-3.70204,-0.569085
V5P,-0.175572,1,1.25418,-1.72144,1.25418,1.84688,-1.82889,1.84688,0.999965,-2.79316,0.999964,0.787282,-2.56441,0.787281
V5Q,-0.182565,1,-0.691359,-3.54735,-0.691359,0.159221,-3.16098,0.15922,0.198483,-3.4079,0.198482,0.481463,-2.82793,0.481462
V5R,-0.67015,1,-1.19136,-4.1138,-1.19136,-0.87545,-4.15855,-0.875451,-1.29337,-4.67259,-1.29337,-0.300598,-3.69823,-0.300601
V5S,-0.171126,1,0.0723529,-2.73182,0.0723536,1.45901,-2.00559,1.45901,1.29946,-2.26115,1.29946,1.41345,-1.84286,1.41345
V5T,-0.218681,1,0.325926,-2.55287,0.325926,1.01986,-2.32468,1.01986,0.713303,-2.88383,0.713301,1.09737,-2.37305,1.09737
V5W,-0.132083,1,-3.30017,-6.24415,-3.30017,-3.17769,-6.66834,-3.17769,-2.4115,-4.69503,-2.4115,-5.04643,-8.10093,-5.04643
V5Y,-0.0728539,1,-1.84928,-4.87945,-1.84928,-2.12102,-5.47737,-2.12102,-1.26722,-3.77596,-1.26722,-2.83699,-5.91646,-2.83699
W8A,-2.6131,1,-2.40263,-5.5362,-2.40262,-7.17788,-8.59777,-7.17788,-10.0356,-12.1169,-10.0356,-11.7714,-12.4783,-11.7714
W8D,-2.78639,1,-3.15175,-6.07619,-3.15175,-7.55351,-9.05599,-7.5535,-10.7906,-12.9625,-10.7906,-11.7276,-12.2944,-11.7276
W8E,-3.11169,1,-2.72049,-5.81145,-2.72049,-7.55872,-9.00858,-7.55872,-10.4915,-12.4888,-10.4915,-11.7446,-12.3791,-11.7446
W8F,-1.86709,1,-3.58599,-6.08273,-3.58599,-5.35901,-7.09525,-5.35901,-6.06426,-8.91927,-6.06426,-8.70919,-9.72469,-8.70919
W8G,-2.95451,1,-1.6076,-4.58282,-1.6076,-6.02804,-7.6122,-6.02803,-9.26976,-11.4781,-9.26976,-10.1061,-10.7036,-10.1061
W8H,-2.69509,1,-3.88463,-6.87344,-3.88463,-7.6688,-9.24444,-7.6688,-10.1077,-12.2835,-10.1077,-11.9232,-12.7598,-11.9232
W8I,-2.10384,1,-2.26466,-5.8764,-2.26466,-7.54353,-8.82874,-7.54353,-9.55656,-11.4696,-9.55656,-10.1702,-10.9122,-10.1702
W8K,-2.65468,1,-1.50528,-4.87094,-1.50527,-7.63319,-9.26632,-7.63319,-9.56503,-11.3461,-9.56503,-11.5189,-12.1793,-11.5189
W8L,-2.44047,1,-2.4802,-5.7978,-2.48019,-6.74588,-8.15713,-6.74588,-7.80267,-9.9359,-7.80267,-7.89821,-8.74698,-7.89821
W8M,-2.64973,1,-3.81179,-6.47632,-3.81179,-7.77246,-9.24981,-7.77246,-8.66996,-11.2475,-8.66995,-11.082,-11.7666,-11.082
W8N,-2.75631,1,-2.68496,-5.53662,-2.68496,-7.28724,-8.93421,-7.28724,-10.6507,-12.9802,-10.6507,-11.1052,-11.8398,-11.1052
W8P,-2.80617,1,-2.70205,-5.93913,-2.70205,-6.34358,-8.05945,-6.34357,-9.96381,-12.0738,-9.96381,-10.8381,-11.63,-10.8381
W8Q,-2.64352,1,-2.99254,-5.98913,-2.99253,-8.12715,-9.43885,-8.12715,-10.6666,-12.7772,-10.6666,-11.5425,-12.0405,-11.5425
W8R,-2.6432,1,-2.79583,-5.9565,-2.79582,-7.59628,-9.00984,-7.59628,-8.77007,-10.6063,-8.77007,-7.75991,-8.50058,-7.75991
W8S,-2.74504,1,-2.34801,-5.1352,-2.34801,-7.52892,-8.7626,-7.52892,-9.5807,-11.639,-9.5807,-9.70428,-10.5771,-9.70428
W8T,-2.85413,1,-1.90387,-5.10406,-1.90386,-7.50694,-8.78667,-7.50694,-9.89568,-11.9042,-9.89568,-12.084,-12.6815,-12.084
W8V,-2.27167,1,-1.90568,-5.6682,-1.90568,-7.38656,-8.7439,-7.38656,-9.34505,-11.0887,-9.34505,-9.83865,-10.3694,-9.83866
W8Y,-1.77887,1,-2.9279,-5.93491,-2.9279,-4.94231,-6.75149,-4.94231,-6.13685,-9.28312,-6.13685,-8.16846,-9.1809,-8.16846
Y19C,-0.30336,1,-7.29517,-9.76268,-7.29517,-9.07728,-9.99204,-9.07728,-7.64727,-10.1507,-7.64727,-7.09397,-8.64544,-7.09397
Y20A,-2.74514,1,-5.97036,-8.99662,-5.97036,-7.58723,-9.29619,-7.58722,-10.7378,-12.0399,-10.7378,-12.4428,-14.0335,-12.4428
Y20D,-2.82823,1,-8.50797,-11.2251,-8.50797,-10.5838,-12.416,-10.5838,-11.6002,-12.6692,-11.6002,-11.8988,-13.8824,-11.8988
Y20E,-2.82276,1,-6.44449,-9.58151,-6.44449,-9.09035,-10.7967,-9.09034,-12.3768,-13.9747,-12.3768,-12.8316,-14.3927,-12.8316
Y20F,-0.746434,1,-2.25332,-4.62108,-2.25332,-2.91141,-5.57324,-2.91141,-2.61004,-5.23087,-2.61004,-3.24006,-5.97473,-3.24006
Y20G,-3.2053,1,-6.75326,-9.81444,-6.75326,-9.03925,-10.8652,-9.03924,-12.0299,-13.4357,-12.0299,-12.2727,-14.1684,-12.2727
Y20H,-2.22132,1,-4.63017,-7.4413,-4.63017,-5.12353,-7.4056,-5.12353,-7.44487,-9.33405,-7.44487,-8.22646,-10.178,-8.22646
Y20I,-2.63613,1,-5.11889,-8.13686,-5.11888,-6.91368,-8.86348,-6.91367,-10.2009,-12.0334,-10.2009,-10.2922,-12.0937,-10.2922
Y20K,-2.53017,1,-4.79114,-8.08524,-4.79114,-6.11202,-7.78457,-6.112,-11.9034,-13.6665,-11.9034,-12.2384,-13.5982,-12.2384
Y20L,-2.36307,1,-4.59751,-7.78368,-4.59751,-5.82773,-8.0694,-5.82772,-9.30297,-11.4904,-9.30297,-8.49838,-10.5652,-8.49838
Y20M,-2.52091,1,-6.59056,-9.73449,-6.59055,-7.33049,-9.45649,-7.33048,-10.6852,-12.9999,-10.6852,-11.1893,-12.8968,-11.1893
Y20N,-3.07615,1,-7.51763,-10.4283,-7.51763,-8.43675,-10.2814,-8.43675,-10.4103,-12.0643,-10.4103,-10.2483,-11.8935,-10.2483
Y20P,-2.53491,1,-8.33126,-10.5361,-8.33126,-11.9997,-13.4257,-11.9997,-13.0566,-14.0383,-13.0566,-11.7262,-12.695,-11.7262
Y20Q,-2.79426,1,-6.27816,-9.39789,-6.27815,-8.19478,-9.84275,-8.19477,-11.574,-13.3033,-11.574,-11.5545,-13.0035,-11.5545
Y20R,-2.50391,1,-4.59362,-7.97092,-4.59361,-5.9639,-7.85,-5.96389,-10.3187,-11.8334,-10.3187,-11.086,-12.7657,-11.086
Y20S,-2.90979,1,-5.92752,-9.21673,-5.92751,-8.09066,-9.69831,-8.09064,-10.0905,-11.7799,-10.0905,-9.69143,-11.5177,-9.69143
Y20V,-3.38426,1,-4.90931,-7.98143,-4.9093,-6.75547,-8.77305,-6.75546,-10.7339,-12.5439,-10.7339,-10.7127,-12.3961,-10.7127
Y20W,0.704449,1,-4.64293,-7.51548,-4.64293,-4.1451,-7.24359,-4.14509,-3.51475,-6.39622,-3.51476,-7.81244,-10.0329,-7.81244
Y21A,-1.56132,1,-4.87293,-8.01344,-4.87293,-5.14942,-5.37497,-5.14942,-6.05558,-9.14132,-6.05559,-7.72133,-9.18177,-7.72133
Y21D,-2.34582,1,-6.86436,-9.33977,-6.86436,-10.6979,-12.6101,-10.6979,-10.9402,-13.3082,-10.9402,-9.62393,-11.4164,-9.62392
Y21E,-1.40222,1,-6.43608,-9.32984,-6.43607,-8.05339,-10.1413,-8.05339,-9.21781,-12.1614,-9.21781,-10.7554,-12.2689,-10.7554
Y21F,0.0382098,1,-1.91652,-4.5895,-1.91653,-1.73652,-3.92963,-1.73651,-2.40852,-5.94652,-2.40852,-3.36126,-6.67182,-3.36126
Y21G,-2.02839,1,-6.8881,-9.72389,-6.8881,-7.42313,-8.15183,-7.42313,-6.17095,-9.05082,-6.17096,-8.91257,-10.3109,-8.91257
Y21H,-0.763768,1,-3.98195,-6.86668,-3.98195,-3.04933,-5.58309,-3.04933,-3.24654,-6.34148,-3.24654,-2.70668,-5.44197,-2.70669
Y21I,-0.220084,1,-4.33591,-6.92254,-4.33591,-5.00513,-7.33552,-5.00514,-7.3334,-10.6735,-7.33341,-7.94456,-10.4919,-7.94456
Y21K,-0.674297,1,-5.75589,-8.44901,-5.75589,-6.09035,-8.37393,-6.09035,-6.76326,-9.90415,-6.76327,-8.41345,-10.596,-8.41346
Y21L,-0.474013,1,-4.13694,-6.62901,-4.13694,-4.50844,-6.60365,-4.50844,-6.40152,-9.63195,-6.40152,-7.46775,-9.73736,-7.46775
Y21M,-0.646903,1,-5.13744,-7.67591,-5.13744,-6.34827,-8.65999,-6.34827,-7.16534,-10.2845,-7.16534,-8.88522,-11.0691,-8.88522
Y21N,-2.06978,1,-7.00814,-9.49516,-7.00813,-6.94384,-8.75109,-6.94384,-7.52726,-10.6251,-7.52726,-7.00213,-9.31242,-7.00213
Y21P,-2.64984,1,-8.22384,-10.6966,-8.22383,-9.96818,-11.2973,-9.96819,-14.2127,-16.0899,-14.2127,-11.2254,-12.6449,-11.2254
Y21Q,-0.803318,1,-5.92349,-8.82555,-5.92349,-6.27743,-8.41596,-6.27744,-7.17572,-9.89778,-7.17572,-8.33529,-10.285,-8.33529
Y21R,-0.661001,1,-5.58927,-8.43707,-5.58928,-5.62605,-8.00819,-5.62605,-6.53028,-9.41228,-6.53029,-7.44039,-9.62374,-7.4404
Y21S,-1.4515,1,-6.5752,-9.4856,-6.5752,-6.48132,-7.84131,-6.48132,-6.63999,-9.58134,-6.63999,-6.58107,-8.85758,-6.58107
Y21T,-0.717201,1,-6.41038,-9.20899,-6.41038,-6.48341,-8.26936,-6.48342,-7.1973,-10.3384,-7.19731,-8.17837,-10.3399,-8.17836
Y21V,0.0341177,1,-4.28099,-7.06278,-4.28099,-3.70294,-5.74888,-3.70295,-5.70109,-9.22821,-5.70109,-6.59602,-9.0436,-6.59601
Y21W,-0.401248,1,-2.75052,-5.95352,-2.75051,-1.12458,-4.98712,-1.12458,-3.90965,-7.46716,-3.90965,-7.07075,-9.31736,-7.07074
